2026-02-20 18:47:46,428 [INFO] Loading YOLO model from /home/raspberrypi/cocoon_system/cocoon/models/cocoon_model_v2.pt...
2026-02-20 18:47:46,559 [INFO] YOLO Model loaded successfully.
2026-02-20 18:47:46,560 [INFO] MotorSystem initialized (2 drivers, 4 motors).
2026-02-22 17:32:41,820 [INFO] Loading YOLO model from /home/raspberrypi/cocoon_system/cocoon/models/cocoon_model_v2.pt...
2026-02-22 17:32:42,104 [INFO] YOLO Model loaded successfully.
2026-02-22 17:32:42,105 [INFO] MotorSystem initialized (2 drivers, 4 motors).
2026-02-22 17:33:27,287 [INFO] Loading YOLO model from /home/raspberrypi/cocoon_system/cocoon/models/cocoon_model_v2.pt...
2026-02-22 17:33:27,421 [INFO] YOLO Model loaded successfully.
2026-02-22 17:33:27,422 [INFO] MotorSystem initialized (2 drivers, 4 motors).
2026-02-22 17:33:27,423 [INFO] Buttons initialized using polling (no edge detection).
2026-02-22 17:33:27,424 [INFO] System booting...
2026-02-22 17:33:27,424 [INFO] Waiting for START button...
2026-02-22 17:33:27,424 [INFO] Waiting for START button...
2026-02-22 17:33:36,639 [INFO] START button pressed.
2026-02-22 17:33:36,639 [INFO] Start signal received.
2026-02-22 17:34:45,549 [INFO] Loading YOLO model from /home/raspberrypi/cocoon_system/cocoon/models/cocoon_model_v2.pt...
2026-02-22 17:34:45,681 [INFO] YOLO Model loaded successfully.
2026-02-22 17:34:45,682 [INFO] MotorSystem initialized (2 drivers, 4 motors).
2026-02-22 17:34:45,683 [INFO] Buttons initialized using polling (no edge detection).
2026-02-22 17:34:45,684 [INFO] System booting...
2026-02-22 17:34:45,684 [INFO] Waiting for START button...
2026-02-22 17:34:45,684 [INFO] Waiting for START button...
2026-02-22 17:34:51,392 [INFO] START button pressed.
2026-02-22 17:34:51,393 [INFO] Start signal received.
2026-02-22 17:34:51,394 [INFO] System state: RUNNING
2026-02-22 17:34:51,394 [INFO] START pressed. Running main loop.
2026-02-22 17:34:51,395 [INFO] All systems operational.
2026-02-22 17:34:51,396 [ERROR] Unexpected error: 'MotorSystem' object has no attribute 'set_position'
Traceback (most recent call last):
  File "/home/raspberrypi/cocoon_system/main.py", line 108, in main
    run_main_loop(button_controller)
  File "/home/raspberrypi/cocoon_system/main.py", line 39, in run_main_loop
    motor_system.set_position("FORWARD")
    ^^^^^^^^^^^^^^^^^^^^^^^^^
AttributeError: 'MotorSystem' object has no attribute 'set_position'
2026-02-22 17:34:51,399 [INFO] System state: IDLE
2026-02-22 17:34:51,400 [INFO] Button states reset.
2026-02-22 17:34:51,401 [INFO] System reset. Waiting for next START.
2026-02-22 17:34:51,902 [INFO] Waiting for START button...
2026-02-22 17:34:51,903 [INFO] Waiting for START button...
2026-02-22 17:35:08,171 [INFO] START button pressed.
2026-02-22 17:35:08,172 [INFO] Start signal received.
2026-02-22 17:35:08,172 [INFO] System state: RUNNING
2026-02-22 17:35:08,172 [INFO] START pressed. Running main loop.
2026-02-22 17:35:08,172 [INFO] All systems operational.
2026-02-22 17:35:08,173 [ERROR] Unexpected error: 'MotorSystem' object has no attribute 'set_position'
Traceback (most recent call last):
  File "/home/raspberrypi/cocoon_system/main.py", line 108, in main
    run_main_loop(button_controller)
  File "/home/raspberrypi/cocoon_system/main.py", line 39, in run_main_loop
    motor_system.set_position("FORWARD")
    ^^^^^^^^^^^^^^^^^^^^^^^^^
AttributeError: 'MotorSystem' object has no attribute 'set_position'
2026-02-22 17:35:08,174 [INFO] System state: IDLE
2026-02-22 17:35:08,174 [INFO] Button states reset.
2026-02-22 17:35:08,174 [INFO] System reset. Waiting for next START.
2026-02-22 17:35:08,675 [INFO] Waiting for START button...
2026-02-22 17:35:08,675 [INFO] Waiting for START button...
2026-02-22 17:35:13,781 [INFO] START button pressed.
2026-02-22 17:35:13,806 [INFO] Start signal received.
2026-02-22 17:35:13,807 [INFO] System state: RUNNING
2026-02-22 17:35:13,807 [INFO] START pressed. Running main loop.
2026-02-22 17:35:13,808 [INFO] All systems operational.
2026-02-22 17:35:13,808 [ERROR] Unexpected error: 'MotorSystem' object has no attribute 'set_position'
Traceback (most recent call last):
  File "/home/raspberrypi/cocoon_system/main.py", line 108, in main
    run_main_loop(button_controller)
  File "/home/raspberrypi/cocoon_system/main.py", line 39, in run_main_loop
    motor_system.set_position("FORWARD")
    ^^^^^^^^^^^^^^^^^^^^^^^^^
AttributeError: 'MotorSystem' object has no attribute 'set_position'
2026-02-22 17:35:13,810 [INFO] System state: IDLE
2026-02-22 17:35:13,810 [INFO] Button states reset.
2026-02-22 17:35:13,811 [INFO] System reset. Waiting for next START.
2026-02-22 17:35:14,311 [INFO] Waiting for START button...
2026-02-22 17:35:14,312 [INFO] Waiting for START button...
2026-02-22 17:36:29,071 [WARNING] Program terminated by user.
2026-02-22 17:36:29,072 [INFO] Button GPIO cleaned up.
2026-02-22 17:36:29,072 [INFO] GPIO cleaned up. Program exited safely.
2026-02-22 17:36:43,109 [INFO] Loading YOLO model from /home/raspberrypi/cocoon_system/cocoon/models/cocoon_model_v2.pt...
2026-02-22 17:36:43,241 [INFO] YOLO Model loaded successfully.
2026-02-22 17:36:43,242 [INFO] MotorSystem initialized (2 drivers, 4 motors).
2026-02-22 17:36:43,243 [INFO] Buttons initialized using polling (no edge detection).
2026-02-22 17:36:43,243 [INFO] System booting...
2026-02-22 17:36:43,243 [INFO] Waiting for START button...
2026-02-22 17:36:43,244 [INFO] Waiting for START button...
2026-02-22 17:36:47,549 [INFO] START button pressed.
2026-02-22 17:36:47,550 [INFO] Start signal received.
2026-02-22 17:36:47,550 [INFO] System state: RUNNING
2026-02-22 17:36:47,551 [INFO] START pressed. Running main loop.
2026-02-22 17:36:47,551 [INFO] All systems operational.
2026-02-22 17:36:47,551 [INFO] Direction set to FORWARD
2026-02-22 17:36:47,551 [ERROR] Unexpected error: module 'cocoon.inference' has no attribute 'run_inference'
Traceback (most recent call last):
  File "/home/raspberrypi/cocoon_system/main.py", line 108, in main
    run_main_loop(button_controller)
  File "/home/raspberrypi/cocoon_system/main.py", line 42, in run_main_loop
    results = inference.run_inference()
              ^^^^^^^^^^^^^^^^^^^^^^^
AttributeError: module 'cocoon.inference' has no attribute 'run_inference'
2026-02-22 17:36:47,553 [INFO] System state: IDLE
2026-02-22 17:36:47,553 [INFO] Button states reset.
2026-02-22 17:36:47,553 [INFO] System reset. Waiting for next START.
2026-02-22 17:36:48,054 [INFO] Waiting for START button...
2026-02-22 17:36:48,054 [INFO] Waiting for START button...
2026-02-22 17:37:01,073 [WARNING] STOP button pressed but no script is running.
2026-02-22 17:37:02,828 [INFO] START button pressed.
2026-02-22 17:37:02,828 [INFO] Start signal received.
2026-02-22 17:37:02,829 [INFO] System state: RUNNING
2026-02-22 17:37:02,830 [INFO] START pressed. Running main loop.
2026-02-22 17:37:02,830 [INFO] All systems operational.
2026-02-22 17:37:02,830 [INFO] Direction set to FORWARD
2026-02-22 17:37:02,831 [ERROR] Unexpected error: module 'cocoon.inference' has no attribute 'run_inference'
Traceback (most recent call last):
  File "/home/raspberrypi/cocoon_system/main.py", line 108, in main
    run_main_loop(button_controller)
  File "/home/raspberrypi/cocoon_system/main.py", line 42, in run_main_loop
    results = inference.run_inference()
              ^^^^^^^^^^^^^^^^^^^^^^^
AttributeError: module 'cocoon.inference' has no attribute 'run_inference'
2026-02-22 17:37:02,832 [INFO] System state: IDLE
2026-02-22 17:37:02,833 [INFO] Button states reset.
2026-02-22 17:37:02,835 [INFO] System reset. Waiting for next START.
2026-02-22 17:37:03,335 [INFO] Waiting for START button...
2026-02-22 17:37:03,336 [INFO] Waiting for START button...
2026-02-22 17:38:22,992 [WARNING] Program terminated by user.
2026-02-22 17:38:22,993 [INFO] Button GPIO cleaned up.
2026-02-22 17:38:22,994 [INFO] GPIO cleaned up. Program exited safely.
2026-02-22 17:38:34,851 [INFO] Loading YOLO model from /home/raspberrypi/cocoon_system/cocoon/models/cocoon_model_v2.pt...
2026-02-22 17:38:34,983 [INFO] YOLO Model loaded successfully.
2026-02-22 17:38:34,984 [INFO] MotorSystem initialized (2 drivers, 4 motors).
2026-02-22 17:38:34,985 [INFO] Buttons initialized using polling (no edge detection).
2026-02-22 17:38:34,986 [INFO] System booting...
2026-02-22 17:38:34,986 [INFO] Waiting for START button...
2026-02-22 17:38:34,986 [INFO] Waiting for START button...
2026-02-22 17:38:38,290 [INFO] START button pressed.
2026-02-22 17:38:38,291 [INFO] Start signal received.
2026-02-22 17:38:38,291 [INFO] System state: RUNNING
2026-02-22 17:38:38,292 [INFO] START pressed. Running main loop.
2026-02-22 17:38:38,292 [INFO] All systems operational.
2026-02-22 17:38:38,292 [INFO] Direction set to FORWARD
2026-02-22 17:38:38,293 [INFO] Opening camera interface...
2026-02-22 17:38:38,366 [ERROR] Could not access the camera. Check ribbon cable or USB connection.
2026-02-22 17:38:38,366 [INFO] Inference completed.
2026-02-22 17:38:38,367 [INFO] Cycle 1 / 12 started
2026-02-22 17:38:38,368 [ERROR] Unexpected error: 0
Traceback (most recent call last):
  File "/home/raspberrypi/cocoon_system/main.py", line 108, in main
    run_main_loop(button_controller)
  File "/home/raspberrypi/cocoon_system/main.py", line 56, in run_main_loop
    servo_array = results[i]
                  ~~~~~~~^^^
KeyError: 0
2026-02-22 17:38:38,371 [INFO] System state: IDLE
2026-02-22 17:38:38,372 [INFO] Button states reset.
2026-02-22 17:38:38,372 [INFO] System reset. Waiting for next START.
2026-02-22 17:38:38,873 [INFO] Waiting for START button...
2026-02-22 17:38:38,874 [INFO] Waiting for START button...
2026-02-22 17:39:33,702 [WARNING] Program terminated by user.
2026-02-22 17:39:33,702 [INFO] Button GPIO cleaned up.
2026-02-22 17:39:33,703 [INFO] GPIO cleaned up. Program exited safely.
2026-02-22 17:39:46,813 [INFO] Loading YOLO model from /home/raspberrypi/cocoon_system/cocoon/models/cocoon_model_v2.pt...
2026-02-22 17:39:46,951 [INFO] YOLO Model loaded successfully.
2026-02-22 17:39:46,952 [INFO] MotorSystem initialized (2 drivers, 4 motors).
2026-02-22 17:39:46,953 [INFO] Buttons initialized using polling (no edge detection).
2026-02-22 17:39:46,954 [INFO] System booting...
2026-02-22 17:39:46,954 [INFO] Waiting for START button...
2026-02-22 17:39:46,954 [INFO] Waiting for START button...
2026-02-22 17:39:49,858 [INFO] START button pressed.
2026-02-22 17:39:49,858 [INFO] Start signal received.
2026-02-22 17:39:49,858 [INFO] System state: RUNNING
2026-02-22 17:39:49,859 [INFO] START pressed. Running main loop.
2026-02-22 17:39:49,859 [INFO] All systems operational.
2026-02-22 17:39:49,859 [INFO] Direction set to FORWARD
2026-02-22 17:39:49,859 [INFO] Opening camera interface...
2026-02-22 17:39:49,868 [ERROR] Could not access the camera. Check ribbon cable or USB connection.
2026-02-22 17:39:49,870 [INFO] Inference completed.
2026-02-22 17:39:49,870 [INFO] Cycle 1 / 12 started
2026-02-22 17:39:49,872 [ERROR] Unexpected error: 0
Traceback (most recent call last):
  File "/home/raspberrypi/cocoon_system/main.py", line 110, in main
    run_main_loop(button_controller)
  File "/home/raspberrypi/cocoon_system/main.py", line 58, in run_main_loop
    servo_array = results[i]
                  ~~~~~~~^^^
KeyError: 0
2026-02-22 17:39:49,874 [INFO] System state: IDLE
2026-02-22 17:39:49,874 [INFO] Button states reset.
2026-02-22 17:39:49,876 [INFO] System reset. Waiting for next START.
2026-02-22 17:39:50,376 [INFO] Waiting for START button...
2026-02-22 17:39:50,377 [INFO] Waiting for START button...
2026-02-22 17:41:35,857 [WARNING] Program terminated by user.
2026-02-22 17:41:35,859 [INFO] Button GPIO cleaned up.
2026-02-22 17:41:35,869 [INFO] GPIO cleaned up. Program exited safely.
2026-02-22 17:41:47,763 [INFO] Loading YOLO model from /home/raspberrypi/cocoon_system/cocoon/models/cocoon_model_v2.pt...
2026-02-22 17:41:47,893 [INFO] YOLO Model loaded successfully.
2026-02-22 17:41:47,894 [INFO] MotorSystem initialized (2 drivers, 4 motors).
2026-02-22 17:41:47,895 [INFO] Buttons initialized using polling (no edge detection).
2026-02-22 17:41:47,896 [INFO] System booting...
2026-02-22 17:41:47,896 [INFO] Waiting for START button...
2026-02-22 17:41:47,896 [INFO] Waiting for START button...
2026-02-22 17:42:01,917 [INFO] START button pressed.
2026-02-22 17:42:01,917 [INFO] Start signal received.
2026-02-22 17:42:01,918 [INFO] System state: RUNNING
2026-02-22 17:42:01,918 [INFO] START pressed. Running main loop.
2026-02-22 17:42:01,919 [INFO] All systems operational.
2026-02-22 17:42:01,919 [INFO] Direction set to FORWARD
2026-02-22 17:42:01,920 [INFO] Opening camera interface...
2026-02-22 17:42:01,934 [ERROR] Could not access the camera. Check ribbon cable or USB connection.
2026-02-22 17:42:01,934 [INFO] Inference completed.
2026-02-22 17:42:01,935 [INFO] Cycle 1 / 12 started
2026-02-22 17:42:01,936 [ERROR] Unexpected error: 0
Traceback (most recent call last):
  File "/home/raspberrypi/cocoon_system/main.py", line 110, in main
    run_main_loop(button_controller)
  File "/home/raspberrypi/cocoon_system/main.py", line 58, in run_main_loop
    servo_array = results[i]
                  ~~~~~~~^^^
KeyError: 0
2026-02-22 17:42:01,939 [INFO] System state: IDLE
2026-02-22 17:42:01,939 [INFO] Button states reset.
2026-02-22 17:42:01,940 [INFO] System reset. Waiting for next START.
2026-02-22 17:42:02,440 [INFO] Waiting for START button...
2026-02-22 17:42:02,441 [INFO] Waiting for START button...
2026-02-22 17:42:23,752 [INFO] START button pressed.
2026-02-22 17:42:23,753 [INFO] Start signal received.
2026-02-22 17:42:23,753 [INFO] System state: RUNNING
2026-02-22 17:42:23,754 [INFO] START pressed. Running main loop.
2026-02-22 17:42:23,754 [INFO] All systems operational.
2026-02-22 17:42:23,755 [INFO] Direction set to FORWARD
2026-02-22 17:42:23,755 [INFO] Opening camera interface...
2026-02-22 17:42:23,767 [ERROR] Could not access the camera. Check ribbon cable or USB connection.
2026-02-22 17:42:23,768 [INFO] Inference completed.
2026-02-22 17:42:23,769 [INFO] Cycle 1 / 12 started
2026-02-22 17:42:23,769 [ERROR] Unexpected error: 0
Traceback (most recent call last):
  File "/home/raspberrypi/cocoon_system/main.py", line 110, in main
    run_main_loop(button_controller)
  File "/home/raspberrypi/cocoon_system/main.py", line 58, in run_main_loop
    servo_array = results[i]
                  ~~~~~~~^^^
KeyError: 0
2026-02-22 17:42:23,772 [INFO] System state: IDLE
2026-02-22 17:42:23,772 [INFO] Button states reset.
2026-02-22 17:42:23,773 [INFO] System reset. Waiting for next START.
2026-02-22 17:42:24,273 [INFO] Waiting for START button...
2026-02-22 17:42:24,274 [INFO] Waiting for START button...
2026-02-22 17:43:03,069 [WARNING] Program terminated by user.
2026-02-22 17:43:03,070 [INFO] Button GPIO cleaned up.
2026-02-22 17:43:03,078 [INFO] GPIO cleaned up. Program exited safely.
2026-02-22 17:45:27,911 [INFO] Loading YOLO model from /home/raspberrypi/cocoon_system/cocoon/models/cocoon_model_v2.pt...
2026-02-22 17:45:28,183 [INFO] YOLO Model loaded successfully.
2026-02-22 17:45:28,184 [INFO] MotorSystem initialized (2 drivers, 4 motors).
2026-02-22 17:45:28,185 [INFO] Buttons initialized using polling (no edge detection).
2026-02-22 17:45:28,186 [INFO] System booting...
2026-02-22 17:45:28,186 [INFO] Waiting for START button...
2026-02-22 17:45:28,186 [INFO] Waiting for START button...
2026-02-22 17:45:33,243 [INFO] START button pressed.
2026-02-22 17:45:33,243 [INFO] Start signal received.
2026-02-22 17:45:33,244 [INFO] System state: RUNNING
2026-02-22 17:45:33,245 [INFO] START pressed. Running main loop.
2026-02-22 17:45:33,245 [INFO] All systems operational.
2026-02-22 17:45:33,245 [INFO] Direction set to FORWARD
2026-02-22 17:45:33,246 [INFO] Opening camera interface...
2026-02-22 17:45:36,751 [INFO] Image captured successfully.
2026-02-22 17:45:36,825 [INFO] Captured frame saved: /home/raspberrypi/cocoon_system/cocoon/../output/frame_20260222_174536.jpg
2026-02-22 17:45:36,825 [INFO] Running YOLO Inference on captured frame...
2026-02-22 17:45:38,565 [INFO] Inferred frame saved: /home/raspberrypi/cocoon_system/cocoon/../output/frame_inferred_20260222_174536.jpg
2026-02-22 17:45:38,566 [INFO] Grid mapping and classification complete.
2026-02-22 17:45:38,566 [INFO] Inference completed.
2026-02-22 17:45:38,567 [INFO] Cycle 1 / 12 started
2026-02-22 17:45:38,567 [ERROR] Unexpected error: 0
Traceback (most recent call last):
  File "/home/raspberrypi/cocoon_system/main.py", line 110, in main
    run_main_loop(button_controller)
  File "/home/raspberrypi/cocoon_system/main.py", line 58, in run_main_loop
    servo_array = results[i]
                  ~~~~~~~^^^
KeyError: 0
2026-02-22 17:45:38,568 [INFO] System state: IDLE
2026-02-22 17:45:38,569 [INFO] Button states reset.
2026-02-22 17:45:38,569 [INFO] System reset. Waiting for next START.
2026-02-22 17:45:39,069 [INFO] Waiting for START button...
2026-02-22 17:45:39,070 [INFO] Waiting for START button...
2026-02-22 17:46:01,951 [WARNING] Program terminated by user.
2026-02-22 17:46:01,951 [INFO] Button GPIO cleaned up.
2026-02-22 17:46:01,952 [INFO] GPIO cleaned up. Program exited safely.
2026-02-22 17:46:22,501 [INFO] Loading YOLO model from /home/raspberrypi/cocoon_system/cocoon/models/cocoon_model_v2.pt...
2026-02-22 17:46:22,632 [INFO] YOLO Model loaded successfully.
2026-02-22 17:46:22,633 [INFO] MotorSystem initialized (2 drivers, 4 motors).
2026-02-22 17:46:22,634 [INFO] Buttons initialized using polling (no edge detection).
2026-02-22 17:46:22,634 [INFO] System booting...
2026-02-22 17:46:22,635 [INFO] Waiting for START button...
2026-02-22 17:46:22,635 [INFO] Waiting for START button...
2026-02-22 17:46:25,288 [INFO] START button pressed.
2026-02-22 17:46:25,294 [INFO] Start signal received.
2026-02-22 17:46:25,294 [INFO] System state: RUNNING
2026-02-22 17:46:25,294 [INFO] START pressed. Running main loop.
2026-02-22 17:46:25,295 [INFO] All systems operational.
2026-02-22 17:46:25,295 [INFO] Direction set to FORWARD
2026-02-22 17:46:25,295 [INFO] Opening camera interface...
2026-02-22 17:46:28,792 [INFO] Image captured successfully.
2026-02-22 17:46:28,845 [INFO] Captured frame saved: /home/raspberrypi/cocoon_system/cocoon/../output/frame_20260222_174628.jpg
2026-02-22 17:46:28,845 [INFO] Running YOLO Inference on captured frame...
2026-02-22 17:46:30,273 [INFO] Inferred frame saved: /home/raspberrypi/cocoon_system/cocoon/../output/frame_inferred_20260222_174628.jpg
2026-02-22 17:46:30,274 [INFO] Grid mapping and classification complete.
2026-02-22 17:46:30,274 [INFO] Inference completed.
2026-02-22 17:46:30,274 [INFO] Cycle 1 / 12 started
2026-02-22 17:46:30,275 [INFO] Starting servo for cycle 1
2026-02-22 17:46:30,275 [INFO] Servo finished for cycle 1
2026-02-22 17:46:33,275 [INFO] Starting motor for cycle 1
2026-02-22 17:46:33,359 [INFO] Motor finished for cycle 1
2026-02-22 17:46:36,359 [INFO] Cycle 2 / 12 started
2026-02-22 17:46:36,359 [INFO] Starting servo for cycle 2
2026-02-22 17:46:36,360 [INFO] Servo finished for cycle 2
2026-02-22 17:46:39,360 [INFO] Starting motor for cycle 2
2026-02-22 17:46:39,444 [INFO] Motor finished for cycle 2
2026-02-22 17:46:42,445 [INFO] Cycle 3 / 12 started
2026-02-22 17:46:42,446 [INFO] Starting servo for cycle 3
2026-02-22 17:46:42,446 [INFO] Servo finished for cycle 3
2026-02-22 17:46:45,447 [INFO] Starting motor for cycle 3
2026-02-22 17:46:45,530 [INFO] Motor finished for cycle 3
2026-02-22 17:46:48,531 [INFO] Cycle 4 / 12 started
2026-02-22 17:46:48,532 [INFO] Starting servo for cycle 4
2026-02-22 17:46:48,532 [INFO] Servo finished for cycle 4
2026-02-22 17:46:51,533 [INFO] Starting motor for cycle 4
2026-02-22 17:46:51,616 [INFO] Motor finished for cycle 4
2026-02-22 17:46:54,617 [INFO] Cycle 5 / 12 started
2026-02-22 17:46:54,617 [INFO] Starting servo for cycle 5
2026-02-22 17:46:54,617 [INFO] Servo finished for cycle 5
2026-02-22 17:46:57,617 [INFO] Starting motor for cycle 5
2026-02-22 17:46:57,701 [INFO] Motor finished for cycle 5
2026-02-22 17:47:00,701 [INFO] Cycle 6 / 12 started
2026-02-22 17:47:00,702 [INFO] Starting servo for cycle 6
2026-02-22 17:47:00,702 [INFO] Servo finished for cycle 6
2026-02-22 17:47:03,702 [INFO] Starting motor for cycle 6
2026-02-22 17:47:03,702 [INFO] Halfway point reached. Running motor for extended duration.
2026-02-22 17:47:03,793 [INFO] Motor finished for cycle 6
2026-02-22 17:47:06,794 [INFO] Cycle 7 / 12 started
2026-02-22 17:47:06,794 [INFO] Starting servo for cycle 7
2026-02-22 17:47:06,794 [INFO] Servo finished for cycle 7
2026-02-22 17:47:09,794 [INFO] Starting motor for cycle 7
2026-02-22 17:47:09,878 [INFO] Motor finished for cycle 7
2026-02-22 17:47:12,879 [INFO] Cycle 8 / 12 started
2026-02-22 17:47:12,879 [INFO] Starting servo for cycle 8
2026-02-22 17:47:12,879 [INFO] Servo finished for cycle 8
2026-02-22 17:47:15,881 [INFO] Starting motor for cycle 8
2026-02-22 17:47:15,964 [INFO] Motor finished for cycle 8
2026-02-22 17:47:18,965 [INFO] Cycle 9 / 12 started
2026-02-22 17:47:18,965 [INFO] Starting servo for cycle 9
2026-02-22 17:47:18,965 [INFO] Servo finished for cycle 9
2026-02-22 17:47:21,965 [INFO] Starting motor for cycle 9
2026-02-22 17:47:22,049 [INFO] Motor finished for cycle 9
2026-02-22 17:47:25,049 [INFO] Cycle 10 / 12 started
2026-02-22 17:47:25,050 [INFO] Starting servo for cycle 10
2026-02-22 17:47:25,050 [INFO] Servo finished for cycle 10
2026-02-22 17:47:28,050 [INFO] Starting motor for cycle 10
2026-02-22 17:47:28,134 [INFO] Motor finished for cycle 10
2026-02-22 17:47:31,134 [INFO] Cycle 11 / 12 started
2026-02-22 17:47:31,135 [INFO] Starting servo for cycle 11
2026-02-22 17:47:31,135 [INFO] Servo finished for cycle 11
2026-02-22 17:47:34,136 [INFO] Starting motor for cycle 11
2026-02-22 17:47:34,219 [INFO] Motor finished for cycle 11
2026-02-22 17:47:37,220 [INFO] Cycle 12 / 12 started
2026-02-22 17:47:37,221 [INFO] Starting servo for cycle 12
2026-02-22 17:47:37,221 [INFO] Servo finished for cycle 12
2026-02-22 17:47:40,221 [INFO] Last cycle reached. Motor will not run.
2026-02-22 17:47:40,221 [INFO] Direction set to BACKWARD
2026-02-22 17:47:40,221 [INFO] Run completed safely.
2026-02-22 17:47:40,222 [INFO] System state: IDLE
2026-02-22 17:47:40,222 [INFO] Button states reset.
2026-02-22 17:47:40,222 [INFO] System reset. Waiting for next START.
2026-02-22 17:47:40,722 [INFO] Waiting for START button...
2026-02-22 17:47:40,722 [INFO] Waiting for START button...
2026-02-22 17:47:54,892 [WARNING] Program terminated by user.
2026-02-22 17:47:54,892 [INFO] Button GPIO cleaned up.
2026-02-22 17:47:54,893 [INFO] GPIO cleaned up. Program exited safely.
2026-02-22 17:48:24,166 [INFO] Loading YOLO model from /home/raspberrypi/cocoon_system/cocoon/models/cocoon_model_v2.pt...
2026-02-22 17:48:24,298 [INFO] YOLO Model loaded successfully.
2026-02-22 17:48:24,299 [INFO] MotorSystem initialized (2 drivers, 4 motors).
2026-02-22 17:48:24,300 [INFO] Buttons initialized using polling (no edge detection).
2026-02-22 17:48:24,301 [INFO] System booting...
2026-02-22 17:48:24,301 [INFO] Waiting for START button...
2026-02-22 17:48:24,301 [INFO] Waiting for START button...
2026-02-22 17:48:34,367 [INFO] START button pressed.
2026-02-22 17:48:34,367 [INFO] Start signal received.
2026-02-22 17:48:34,367 [INFO] System state: RUNNING
2026-02-22 17:48:34,368 [INFO] START pressed. Running main loop.
2026-02-22 17:48:34,368 [INFO] All systems operational.
2026-02-22 17:48:34,368 [INFO] Direction set to FORWARD
2026-02-22 17:48:34,368 [INFO] Opening camera interface...
2026-02-22 17:48:37,558 [INFO] Image captured successfully.
2026-02-22 17:48:37,587 [INFO] Captured frame saved: /home/raspberrypi/cocoon_system/cocoon/../output/frame_20260222_174837.jpg
2026-02-22 17:48:37,587 [INFO] Running YOLO Inference on captured frame...
2026-02-22 17:48:38,962 [INFO] Inferred frame saved: /home/raspberrypi/cocoon_system/cocoon/../output/frame_inferred_20260222_174837.jpg
2026-02-22 17:48:38,962 [INFO] Grid mapping and classification complete.
2026-02-22 17:48:38,962 [INFO] Inference completed.
2026-02-22 17:48:38,963 [INFO] Cycle 1 / 12 started
2026-02-22 17:48:38,963 [INFO] Starting servo for cycle 1
2026-02-22 17:48:38,963 [INFO] Servo finished for cycle 1
2026-02-22 17:48:39,963 [INFO] Starting motor for cycle 1
2026-02-22 17:48:40,047 [INFO] Motor finished for cycle 1
2026-02-22 17:48:41,047 [INFO] Cycle 2 / 12 started
2026-02-22 17:48:41,048 [INFO] Starting servo for cycle 2
2026-02-22 17:48:41,048 [INFO] Servo finished for cycle 2
2026-02-22 17:48:42,049 [INFO] Starting motor for cycle 2
2026-02-22 17:48:42,132 [INFO] Motor finished for cycle 2
2026-02-22 17:48:43,133 [INFO] Cycle 3 / 12 started
2026-02-22 17:48:43,133 [INFO] Starting servo for cycle 3
2026-02-22 17:48:43,133 [INFO] Servo finished for cycle 3
2026-02-22 17:48:44,133 [INFO] Starting motor for cycle 3
2026-02-22 17:48:44,217 [INFO] Motor finished for cycle 3
2026-02-22 17:48:45,218 [INFO] Cycle 4 / 12 started
2026-02-22 17:48:45,219 [INFO] Starting servo for cycle 4
2026-02-22 17:48:45,219 [INFO] Servo finished for cycle 4
2026-02-22 17:48:46,220 [INFO] Starting motor for cycle 4
2026-02-22 17:48:46,303 [INFO] Motor finished for cycle 4
2026-02-22 17:48:47,304 [INFO] Cycle 5 / 12 started
2026-02-22 17:48:47,304 [INFO] Starting servo for cycle 5
2026-02-22 17:48:47,304 [INFO] Servo finished for cycle 5
2026-02-22 17:48:48,305 [INFO] Starting motor for cycle 5
2026-02-22 17:48:48,388 [INFO] Motor finished for cycle 5
2026-02-22 17:48:49,389 [INFO] Cycle 6 / 12 started
2026-02-22 17:48:49,389 [INFO] Starting servo for cycle 6
2026-02-22 17:48:49,389 [INFO] Servo finished for cycle 6
2026-02-22 17:48:49,701 [WARNING] FORCE STOP button pressed!
2026-02-22 17:48:50,390 [INFO] Starting motor for cycle 6
2026-02-22 17:48:50,392 [INFO] Halfway point reached. Running motor for extended duration.
2026-02-22 17:48:50,482 [INFO] Motor finished for cycle 6
2026-02-22 17:48:51,484 [INFO] Cycle 7 / 12 started
2026-02-22 17:48:51,484 [WARNING] Force stop detected. Exiting run loop.
2026-02-22 17:48:51,485 [INFO] Direction set to BACKWARD
2026-02-22 17:48:51,485 [INFO] Run completed safely.
2026-02-22 17:48:51,486 [INFO] System state: IDLE
2026-02-22 17:48:51,486 [INFO] Button states reset.
2026-02-22 17:48:51,487 [INFO] System reset. Waiting for next START.
2026-02-22 17:48:51,987 [INFO] Waiting for START button...
2026-02-22 17:48:51,988 [INFO] Waiting for START button...
2026-02-22 17:49:21,906 [INFO] START button pressed.
2026-02-22 17:49:21,907 [INFO] Start signal received.
2026-02-22 17:49:21,908 [INFO] System state: RUNNING
2026-02-22 17:49:21,909 [INFO] START pressed. Running main loop.
2026-02-22 17:49:21,909 [INFO] All systems operational.
2026-02-22 17:49:21,910 [INFO] Direction set to FORWARD
2026-02-22 17:49:21,911 [INFO] Opening camera interface...
2026-02-22 17:49:25,372 [INFO] Image captured successfully.
2026-02-22 17:49:25,402 [INFO] Captured frame saved: /home/raspberrypi/cocoon_system/cocoon/../output/frame_20260222_174925.jpg
2026-02-22 17:49:25,402 [INFO] Running YOLO Inference on captured frame...
2026-02-22 17:49:26,522 [INFO] Inferred frame saved: /home/raspberrypi/cocoon_system/cocoon/../output/frame_inferred_20260222_174925.jpg
2026-02-22 17:49:26,522 [INFO] Grid mapping and classification complete.
2026-02-22 17:49:26,522 [INFO] Inference completed.
2026-02-22 17:49:26,523 [INFO] Cycle 1 / 12 started
2026-02-22 17:49:26,523 [INFO] Starting servo for cycle 1
2026-02-22 17:49:26,523 [INFO] Servo finished for cycle 1
2026-02-22 17:49:27,523 [INFO] Starting motor for cycle 1
2026-02-22 17:49:27,607 [INFO] Motor finished for cycle 1
2026-02-22 17:49:28,607 [INFO] Cycle 2 / 12 started
2026-02-22 17:49:28,608 [INFO] Starting servo for cycle 2
2026-02-22 17:49:28,608 [INFO] Servo finished for cycle 2
2026-02-22 17:49:29,608 [INFO] Starting motor for cycle 2
2026-02-22 17:49:29,692 [INFO] Motor finished for cycle 2
2026-02-22 17:49:30,692 [INFO] Cycle 3 / 12 started
2026-02-22 17:49:30,693 [INFO] Starting servo for cycle 3
2026-02-22 17:49:30,693 [INFO] Servo finished for cycle 3
2026-02-22 17:49:31,693 [INFO] Starting motor for cycle 3
2026-02-22 17:49:31,777 [INFO] Motor finished for cycle 3
2026-02-22 17:49:32,777 [INFO] Cycle 4 / 12 started
2026-02-22 17:49:32,778 [INFO] Starting servo for cycle 4
2026-02-22 17:49:32,778 [INFO] Servo finished for cycle 4
2026-02-22 17:49:33,778 [INFO] Starting motor for cycle 4
2026-02-22 17:49:33,862 [INFO] Motor finished for cycle 4
2026-02-22 17:49:34,862 [INFO] Cycle 5 / 12 started
2026-02-22 17:49:34,863 [INFO] Starting servo for cycle 5
2026-02-22 17:49:34,863 [INFO] Servo finished for cycle 5
2026-02-22 17:49:35,863 [INFO] Starting motor for cycle 5
2026-02-22 17:49:35,947 [INFO] Motor finished for cycle 5
2026-02-22 17:49:36,947 [INFO] Cycle 6 / 12 started
2026-02-22 17:49:36,948 [INFO] Starting servo for cycle 6
2026-02-22 17:49:36,948 [INFO] Servo finished for cycle 6
2026-02-22 17:49:37,948 [INFO] Starting motor for cycle 6
2026-02-22 17:49:37,949 [INFO] Halfway point reached. Running motor for extended duration.
2026-02-22 17:49:38,039 [INFO] Motor finished for cycle 6
2026-02-22 17:49:39,040 [INFO] Cycle 7 / 12 started
2026-02-22 17:49:39,040 [INFO] Starting servo for cycle 7
2026-02-22 17:49:39,040 [INFO] Servo finished for cycle 7
2026-02-22 17:49:40,041 [INFO] Starting motor for cycle 7
2026-02-22 17:49:40,124 [INFO] Motor finished for cycle 7
2026-02-22 17:49:41,125 [INFO] Cycle 8 / 12 started
2026-02-22 17:49:41,125 [INFO] Starting servo for cycle 8
2026-02-22 17:49:41,125 [INFO] Servo finished for cycle 8
2026-02-22 17:49:42,126 [INFO] Starting motor for cycle 8
2026-02-22 17:49:42,209 [INFO] Motor finished for cycle 8
2026-02-22 17:49:43,210 [INFO] Cycle 9 / 12 started
2026-02-22 17:49:43,210 [INFO] Starting servo for cycle 9
2026-02-22 17:49:43,210 [INFO] Servo finished for cycle 9
2026-02-22 17:49:44,211 [INFO] Starting motor for cycle 9
2026-02-22 17:49:44,294 [INFO] Motor finished for cycle 9
2026-02-22 17:49:45,295 [INFO] Cycle 10 / 12 started
2026-02-22 17:49:45,295 [INFO] Starting servo for cycle 10
2026-02-22 17:49:45,296 [INFO] Servo finished for cycle 10
2026-02-22 17:49:46,296 [INFO] Starting motor for cycle 10
2026-02-22 17:49:46,379 [INFO] Motor finished for cycle 10
2026-02-22 17:49:47,380 [INFO] Cycle 11 / 12 started
2026-02-22 17:49:47,380 [INFO] Starting servo for cycle 11
2026-02-22 17:49:47,381 [INFO] Servo finished for cycle 11
2026-02-22 17:49:48,381 [INFO] Starting motor for cycle 11
2026-02-22 17:49:48,465 [INFO] Motor finished for cycle 11
2026-02-22 17:49:49,466 [INFO] Cycle 12 / 12 started
2026-02-22 17:49:49,466 [INFO] Starting servo for cycle 12
2026-02-22 17:49:49,466 [INFO] Servo finished for cycle 12
2026-02-22 17:49:50,467 [INFO] Last cycle reached. Motor will not run.
2026-02-22 17:49:50,467 [INFO] Direction set to BACKWARD
2026-02-22 17:49:50,467 [INFO] Run completed safely.
2026-02-22 17:49:50,468 [INFO] System state: IDLE
2026-02-22 17:49:50,468 [INFO] Button states reset.
2026-02-22 17:49:50,468 [INFO] System reset. Waiting for next START.
2026-02-22 17:49:50,968 [INFO] Waiting for START button...
2026-02-22 17:49:50,969 [INFO] Waiting for START button...
2026-02-22 17:51:22,283 [WARNING] Program terminated by user.
2026-02-22 17:51:22,283 [INFO] Button GPIO cleaned up.
2026-02-22 17:51:22,284 [INFO] GPIO cleaned up. Program exited safely.
2026-02-22 17:51:35,184 [INFO] Loading YOLO model from /home/raspberrypi/cocoon_system/cocoon/models/cocoon_model_v2.pt...
2026-02-22 17:51:35,314 [INFO] YOLO Model loaded successfully.
2026-02-22 17:51:35,315 [INFO] MotorSystem initialized (2 drivers, 4 motors).
2026-02-22 17:51:35,316 [INFO] Buttons initialized using polling (no edge detection).
2026-02-22 17:51:35,316 [INFO] System booting...
2026-02-22 17:51:35,316 [INFO] Waiting for START button...
2026-02-22 17:51:35,316 [INFO] Waiting for START button...
2026-02-22 17:51:38,521 [INFO] START button pressed.
2026-02-22 17:51:38,521 [INFO] Start signal received.
2026-02-22 17:51:38,522 [INFO] System state: RUNNING
2026-02-22 17:51:38,522 [INFO] START pressed. Running main loop.
2026-02-22 17:51:38,523 [INFO] All systems operational.
2026-02-22 17:51:38,523 [INFO] Direction set to FORWARD
2026-02-22 17:51:38,524 [INFO] Opening camera interface...
2026-02-22 17:51:41,851 [INFO] Image captured successfully.
2026-02-22 17:51:41,886 [INFO] Captured frame saved: /home/raspberrypi/cocoon_system/cocoon/../output/frame_20260222_175141.jpg
2026-02-22 17:51:41,886 [INFO] Running YOLO Inference on captured frame...
2026-02-22 17:51:43,259 [INFO] Inferred frame saved: /home/raspberrypi/cocoon_system/cocoon/../output/frame_inferred_20260222_175141.jpg
2026-02-22 17:51:43,259 [INFO] Grid mapping and classification complete.
2026-02-22 17:51:43,260 [INFO] Inference completed.
2026-02-22 17:51:43,260 [INFO] Initial cycle. Running motor for first time to set position to first row.
2026-02-22 17:51:43,360 [INFO] Cycle 1 / 12 started
2026-02-22 17:51:43,361 [INFO] Starting servo for cycle 1
2026-02-22 17:51:43,361 [INFO] Servo finished for cycle 1
2026-02-22 17:51:44,361 [INFO] Starting motor for cycle 1
2026-02-22 17:51:44,445 [INFO] Motor finished for cycle 1
2026-02-22 17:51:45,446 [INFO] Cycle 2 / 12 started
2026-02-22 17:51:45,447 [INFO] Starting servo for cycle 2
2026-02-22 17:51:45,447 [INFO] Servo finished for cycle 2
2026-02-22 17:51:46,448 [INFO] Starting motor for cycle 2
2026-02-22 17:51:46,532 [INFO] Motor finished for cycle 2
2026-02-22 17:51:47,532 [INFO] Cycle 3 / 12 started
2026-02-22 17:51:47,533 [INFO] Starting servo for cycle 3
2026-02-22 17:51:47,533 [INFO] Servo finished for cycle 3
2026-02-22 17:51:48,533 [INFO] Starting motor for cycle 3
2026-02-22 17:51:48,617 [INFO] Motor finished for cycle 3
2026-02-22 17:51:49,480 [INFO] System state: IDLE
2026-02-22 17:51:49,481 [INFO] Button states reset.
2026-02-22 17:51:49,482 [INFO] System reset. Waiting for next START.
2026-02-22 17:51:49,482 [WARNING] Program terminated by user.
2026-02-22 17:51:49,483 [INFO] Button GPIO cleaned up.
2026-02-22 17:51:49,490 [INFO] GPIO cleaned up. Program exited safely.
2026-02-22 17:52:11,477 [INFO] Loading YOLO model from /home/raspberrypi/cocoon_system/cocoon/models/cocoon_model_v2.pt...
2026-02-22 17:52:11,612 [INFO] YOLO Model loaded successfully.
2026-02-22 17:52:11,613 [INFO] MotorSystem initialized (2 drivers, 4 motors).
2026-02-22 17:52:11,614 [INFO] Buttons initialized using polling (no edge detection).
2026-02-22 17:52:11,615 [INFO] System booting...
2026-02-22 17:52:11,615 [INFO] Waiting for START button...
2026-02-22 17:52:11,615 [INFO] Waiting for START button...
2026-02-22 17:52:27,150 [INFO] START button pressed.
2026-02-22 17:52:27,150 [INFO] Start signal received.
2026-02-22 17:52:27,151 [INFO] System state: RUNNING
2026-02-22 17:52:27,151 [INFO] START pressed. Running main loop.
2026-02-22 17:52:27,151 [INFO] All systems operational.
2026-02-22 17:52:27,151 [INFO] Direction set to FORWARD
2026-02-22 17:52:27,152 [INFO] Opening camera interface...
2026-02-22 17:52:30,343 [INFO] Image captured successfully.
2026-02-22 17:52:30,373 [INFO] Captured frame saved: /home/raspberrypi/cocoon_system/cocoon/../output/frame_20260222_175230.jpg
2026-02-22 17:52:30,373 [INFO] Running YOLO Inference on captured frame...
2026-02-22 17:52:31,662 [INFO] Inferred frame saved: /home/raspberrypi/cocoon_system/cocoon/../output/frame_inferred_20260222_175230.jpg
2026-02-22 17:52:31,662 [INFO] Grid mapping and classification complete.
2026-02-22 17:52:31,663 [INFO] Inference completed.
2026-02-22 17:52:31,663 [INFO] Initial cycle. Running motor for first time to set position to first row.
2026-02-22 17:52:31,753 [INFO] Cycle 1 / 12 started
2026-02-22 17:52:31,754 [INFO] Starting servo for cycle 1
2026-02-22 17:52:31,755 [INFO] Servo finished for cycle 1
2026-02-22 17:52:32,755 [INFO] Starting motor for cycle 1
2026-02-22 17:52:32,839 [INFO] Motor finished for cycle 1
2026-02-22 17:52:33,839 [INFO] Cycle 2 / 12 started
2026-02-22 17:52:33,839 [INFO] Starting servo for cycle 2
2026-02-22 17:52:33,840 [INFO] Servo finished for cycle 2
2026-02-22 17:52:34,840 [INFO] Starting motor for cycle 2
2026-02-22 17:52:34,924 [INFO] Motor finished for cycle 2
2026-02-22 17:52:35,925 [INFO] Cycle 3 / 12 started
2026-02-22 17:52:35,925 [INFO] Starting servo for cycle 3
2026-02-22 17:52:35,926 [INFO] Servo finished for cycle 3
2026-02-22 17:52:36,926 [INFO] Starting motor for cycle 3
2026-02-22 17:52:37,010 [INFO] Motor finished for cycle 3
2026-02-22 17:52:38,011 [INFO] Cycle 4 / 12 started
2026-02-22 17:52:38,011 [INFO] Starting servo for cycle 4
2026-02-22 17:52:38,011 [INFO] Servo finished for cycle 4
2026-02-22 17:52:39,011 [INFO] Starting motor for cycle 4
2026-02-22 17:52:39,095 [INFO] Motor finished for cycle 4
2026-02-22 17:52:40,096 [INFO] Cycle 5 / 12 started
2026-02-22 17:52:40,097 [INFO] Starting servo for cycle 5
2026-02-22 17:52:40,097 [INFO] Servo finished for cycle 5
2026-02-22 17:52:41,098 [INFO] Starting motor for cycle 5
2026-02-22 17:52:41,182 [INFO] Motor finished for cycle 5
2026-02-22 17:52:42,182 [INFO] Cycle 6 / 12 started
2026-02-22 17:52:42,183 [INFO] Starting servo for cycle 6
2026-02-22 17:52:42,184 [INFO] Servo finished for cycle 6
2026-02-22 17:52:43,184 [INFO] Starting motor for cycle 6
2026-02-22 17:52:43,185 [INFO] Halfway point reached. Running motor for extended duration.
2026-02-22 17:52:43,275 [INFO] Motor finished for cycle 6
2026-02-22 17:52:44,276 [INFO] Cycle 7 / 12 started
2026-02-22 17:52:44,276 [INFO] Starting servo for cycle 7
2026-02-22 17:52:44,277 [INFO] Servo finished for cycle 7
2026-02-22 17:52:45,277 [INFO] Starting motor for cycle 7
2026-02-22 17:52:45,361 [INFO] Motor finished for cycle 7
2026-02-22 17:52:46,361 [INFO] Cycle 8 / 12 started
2026-02-22 17:52:46,362 [INFO] Starting servo for cycle 8
2026-02-22 17:52:46,362 [INFO] Servo finished for cycle 8
2026-02-22 17:52:47,362 [INFO] Starting motor for cycle 8
2026-02-22 17:52:47,446 [INFO] Motor finished for cycle 8
2026-02-22 17:52:48,446 [INFO] Cycle 9 / 12 started
2026-02-22 17:52:48,447 [INFO] Starting servo for cycle 9
2026-02-22 17:52:48,447 [INFO] Servo finished for cycle 9
2026-02-22 17:52:49,447 [INFO] Starting motor for cycle 9
2026-02-22 17:52:49,531 [INFO] Motor finished for cycle 9
2026-02-22 17:52:50,532 [INFO] Cycle 10 / 12 started
2026-02-22 17:52:50,533 [INFO] Starting servo for cycle 10
2026-02-22 17:52:50,533 [INFO] Servo finished for cycle 10
2026-02-22 17:52:51,534 [INFO] Starting motor for cycle 10
2026-02-22 17:52:51,618 [INFO] Motor finished for cycle 10
2026-02-22 17:52:52,619 [INFO] Cycle 11 / 12 started
2026-02-22 17:52:52,619 [INFO] Starting servo for cycle 11
2026-02-22 17:52:52,620 [INFO] Servo finished for cycle 11
2026-02-22 17:52:53,620 [INFO] Starting motor for cycle 11
2026-02-22 17:52:53,704 [INFO] Motor finished for cycle 11
2026-02-22 17:52:54,704 [INFO] Cycle 12 / 12 started
2026-02-22 17:52:54,704 [INFO] Starting servo for cycle 12
2026-02-22 17:52:54,705 [INFO] Servo finished for cycle 12
2026-02-22 17:52:55,705 [INFO] Last cycle reached. Motor will not run.
2026-02-22 17:52:55,705 [INFO] Direction set to BACKWARD
2026-02-22 17:52:55,706 [INFO] Run completed safely.
2026-02-22 17:52:55,706 [INFO] System state: IDLE
2026-02-22 17:52:55,706 [INFO] Button states reset.
2026-02-22 17:52:55,707 [INFO] System reset. Waiting for next START.
2026-02-22 17:52:56,207 [INFO] Waiting for START button...
2026-02-22 17:52:56,207 [INFO] Waiting for START button...
2026-02-22 17:53:02,791 [WARNING] STOP button pressed but no script is running.
2026-02-22 17:53:24,930 [WARNING] Program terminated by user.
2026-02-22 17:53:24,930 [INFO] Button GPIO cleaned up.
2026-02-22 17:53:24,931 [INFO] GPIO cleaned up. Program exited safely.
2026-02-22 17:54:17,648 [INFO] Loading YOLO model from /home/raspberrypi/cocoon_system/cocoon/models/cocoon_model_v2.pt...
2026-02-22 17:54:17,827 [INFO] YOLO Model loaded successfully.
2026-02-22 17:54:17,828 [INFO] MotorSystem initialized (2 drivers, 4 motors).
2026-02-22 17:54:17,829 [INFO] Buttons initialized using polling (no edge detection).
2026-02-22 17:54:17,829 [INFO] System booting...
2026-02-22 17:54:17,829 [INFO] Waiting for START button...
2026-02-22 17:54:17,830 [INFO] Waiting for START button...
2026-02-22 23:36:20,244 [INFO] Loading YOLO model from /home/raspberrypi/cocoon_system/cocoon/models/cocoon_model_v2.pt...
2026-02-22 23:36:20,494 [INFO] YOLO Model loaded successfully.
2026-02-22 23:36:20,495 [INFO] MotorSystem initialized (2 drivers, 4 motors).
2026-02-22 23:36:20,496 [INFO] START button pressed.
2026-02-22 23:36:20,496 [INFO] Buttons initialized using polling (no edge detection).
2026-02-22 23:36:20,497 [INFO] System booting...
2026-02-22 23:36:20,497 [INFO] Waiting for START button...
2026-02-22 23:36:20,498 [INFO] Waiting for START button...
2026-02-22 23:36:20,498 [INFO] Start signal received.
2026-02-22 23:36:20,498 [INFO] System state: RUNNING
2026-02-22 23:36:20,499 [INFO] START pressed. Running main loop.
2026-02-22 23:36:20,499 [INFO] All systems operational.
2026-02-22 23:36:20,499 [INFO] Direction set to FORWARD
2026-02-22 23:36:20,500 [INFO] Opening camera interface...
2026-02-22 23:36:23,994 [INFO] Image captured successfully.
2026-02-22 23:36:24,122 [INFO] Captured frame saved: /home/raspberrypi/cocoon_system/cocoon/../output/frame_20260222_233623.jpg
2026-02-22 23:36:24,122 [INFO] Running YOLO Inference on captured frame...
2026-02-22 23:36:25,969 [INFO] Inferred frame saved: /home/raspberrypi/cocoon_system/cocoon/../output/frame_inferred_20260222_233623.jpg
2026-02-22 23:36:25,970 [INFO] Grid mapping and classification complete.
2026-02-22 23:36:25,970 [INFO] Inference completed.
2026-02-22 23:36:25,971 [INFO] Initial cycle. Running motor for first time to set position to first row.
2026-02-22 23:36:26,061 [INFO] Cycle 1 / 12 started
2026-02-22 23:36:26,061 [INFO] Starting servo for cycle 1
2026-02-22 23:36:26,062 [INFO] Servo finished for cycle 1
2026-02-22 23:36:28,062 [INFO] Starting motor for cycle 1
2026-02-22 23:36:28,146 [INFO] Motor finished for cycle 1
2026-02-22 23:36:29,146 [INFO] Cycle 2 / 12 started
2026-02-22 23:36:29,146 [INFO] Starting servo for cycle 2
2026-02-22 23:36:29,147 [INFO] Servo finished for cycle 2
2026-02-22 23:36:30,147 [INFO] Starting motor for cycle 2
2026-02-22 23:36:30,231 [INFO] Motor finished for cycle 2
2026-02-22 23:36:31,232 [INFO] Cycle 3 / 12 started
2026-02-22 23:36:31,232 [INFO] Starting servo for cycle 3
2026-02-22 23:36:31,233 [INFO] Servo finished for cycle 3
2026-02-22 23:36:31,339 [WARNING] FORCE STOP button pressed!
2026-02-22 23:36:32,233 [INFO] Starting motor for cycle 3
2026-02-22 23:36:32,317 [INFO] Motor finished for cycle 3
2026-02-22 23:36:33,317 [INFO] Cycle 4 / 12 started
2026-02-22 23:36:33,318 [WARNING] Force stop detected. Exiting run loop.
2026-02-22 23:36:33,318 [INFO] Direction set to BACKWARD
2026-02-22 23:36:33,318 [INFO] Run completed safely.
2026-02-22 23:36:33,319 [INFO] System state: IDLE
2026-02-22 23:36:33,319 [INFO] Button states reset.
2026-02-22 23:36:33,319 [INFO] System reset. Waiting for next START.
2026-02-22 23:36:33,819 [INFO] Waiting for START button...
2026-02-22 23:36:33,820 [INFO] Waiting for START button...
2026-02-22 23:36:40,349 [WARNING] Program terminated by user.
2026-02-22 23:36:40,349 [INFO] Button GPIO cleaned up.
2026-02-22 23:36:40,350 [INFO] GPIO cleaned up. Program exited safely.
2026-02-22 23:45:16,628 [INFO] Loading YOLO model from /home/raspberrypi/cocoon_system/cocoon/models/cocoon_model_v2.pt...
2026-02-22 23:45:16,761 [INFO] YOLO Model loaded successfully.
2026-02-22 23:45:16,762 [INFO] MotorSystem initialized (2 drivers, 4 motors).
2026-02-22 23:45:41,564 [INFO] Loading YOLO model from /home/raspberrypi/cocoon_system/cocoon/models/cocoon_model_v2.pt...
2026-02-22 23:45:41,700 [INFO] YOLO Model loaded successfully.
2026-02-22 23:45:41,701 [INFO] MotorSystem initialized (2 drivers, 4 motors).
2026-02-22 23:46:38,068 [INFO] Loading YOLO model from /home/raspberrypi/cocoon_system/cocoon/models/cocoon_model_v2.pt...
2026-02-22 23:46:38,201 [INFO] YOLO Model loaded successfully.
2026-02-22 23:46:38,202 [INFO] MotorSystem initialized (2 drivers, 4 motors).
2026-02-22 23:49:18,875 [INFO] Loading YOLO model from /home/raspberrypi/cocoon_system/cocoon/models/cocoon_model_v2.pt...
2026-02-22 23:49:19,009 [INFO] YOLO Model loaded successfully.
2026-02-22 23:49:19,010 [INFO] MotorSystem initialized (2 drivers, 4 motors).
2026-02-22 23:50:48,608 [INFO] Loading YOLO model from /home/raspberrypi/cocoon_system/cocoon/models/cocoon_model_v2.pt...
2026-02-22 23:50:48,739 [INFO] YOLO Model loaded successfully.
2026-02-22 23:50:48,740 [INFO] MotorSystem initialized (2 drivers, 4 motors).
2026-02-22 23:54:58,810 [INFO] Loading YOLO model from /home/raspberrypi/cocoon_system/cocoon/models/cocoon_model_v2.pt...
2026-02-22 23:54:59,105 [INFO] YOLO Model loaded successfully.
2026-02-22 23:54:59,106 [INFO] MotorSystem initialized (2 drivers, 4 motors).
2026-02-23 00:00:27,854 [INFO] Loading YOLO model from /home/raspberrypi/cocoon_system/cocoon/models/cocoon_model_v2.pt...
2026-02-23 00:00:27,990 [INFO] YOLO Model loaded successfully.
2026-02-23 00:00:27,991 [INFO] MotorSystem initialized (2 drivers, 4 motors).
2026-02-23 00:03:06,622 [INFO] Loading YOLO model from /home/raspberrypi/cocoon_system/cocoon/models/cocoon_model_v2.pt...
2026-02-23 00:03:06,753 [INFO] YOLO Model loaded successfully.
2026-02-23 00:03:06,754 [INFO] MotorSystem initialized (2 drivers, 4 motors).
2026-02-23 00:03:06,755 [INFO] Buttons initialized using polling (no edge detection).
2026-02-23 00:03:06,755 [INFO] System booting...
2026-02-23 00:03:06,756 [INFO] Waiting for START button...
2026-02-23 00:03:06,756 [INFO] Waiting for START button...
2026-02-23 00:03:12,113 [INFO] START button pressed.
2026-02-23 00:03:12,115 [INFO] Start signal received.
2026-02-23 00:03:12,115 [INFO] System state: RUNNING
2026-02-23 00:03:12,116 [INFO] START pressed. Running main loop.
2026-02-23 00:03:12,116 [INFO] All systems operational.
2026-02-23 00:03:12,232 [INFO] System state: IDLE
2026-02-23 00:03:12,238 [INFO] Button states reset.
2026-02-23 00:03:12,239 [INFO] System reset. Waiting for next START.
2026-02-23 00:03:12,740 [INFO] Waiting for START button...
2026-02-23 00:03:12,740 [INFO] Waiting for START button...
2026-02-23 00:03:17,431 [INFO] START button pressed.
2026-02-23 00:03:17,432 [INFO] Start signal received.
2026-02-23 00:03:17,441 [INFO] System state: RUNNING
2026-02-23 00:03:17,442 [INFO] START pressed. Running main loop.
2026-02-23 00:03:17,443 [INFO] All systems operational.
2026-02-23 00:03:17,475 [INFO] System state: IDLE
2026-02-23 00:03:17,475 [INFO] Button states reset.
2026-02-23 00:03:17,476 [INFO] System reset. Waiting for next START.
2026-02-23 00:03:17,977 [INFO] Waiting for START button...
2026-02-23 00:03:17,977 [INFO] Waiting for START button...
2026-02-23 00:03:18,234 [INFO] START button pressed.
2026-02-23 00:03:18,234 [INFO] Start signal received.
2026-02-23 00:03:18,235 [INFO] System state: RUNNING
2026-02-23 00:03:18,235 [INFO] START pressed. Running main loop.
2026-02-23 00:03:18,235 [INFO] All systems operational.
2026-02-23 00:03:18,252 [INFO] System state: IDLE
2026-02-23 00:03:18,252 [INFO] Button states reset.
2026-02-23 00:03:18,252 [INFO] System reset. Waiting for next START.
2026-02-23 00:03:18,385 [WARNING] STOP button pressed but no script is running.
2026-02-23 00:03:18,752 [INFO] Waiting for START button...
2026-02-23 00:03:18,753 [INFO] Waiting for START button...
2026-02-23 00:03:32,659 [WARNING] STOP button pressed but no script is running.
2026-02-23 00:03:33,160 [INFO] START button pressed.
2026-02-23 00:03:33,161 [INFO] Start signal received.
2026-02-23 00:03:33,162 [INFO] System state: RUNNING
2026-02-23 00:03:33,162 [INFO] START pressed. Running main loop.
2026-02-23 00:03:33,163 [INFO] All systems operational.
2026-02-23 00:03:33,203 [INFO] System state: IDLE
2026-02-23 00:03:33,203 [INFO] Button states reset.
2026-02-23 00:03:33,204 [INFO] System reset. Waiting for next START.
2026-02-23 00:03:33,612 [INFO] START button pressed.
2026-02-23 00:03:33,704 [INFO] Waiting for START button...
2026-02-23 00:03:33,705 [INFO] Waiting for START button...
2026-02-23 00:03:33,705 [INFO] Start signal received.
2026-02-23 00:03:33,706 [INFO] System state: RUNNING
2026-02-23 00:03:33,706 [INFO] START pressed. Running main loop.
2026-02-23 00:03:33,707 [INFO] All systems operational.
2026-02-23 00:03:33,739 [INFO] System state: IDLE
2026-02-23 00:03:33,740 [INFO] Button states reset.
2026-02-23 00:03:33,740 [INFO] System reset. Waiting for next START.
2026-02-23 00:03:33,814 [INFO] START button pressed.
2026-02-23 00:03:34,215 [WARNING] STOP button pressed but no script is running.
2026-02-23 00:03:34,241 [INFO] Waiting for START button...
2026-02-23 00:03:34,241 [INFO] Waiting for START button...
2026-02-23 00:03:34,242 [INFO] Start signal received.
2026-02-23 00:03:34,242 [INFO] System state: RUNNING
2026-02-23 00:03:34,242 [INFO] START pressed. Running main loop.
2026-02-23 00:03:34,242 [INFO] All systems operational.
2026-02-23 00:03:34,259 [INFO] System state: IDLE
2026-02-23 00:03:34,260 [INFO] Button states reset.
2026-02-23 00:03:34,260 [INFO] System reset. Waiting for next START.
2026-02-23 00:03:34,566 [WARNING] STOP button pressed but no script is running.
2026-02-23 00:03:34,760 [INFO] Waiting for START button...
2026-02-23 00:03:34,760 [INFO] Waiting for START button...
2026-02-23 00:03:34,767 [WARNING] STOP button pressed but no script is running.
2026-02-23 00:04:05,317 [WARNING] STOP button pressed but no script is running.
2026-02-23 00:04:05,719 [WARNING] STOP button pressed but no script is running.
2026-02-23 00:04:06,070 [WARNING] STOP button pressed but no script is running.
2026-02-23 00:04:06,672 [INFO] START button pressed.
2026-02-23 00:04:06,672 [INFO] Start signal received.
2026-02-23 00:04:06,673 [INFO] System state: RUNNING
2026-02-23 00:04:06,673 [INFO] START pressed. Running main loop.
2026-02-23 00:04:06,673 [INFO] All systems operational.
2026-02-23 00:04:06,687 [INFO] System state: IDLE
2026-02-23 00:04:06,688 [INFO] Button states reset.
2026-02-23 00:04:06,688 [INFO] System reset. Waiting for next START.
2026-02-23 00:04:07,188 [INFO] Waiting for START button...
2026-02-23 00:04:07,189 [INFO] Waiting for START button...
2026-02-23 00:04:07,675 [INFO] START button pressed.
2026-02-23 00:04:07,675 [INFO] Start signal received.
2026-02-23 00:04:07,676 [INFO] System state: RUNNING
2026-02-23 00:04:07,676 [INFO] START pressed. Running main loop.
2026-02-23 00:04:07,677 [INFO] All systems operational.
2026-02-23 00:04:07,718 [INFO] System state: IDLE
2026-02-23 00:04:07,719 [INFO] Button states reset.
2026-02-23 00:04:07,719 [INFO] System reset. Waiting for next START.
2026-02-23 00:04:08,220 [INFO] Waiting for START button...
2026-02-23 00:04:08,221 [INFO] Waiting for START button...
2026-02-23 00:04:13,569 [WARNING] Program terminated by user.
2026-02-23 00:04:13,569 [INFO] Button GPIO cleaned up.
2026-02-23 00:04:13,570 [INFO] GPIO cleaned up. Program exited safely.
2026-02-23 00:04:59,754 [INFO] Loading YOLO model from /home/raspberrypi/cocoon_system/cocoon/models/cocoon_model_v2.pt...
2026-02-23 00:04:59,886 [INFO] YOLO Model loaded successfully.
2026-02-23 00:04:59,887 [INFO] MotorSystem initialized (2 drivers, 4 motors).
2026-02-23 00:04:59,888 [INFO] Buttons initialized using polling (no edge detection).
2026-02-23 00:04:59,888 [INFO] System booting...
2026-02-23 00:04:59,888 [INFO] Waiting for START button...
2026-02-23 00:04:59,889 [INFO] Waiting for START button...
2026-02-23 00:05:04,096 [INFO] START button pressed.
2026-02-23 00:05:04,096 [INFO] Start signal received.
2026-02-23 00:05:04,097 [INFO] System state: RUNNING
2026-02-23 00:05:04,097 [INFO] START pressed. Running main loop.
2026-02-23 00:05:04,098 [INFO] All systems operational.
2026-02-23 00:05:04,598 [INFO] Inference completed.
2026-02-23 00:05:04,599 [INFO] Initial cycle. Running motor for first time to set position to first row.
2026-02-23 00:05:04,690 [INFO] Cycle 1 / 12 started
2026-02-23 00:05:04,691 [INFO] Starting servo for cycle 1
2026-02-23 00:05:04,691 [INFO] Servo finished for cyce 1
2026-02-23 00:05:06,691 [INFO] Starting motor for cycle 1
2026-02-23 00:05:06,767 [INFO] Motor finished for cycle 1
2026-02-23 00:05:07,768 [INFO] Cycle 2 / 12 started
2026-02-23 00:05:07,769 [INFO] Starting servo for cycle 2
2026-02-23 00:05:07,769 [INFO] Servo finished for cyce 2
2026-02-23 00:05:08,769 [INFO] Starting motor for cycle 2
2026-02-23 00:05:08,845 [INFO] Motor finished for cycle 2
2026-02-23 00:05:09,845 [INFO] Cycle 3 / 12 started
2026-02-23 00:05:09,846 [INFO] Starting servo for cycle 3
2026-02-23 00:05:09,846 [INFO] Servo finished for cyce 3
2026-02-23 00:05:10,847 [INFO] Starting motor for cycle 3
2026-02-23 00:05:10,922 [INFO] Motor finished for cycle 3
2026-02-23 00:05:11,923 [INFO] Cycle 4 / 12 started
2026-02-23 00:05:11,924 [INFO] Starting servo for cycle 4
2026-02-23 00:05:11,924 [INFO] Servo finished for cyce 4
2026-02-23 00:05:12,924 [INFO] Starting motor for cycle 4
2026-02-23 00:05:13,000 [INFO] Motor finished for cycle 4
2026-02-23 00:05:14,000 [INFO] Cycle 5 / 12 started
2026-02-23 00:05:14,001 [INFO] Starting servo for cycle 5
2026-02-23 00:05:14,001 [INFO] Servo finished for cyce 5
2026-02-23 00:05:15,001 [INFO] Starting motor for cycle 5
2026-02-23 00:05:15,077 [INFO] Motor finished for cycle 5
2026-02-23 00:05:16,078 [INFO] Cycle 6 / 12 started
2026-02-23 00:05:16,078 [INFO] Starting servo for cycle 6
2026-02-23 00:05:16,079 [INFO] Servo finished for cyce 6
2026-02-23 00:05:17,079 [INFO] Starting motor for cycle 6
2026-02-23 00:05:17,080 [INFO] Halfway point reached. Running motor for extended duration.
2026-02-23 00:05:17,156 [INFO] Motor finished for cycle 6
2026-02-23 00:05:17,318 [WARNING] FORCE STOP button pressed!
2026-02-23 00:05:17,861 [INFO] System state: IDLE
2026-02-23 00:05:17,861 [INFO] Button states reset.
2026-02-23 00:05:17,862 [INFO] System reset. Waiting for next START.
2026-02-23 00:05:17,862 [WARNING] Program terminated by user.
2026-02-23 00:05:17,863 [INFO] Button GPIO cleaned up.
2026-02-23 00:05:17,863 [INFO] GPIO cleaned up. Program exited safely.
2026-02-23 00:23:21,066 [INFO] Loading YOLO model from /home/raspberrypi/cocoon_system/cocoon/models/cocoon_model_v2.pt...
2026-02-23 00:23:21,199 [INFO] YOLO Model loaded successfully.
2026-02-23 00:23:21,200 [INFO] MotorSystem initialized (2 drivers, 4 motors).
2026-02-23 00:23:21,201 [INFO] Buttons initialized using polling (no edge detection).
2026-02-23 00:23:21,201 [INFO] System booting...
2026-02-23 00:23:21,201 [INFO] Waiting for START button...
2026-02-23 00:23:21,202 [INFO] Waiting for START button...
2026-02-23 00:23:31,968 [INFO] START button pressed.
2026-02-23 00:23:31,969 [INFO] Start signal received.
2026-02-23 00:23:31,969 [INFO] System state: RUNNING
2026-02-23 00:23:31,970 [INFO] START pressed. Running main loop.
2026-02-23 00:23:31,970 [INFO] All systems operational.
2026-02-23 00:23:31,970 [INFO] Loading YOLO model from /home/raspberrypi/cocoon_system/cocoon/models/cocoon_model_v2.pt...
2026-02-23 00:23:32,095 [INFO] YOLO Model loaded successfully.
2026-02-23 00:23:32,099 [INFO] Inference completed.
2026-02-23 00:23:32,100 [INFO] Starting cycle 1 / 12
2026-02-23 00:23:48,612 [INFO] System state: IDLE
2026-02-23 00:23:48,612 [INFO] Button states reset.
2026-02-23 00:23:48,613 [INFO] System reset. Waiting for next START.
2026-02-23 00:23:48,613 [WARNING] Program terminated by user.
2026-02-23 00:23:48,614 [INFO] Button GPIO cleaned up.
2026-02-23 00:23:48,614 [INFO] GPIO cleaned up. Program exited safely.
2026-02-23 00:25:12,470 [INFO] Loading YOLO model from /home/raspberrypi/cocoon_system/cocoon/models/cocoon_model_v2.pt...
2026-02-23 00:25:12,601 [INFO] YOLO Model loaded successfully.
2026-02-23 00:25:12,602 [INFO] MotorSystem initialized (2 drivers, 4 motors).
2026-02-23 00:25:12,603 [INFO] Buttons initialized using polling (no edge detection).
2026-02-23 00:25:12,603 [INFO] System booting...
2026-02-23 00:25:12,603 [INFO] Waiting for START button...
2026-02-23 00:25:12,603 [INFO] Waiting for START button...
2026-02-23 00:25:16,358 [INFO] START button pressed.
2026-02-23 00:25:16,359 [INFO] Start signal received.
2026-02-23 00:25:16,359 [INFO] System state: RUNNING
2026-02-23 00:25:16,359 [INFO] START pressed. Running main loop.
2026-02-23 00:25:16,359 [INFO] All systems operational.
2026-02-23 00:25:16,360 [INFO] Loading YOLO model from /home/raspberrypi/cocoon_system/cocoon/models/cocoon_model_v2.pt...
2026-02-23 00:25:16,484 [INFO] YOLO Model loaded successfully.
2026-02-23 00:25:16,488 [INFO] Inference completed.
2026-02-23 00:25:16,488 [INFO] Starting cycle 1 / 12
2026-02-23 00:25:43,477 [INFO] System state: IDLE
2026-02-23 00:25:43,477 [INFO] Button states reset.
2026-02-23 00:25:43,478 [INFO] System reset. Waiting for next START.
2026-02-23 00:25:43,478 [WARNING] Program terminated by user.
2026-02-23 00:25:43,479 [INFO] Button GPIO cleaned up.
2026-02-23 00:25:43,479 [INFO] GPIO cleaned up. Program exited safely.
2026-02-23 00:26:31,846 [INFO] Loading YOLO model from /home/raspberrypi/cocoon_system/cocoon/models/cocoon_model_v2.pt...
2026-02-23 00:26:32,007 [INFO] YOLO Model loaded successfully.
2026-02-23 00:26:32,008 [INFO] MotorSystem initialized (2 drivers, 4 motors).
2026-02-23 00:26:32,010 [INFO] START button pressed.
2026-02-23 00:26:32,010 [INFO] Buttons initialized using polling (no edge detection).
2026-02-23 00:26:32,011 [INFO] System booting...
2026-02-23 00:26:32,011 [INFO] Waiting for START button...
2026-02-23 00:26:32,012 [INFO] Waiting for START button...
2026-02-23 00:26:32,012 [INFO] Start signal received.
2026-02-23 00:26:32,013 [INFO] System state: RUNNING
2026-02-23 00:26:32,013 [INFO] START pressed. Running main loop.
2026-02-23 00:26:32,014 [INFO] All systems operational.
2026-02-23 00:26:32,015 [INFO] Loading YOLO model from /home/raspberrypi/cocoon_system/cocoon/models/cocoon_model_v2.pt...
2026-02-23 00:26:32,141 [INFO] YOLO Model loaded successfully.
2026-02-23 00:26:32,145 [INFO] Inference completed.
2026-02-23 00:26:32,146 [INFO] Starting cycle 1 / 12
2026-02-23 00:26:32,147 [INFO] IRMotorController started (target_color=1)
2026-02-23 00:26:32,147 [INFO] IRMotorController finished safely.
2026-02-23 00:26:32,147 [INFO] Starting servo for cycle 1
2026-02-23 00:26:32,147 [INFO] Servo finished for cycle 1
2026-02-23 00:26:32,648 [INFO] Starting cycle 2 / 12
2026-02-23 00:26:32,649 [INFO] IRMotorController started (target_color=0)
2026-02-23 00:26:32,649 [INFO] IRMotorController finished safely.
2026-02-23 00:26:32,649 [INFO] Starting servo for cycle 2
2026-02-23 00:26:32,649 [INFO] Servo finished for cycle 2
2026-02-23 00:26:33,150 [INFO] Starting cycle 3 / 12
2026-02-23 00:26:33,151 [INFO] IRMotorController started (target_color=1)
2026-02-23 00:26:33,151 [INFO] IRMotorController finished safely.
2026-02-23 00:26:33,151 [INFO] Starting servo for cycle 3
2026-02-23 00:26:33,152 [INFO] Servo finished for cycle 3
2026-02-23 00:26:33,653 [INFO] Starting cycle 4 / 12
2026-02-23 00:26:33,653 [INFO] IRMotorController started (target_color=0)
2026-02-23 00:26:33,654 [INFO] IRMotorController finished safely.
2026-02-23 00:26:33,654 [INFO] Starting servo for cycle 4
2026-02-23 00:26:33,655 [INFO] Servo finished for cycle 4
2026-02-23 00:26:34,156 [INFO] Starting cycle 5 / 12
2026-02-23 00:26:34,157 [INFO] IRMotorController started (target_color=1)
2026-02-23 00:26:34,157 [INFO] IRMotorController finished safely.
2026-02-23 00:26:34,157 [INFO] Starting servo for cycle 5
2026-02-23 00:26:34,159 [INFO] Servo finished for cycle 5
2026-02-23 00:26:34,660 [INFO] Starting cycle 6 / 12
2026-02-23 00:26:34,661 [INFO] IRMotorController started (target_color=0)
2026-02-23 00:26:34,661 [INFO] IRMotorController finished safely.
2026-02-23 00:26:34,661 [INFO] Starting servo for cycle 6
2026-02-23 00:26:34,662 [INFO] Servo finished for cycle 6
2026-02-23 00:26:35,163 [INFO] Starting cycle 7 / 12
2026-02-23 00:26:35,164 [INFO] IRMotorController started (target_color=1)
2026-02-23 00:26:35,164 [INFO] IRMotorController finished safely.
2026-02-23 00:26:35,164 [INFO] Starting servo for cycle 7
2026-02-23 00:26:35,165 [INFO] Servo finished for cycle 7
2026-02-23 00:26:35,666 [INFO] Starting cycle 8 / 12
2026-02-23 00:26:35,667 [INFO] IRMotorController started (target_color=0)
2026-02-23 00:26:35,668 [INFO] IRMotorController finished safely.
2026-02-23 00:26:35,669 [INFO] Starting servo for cycle 8
2026-02-23 00:26:35,670 [INFO] Servo finished for cycle 8
2026-02-23 00:26:36,170 [INFO] Starting cycle 9 / 12
2026-02-23 00:26:36,172 [INFO] IRMotorController started (target_color=1)
2026-02-23 00:26:36,173 [INFO] IRMotorController finished safely.
2026-02-23 00:26:36,173 [INFO] Starting servo for cycle 9
2026-02-23 00:26:36,174 [INFO] Servo finished for cycle 9
2026-02-23 00:26:36,677 [INFO] Starting cycle 10 / 12
2026-02-23 00:26:36,677 [INFO] IRMotorController started (target_color=0)
2026-02-23 00:26:36,678 [INFO] IRMotorController finished safely.
2026-02-23 00:26:36,678 [INFO] Starting servo for cycle 10
2026-02-23 00:26:36,679 [INFO] Servo finished for cycle 10
2026-02-23 00:26:37,179 [INFO] Starting cycle 11 / 12
2026-02-23 00:26:37,180 [INFO] IRMotorController started (target_color=1)
2026-02-23 00:26:37,181 [INFO] IRMotorController finished safely.
2026-02-23 00:26:37,181 [INFO] Starting servo for cycle 11
2026-02-23 00:26:37,184 [INFO] Servo finished for cycle 11
2026-02-23 00:26:37,684 [INFO] Starting cycle 12 / 12
2026-02-23 00:26:37,685 [INFO] IRMotorController started (target_color=0)
2026-02-23 00:26:37,685 [INFO] IRMotorController finished safely.
2026-02-23 00:26:37,685 [INFO] Starting servo for cycle 12
2026-02-23 00:26:37,686 [INFO] Servo finished for cycle 12
2026-02-23 00:26:38,786 [INFO] Run completed safely.
2026-02-23 00:26:38,787 [INFO] System state: IDLE
2026-02-23 00:26:38,787 [INFO] Button states reset.
2026-02-23 00:26:38,787 [INFO] System reset. Waiting for next START.
2026-02-23 00:26:38,873 [WARNING] STOP button pressed but no script is running.
2026-02-23 00:26:39,287 [INFO] Waiting for START button...
2026-02-23 00:26:39,288 [INFO] Waiting for START button...
2026-02-23 00:26:43,505 [WARNING] Program terminated by user.
2026-02-23 00:26:43,506 [INFO] Button GPIO cleaned up.
2026-02-23 00:26:43,506 [INFO] GPIO cleaned up. Program exited safely.
2026-02-23 00:27:05,801 [INFO] Loading YOLO model from /home/raspberrypi/cocoon_system/cocoon/models/cocoon_model_v2.pt...
2026-02-23 00:27:05,935 [INFO] YOLO Model loaded successfully.
2026-02-23 00:27:05,936 [INFO] MotorSystem initialized (2 drivers, 4 motors).
2026-02-23 00:27:05,937 [INFO] Buttons initialized using polling (no edge detection).
2026-02-23 00:27:05,938 [INFO] System booting...
2026-02-23 00:27:05,938 [INFO] Waiting for START button...
2026-02-23 00:27:05,939 [INFO] Waiting for START button...
2026-02-23 00:27:13,615 [INFO] START button pressed.
2026-02-23 00:27:13,615 [INFO] Start signal received.
2026-02-23 00:27:13,616 [INFO] System state: RUNNING
2026-02-23 00:27:13,617 [INFO] START pressed. Running main loop.
2026-02-23 00:27:13,618 [INFO] All systems operational.
2026-02-23 00:27:13,619 [INFO] Loading YOLO model from /home/raspberrypi/cocoon_system/cocoon/models/cocoon_model_v2.pt...
2026-02-23 00:27:13,786 [INFO] YOLO Model loaded successfully.
2026-02-23 00:27:13,790 [INFO] Inference completed.
2026-02-23 00:27:13,790 [INFO] Starting cycle 1 / 12
2026-02-23 00:27:13,791 [INFO] IRMotorController started (target_color=1)
2026-02-23 00:27:44,097 [INFO] System state: IDLE
2026-02-23 00:27:44,098 [INFO] Button states reset.
2026-02-23 00:27:44,099 [INFO] System reset. Waiting for next START.
2026-02-23 00:27:44,100 [WARNING] Program terminated by user.
2026-02-23 00:27:44,100 [INFO] Button GPIO cleaned up.
2026-02-23 00:27:44,101 [INFO] GPIO cleaned up. Program exited safely.
2026-02-23 00:32:37,222 [INFO] Loading YOLO model from /home/raspberrypi/cocoon_system/cocoon/models/cocoon_model_v2.pt...
2026-02-23 00:32:37,416 [INFO] YOLO Model loaded successfully.
2026-02-23 00:32:37,417 [INFO] MotorSystem initialized (2 drivers, 4 motors).
2026-02-23 00:32:37,418 [INFO] Buttons initialized using polling (no edge detection).
2026-02-23 00:32:37,418 [INFO] System booting...
2026-02-23 00:32:37,418 [INFO] Waiting for START button...
2026-02-23 00:32:37,418 [INFO] Waiting for START button...
2026-02-23 00:32:42,977 [INFO] START button pressed.
2026-02-23 00:32:42,978 [INFO] Start signal received.
2026-02-23 00:32:42,978 [INFO] System state: RUNNING
2026-02-23 00:32:42,979 [INFO] START pressed. Running main loop.
2026-02-23 00:32:42,979 [INFO] All systems operational.
2026-02-23 00:32:42,979 [INFO] Loading YOLO model from /home/raspberrypi/cocoon_system/cocoon/models/cocoon_model_v2.pt...
2026-02-23 00:32:43,106 [INFO] YOLO Model loaded successfully.
2026-02-23 00:32:43,111 [INFO] Inference completed.
2026-02-23 00:32:43,111 [INFO] Starting cycle 1 / 12
2026-02-23 00:32:43,112 [INFO] IRMotorController started (target_color=0)
2026-02-23 00:33:08,257 [INFO] System state: IDLE
2026-02-23 00:33:08,257 [INFO] Button states reset.
2026-02-23 00:33:08,257 [INFO] System reset. Waiting for next START.
2026-02-23 00:33:08,258 [WARNING] Program terminated by user.
2026-02-23 00:33:08,258 [INFO] Button GPIO cleaned up.
2026-02-23 00:33:08,258 [INFO] GPIO cleaned up. Program exited safely.
2026-02-23 00:33:46,630 [INFO] Loading YOLO model from /home/raspberrypi/cocoon_system/cocoon/models/cocoon_model_v2.pt...
2026-02-23 00:33:46,768 [INFO] YOLO Model loaded successfully.
2026-02-23 00:33:46,769 [INFO] MotorSystem initialized (2 drivers, 4 motors).
2026-02-23 00:33:46,770 [INFO] Buttons initialized using polling (no edge detection).
2026-02-23 00:33:46,771 [INFO] System booting...
2026-02-23 00:33:46,771 [INFO] Waiting for START button...
2026-02-23 00:33:46,771 [INFO] Waiting for START button...
2026-02-23 00:34:05,006 [INFO] START button pressed.
2026-02-23 00:34:05,007 [INFO] Start signal received.
2026-02-23 00:34:05,008 [INFO] System state: RUNNING
2026-02-23 00:34:05,009 [INFO] START pressed. Running main loop.
2026-02-23 00:34:05,009 [INFO] All systems operational.
2026-02-23 00:34:05,010 [INFO] Loading YOLO model from /home/raspberrypi/cocoon_system/cocoon/models/cocoon_model_v2.pt...
2026-02-23 00:34:05,192 [INFO] YOLO Model loaded successfully.
2026-02-23 00:34:05,196 [INFO] Inference completed.
2026-02-23 00:34:05,196 [INFO] Starting cycle 1 / 12
2026-02-23 00:34:05,197 [INFO] IRMotorController started (target_color=0)
2026-02-23 00:34:21,743 [INFO] System state: IDLE
2026-02-23 00:34:21,744 [INFO] Button states reset.
2026-02-23 00:34:21,744 [INFO] System reset. Waiting for next START.
2026-02-23 00:34:21,744 [WARNING] Program terminated by user.
2026-02-23 00:34:21,744 [INFO] Button GPIO cleaned up.
2026-02-23 00:34:21,744 [INFO] GPIO cleaned up. Program exited safely.
2026-02-23 00:44:58,274 [INFO] Loading YOLO model from /home/raspberrypi/cocoon_system/cocoon/models/cocoon_model_v2.pt...
2026-02-23 00:44:58,407 [INFO] YOLO Model loaded successfully.
2026-02-23 00:44:58,408 [INFO] MotorSystem initialized (2 drivers, 4 motors).
2026-02-23 00:44:58,409 [INFO] Buttons initialized using polling (no edge detection).
2026-02-23 00:44:58,410 [INFO] System booting...
2026-02-23 00:44:58,410 [INFO] Waiting for START button...
2026-02-23 00:44:58,410 [INFO] Waiting for START button...
2026-02-23 00:45:01,615 [INFO] START button pressed.
2026-02-23 00:45:01,615 [INFO] Start signal received.
2026-02-23 00:45:01,615 [INFO] System state: RUNNING
2026-02-23 00:45:01,616 [INFO] START pressed. Running main loop.
2026-02-23 00:45:01,616 [INFO] All systems operational.
2026-02-23 00:45:01,616 [INFO] Loading YOLO model from /home/raspberrypi/cocoon_system/cocoon/models/cocoon_model_v2.pt...
2026-02-23 00:45:01,741 [INFO] YOLO Model loaded successfully.
2026-02-23 00:45:01,744 [INFO] Inference completed.
2026-02-23 00:45:01,745 [INFO] Starting cycle 1 / 12
2026-02-23 00:45:01,746 [INFO] IRMotorController started (target_color=0)
2026-02-23 00:45:23,958 [WARNING] FORCE STOP button pressed!
2026-02-23 00:45:24,659 [WARNING] FORCE STOP button pressed!
2026-02-23 00:45:25,160 [WARNING] FORCE STOP button pressed!
2026-02-23 00:45:25,361 [WARNING] FORCE STOP button pressed!
2026-02-23 00:45:25,562 [WARNING] FORCE STOP button pressed!
2026-02-23 00:45:27,753 [INFO] System state: IDLE
2026-02-23 00:45:27,753 [INFO] Button states reset.
2026-02-23 00:45:27,754 [INFO] System reset. Waiting for next START.
2026-02-23 00:45:27,754 [WARNING] Program terminated by user.
2026-02-23 00:45:27,755 [INFO] Button GPIO cleaned up.
2026-02-23 00:45:27,755 [INFO] GPIO cleaned up. Program exited safely.
2026-02-23 00:46:01,870 [INFO] Loading YOLO model from /home/raspberrypi/cocoon_system/cocoon/models/cocoon_model_v2.pt...
2026-02-23 00:46:02,001 [INFO] YOLO Model loaded successfully.
2026-02-23 00:46:02,002 [INFO] MotorSystem initialized (2 drivers, 4 motors).
2026-02-23 00:46:02,002 [INFO] Buttons initialized using polling (no edge detection).
2026-02-23 00:46:02,003 [INFO] System booting...
2026-02-23 00:46:02,003 [INFO] Waiting for START button...
2026-02-23 00:46:02,003 [INFO] Waiting for START button...
2026-02-23 00:46:08,513 [INFO] START button pressed.
2026-02-23 00:46:08,514 [INFO] Start signal received.
2026-02-23 00:46:08,515 [INFO] System state: RUNNING
2026-02-23 00:46:08,516 [INFO] START pressed. Running main loop.
2026-02-23 00:46:08,516 [INFO] All systems operational.
2026-02-23 00:46:08,517 [INFO] Loading YOLO model from /home/raspberrypi/cocoon_system/cocoon/models/cocoon_model_v2.pt...
2026-02-23 00:46:08,693 [INFO] YOLO Model loaded successfully.
2026-02-23 00:46:08,697 [INFO] Inference completed.
2026-02-23 00:46:08,698 [INFO] Starting cycle 1 / 12
2026-02-23 00:46:08,698 [INFO] IRMotorController started (target_color=0)
2026-02-23 00:46:14,259 [INFO] IRMotorController finished safely.
2026-02-23 00:46:14,260 [INFO] Starting servo for cycle 1
2026-02-23 00:46:14,261 [INFO] Servo finished for cycle 1
2026-02-23 00:46:17,261 [INFO] Starting cycle 2 / 12
2026-02-23 00:46:17,262 [INFO] IRMotorController started (target_color=1)
2026-02-23 00:46:18,606 [INFO] IRMotorController finished safely.
2026-02-23 00:46:18,606 [INFO] Starting servo for cycle 2
2026-02-23 00:46:18,607 [INFO] Servo finished for cycle 2
2026-02-23 00:46:21,607 [INFO] Starting cycle 3 / 12
2026-02-23 00:46:21,608 [INFO] IRMotorController started (target_color=0)
2026-02-23 00:46:23,093 [INFO] IRMotorController finished safely.
2026-02-23 00:46:23,094 [INFO] Starting servo for cycle 3
2026-02-23 00:46:23,094 [INFO] Servo finished for cycle 3
2026-02-23 00:46:26,095 [INFO] Starting cycle 4 / 12
2026-02-23 00:46:26,096 [INFO] IRMotorController started (target_color=1)
2026-02-23 00:46:27,578 [INFO] IRMotorController finished safely.
2026-02-23 00:46:27,578 [INFO] Starting servo for cycle 4
2026-02-23 00:46:27,579 [INFO] Servo finished for cycle 4
2026-02-23 00:46:30,579 [INFO] Starting cycle 5 / 12
2026-02-23 00:46:30,580 [INFO] IRMotorController started (target_color=0)
2026-02-23 00:46:35,009 [INFO] IRMotorController finished safely.
2026-02-23 00:46:35,009 [INFO] Starting servo for cycle 5
2026-02-23 00:46:35,010 [INFO] Servo finished for cycle 5
2026-02-23 00:46:38,011 [INFO] Starting cycle 6 / 12
2026-02-23 00:46:38,011 [INFO] IRMotorController started (target_color=1)
2026-02-23 00:46:41,227 [WARNING] START button pressed but system already running (ignored).
2026-02-23 00:46:58,026 [INFO] System state: IDLE
2026-02-23 00:46:58,027 [INFO] Button states reset.
2026-02-23 00:46:58,029 [INFO] System reset. Waiting for next START.
2026-02-23 00:46:58,031 [WARNING] Program terminated by user.
2026-02-23 00:46:58,032 [INFO] Button GPIO cleaned up.
2026-02-23 00:46:58,032 [INFO] GPIO cleaned up. Program exited safely.
2026-02-23 00:48:24,254 [INFO] Loading YOLO model from /home/raspberrypi/cocoon_system/cocoon/models/cocoon_model_v2.pt...
2026-02-23 00:48:24,386 [INFO] YOLO Model loaded successfully.
2026-02-23 00:48:24,387 [INFO] MotorSystem initialized (2 drivers, 4 motors).
2026-02-23 00:48:24,388 [INFO] Buttons initialized using polling (no edge detection).
2026-02-23 00:48:24,388 [INFO] System booting...
2026-02-23 00:48:24,388 [INFO] Waiting for START button...
2026-02-23 00:48:24,389 [INFO] Waiting for START button...
2026-02-23 00:48:27,292 [INFO] START button pressed.
2026-02-23 00:48:27,293 [INFO] Start signal received.
2026-02-23 00:48:27,293 [INFO] System state: RUNNING
2026-02-23 00:48:27,293 [INFO] START pressed. Running main loop.
2026-02-23 00:48:27,293 [INFO] All systems operational.
2026-02-23 00:48:27,294 [INFO] Loading YOLO model from /home/raspberrypi/cocoon_system/cocoon/models/cocoon_model_v2.pt...
2026-02-23 00:48:27,418 [INFO] YOLO Model loaded successfully.
2026-02-23 00:48:27,421 [INFO] Inference completed.
2026-02-23 00:48:27,422 [INFO] Starting cycle 1 / 12
2026-02-23 00:48:27,423 [INFO] IRMotorController started (target_color=0)
2026-02-23 00:48:35,286 [INFO] IRMotorController finished safely.
2026-02-23 00:48:35,287 [INFO] Starting servo for cycle 1
2026-02-23 00:48:35,287 [INFO] Servo finished for cycle 1
2026-02-23 00:48:38,288 [INFO] Starting cycle 2 / 12
2026-02-23 00:48:38,288 [INFO] IRMotorController started (target_color=1)
2026-02-23 00:48:50,635 [INFO] IRMotorController finished safely.
2026-02-23 00:48:50,635 [INFO] Starting servo for cycle 2
2026-02-23 00:48:50,635 [INFO] Servo finished for cycle 2
2026-02-23 00:48:53,636 [INFO] Starting cycle 3 / 12
2026-02-23 00:48:53,637 [INFO] IRMotorController started (target_color=0)
2026-02-23 00:48:54,230 [INFO] IRMotorController finished safely.
2026-02-23 00:48:54,230 [INFO] Starting servo for cycle 3
2026-02-23 00:48:54,231 [INFO] Servo finished for cycle 3
2026-02-23 00:48:57,231 [INFO] Starting cycle 4 / 12
2026-02-23 00:48:57,232 [INFO] IRMotorController started (target_color=1)
2026-02-23 00:48:57,355 [INFO] IRMotorController finished safely.
2026-02-23 00:48:57,356 [INFO] Starting servo for cycle 4
2026-02-23 00:48:57,358 [INFO] Servo finished for cycle 4
2026-02-23 00:49:00,359 [INFO] Starting cycle 5 / 12
2026-02-23 00:49:00,360 [INFO] IRMotorController started (target_color=0)
2026-02-23 00:49:15,143 [INFO] System state: IDLE
2026-02-23 00:49:15,143 [INFO] Button states reset.
2026-02-23 00:49:15,144 [INFO] System reset. Waiting for next START.
2026-02-23 00:49:15,144 [WARNING] Program terminated by user.
2026-02-23 00:49:15,144 [INFO] Button GPIO cleaned up.
2026-02-23 00:49:15,144 [INFO] GPIO cleaned up. Program exited safely.
2026-02-23 00:49:34,049 [INFO] Loading YOLO model from /home/raspberrypi/cocoon_system/cocoon/models/cocoon_model_v2.pt...
2026-02-23 00:49:34,183 [INFO] YOLO Model loaded successfully.
2026-02-23 00:49:34,184 [INFO] MotorSystem initialized (2 drivers, 4 motors).
2026-02-23 00:49:34,185 [INFO] Buttons initialized using polling (no edge detection).
2026-02-23 00:49:34,185 [INFO] System booting...
2026-02-23 00:49:34,185 [INFO] Waiting for START button...
2026-02-23 00:49:34,185 [INFO] Waiting for START button...
2026-02-23 00:49:36,488 [INFO] START button pressed.
2026-02-23 00:49:36,489 [INFO] Start signal received.
2026-02-23 00:49:36,489 [INFO] System state: RUNNING
2026-02-23 00:49:36,489 [INFO] START pressed. Running main loop.
2026-02-23 00:49:36,489 [INFO] All systems operational.
2026-02-23 00:49:36,490 [INFO] Loading YOLO model from /home/raspberrypi/cocoon_system/cocoon/models/cocoon_model_v2.pt...
2026-02-23 00:49:36,618 [INFO] YOLO Model loaded successfully.
2026-02-23 00:49:36,622 [INFO] Inference completed.
2026-02-23 00:49:36,622 [INFO] Starting cycle 1 / 12
2026-02-23 00:49:36,623 [INFO] IRMotorController started (target_color=0)
2026-02-23 00:49:45,347 [INFO] IRMotorController finished safely.
2026-02-23 00:49:45,347 [INFO] Starting servo for cycle 1
2026-02-23 00:49:45,348 [INFO] Servo finished for cycle 1
2026-02-23 00:49:48,349 [INFO] Starting cycle 2 / 12
2026-02-23 00:49:48,350 [INFO] IRMotorController started (target_color=1)
2026-02-23 00:49:54,866 [INFO] IRMotorController finished safely.
2026-02-23 00:49:54,866 [INFO] Starting servo for cycle 2
2026-02-23 00:49:54,867 [INFO] Servo finished for cycle 2
2026-02-23 00:49:57,868 [INFO] Starting cycle 3 / 12
2026-02-23 00:49:57,869 [INFO] IRMotorController started (target_color=0)
2026-02-23 00:49:58,022 [INFO] IRMotorController finished safely.
2026-02-23 00:49:58,022 [INFO] Starting servo for cycle 3
2026-02-23 00:49:58,023 [INFO] Servo finished for cycle 3
2026-02-23 00:50:01,023 [INFO] Starting cycle 4 / 12
2026-02-23 00:50:01,024 [INFO] IRMotorController started (target_color=1)
2026-02-23 00:50:02,895 [INFO] System state: IDLE
2026-02-23 00:50:02,896 [INFO] Button states reset.
2026-02-23 00:50:02,896 [INFO] System reset. Waiting for next START.
2026-02-23 00:50:02,896 [WARNING] Program terminated by user.
2026-02-23 00:50:02,896 [INFO] Button GPIO cleaned up.
2026-02-23 00:50:02,897 [INFO] GPIO cleaned up. Program exited safely.
2026-02-23 00:50:28,570 [INFO] Loading YOLO model from /home/raspberrypi/cocoon_system/cocoon/models/cocoon_model_v2.pt...
2026-02-23 00:50:28,702 [INFO] YOLO Model loaded successfully.
2026-02-23 00:50:28,703 [INFO] MotorSystem initialized (2 drivers, 4 motors).
2026-02-23 00:50:28,704 [INFO] Buttons initialized using polling (no edge detection).
2026-02-23 00:50:28,705 [INFO] System booting...
2026-02-23 00:50:28,705 [INFO] Waiting for START button...
2026-02-23 00:50:28,705 [INFO] Waiting for START button...
2026-02-23 00:50:37,821 [INFO] START button pressed.
2026-02-23 00:50:37,822 [INFO] Start signal received.
2026-02-23 00:50:37,822 [INFO] System state: RUNNING
2026-02-23 00:50:37,823 [INFO] START pressed. Running main loop.
2026-02-23 00:50:37,823 [INFO] All systems operational.
2026-02-23 00:50:37,824 [INFO] Loading YOLO model from /home/raspberrypi/cocoon_system/cocoon/models/cocoon_model_v2.pt...
2026-02-23 00:50:38,002 [INFO] YOLO Model loaded successfully.
2026-02-23 00:50:38,006 [INFO] Inference completed.
2026-02-23 00:50:38,006 [INFO] Starting cycle 1 / 12
2026-02-23 00:50:38,007 [INFO] IRMotorController started (target_color=1)
2026-02-23 00:50:41,029 [INFO] IRMotorController finished safely.
2026-02-23 00:50:41,029 [INFO] Starting servo for cycle 1
2026-02-23 00:50:41,030 [INFO] Servo finished for cycle 1
2026-02-23 00:50:44,042 [INFO] Starting cycle 2 / 12
2026-02-23 00:50:44,044 [INFO] IRMotorController started (target_color=0)
2026-02-23 00:50:44,107 [INFO] IRMotorController finished safely.
2026-02-23 00:50:44,107 [INFO] Starting servo for cycle 2
2026-02-23 00:50:44,108 [INFO] Servo finished for cycle 2
2026-02-23 00:50:47,109 [INFO] Starting cycle 3 / 12
2026-02-23 00:50:47,110 [INFO] IRMotorController started (target_color=1)
2026-02-23 00:50:49,899 [INFO] IRMotorController finished safely.
2026-02-23 00:50:49,899 [INFO] Starting servo for cycle 3
2026-02-23 00:50:49,900 [INFO] Servo finished for cycle 3
2026-02-23 00:50:52,900 [INFO] Starting cycle 4 / 12
2026-02-23 00:50:52,901 [INFO] IRMotorController started (target_color=0)
2026-02-23 00:50:53,148 [INFO] IRMotorController finished safely.
2026-02-23 00:50:53,148 [INFO] Starting servo for cycle 4
2026-02-23 00:50:53,148 [INFO] Servo finished for cycle 4
2026-02-23 00:50:56,149 [INFO] Starting cycle 5 / 12
2026-02-23 00:50:56,149 [INFO] IRMotorController started (target_color=1)
2026-02-23 00:50:56,222 [INFO] IRMotorController finished safely.
2026-02-23 00:50:56,223 [INFO] Starting servo for cycle 5
2026-02-23 00:50:56,223 [INFO] Servo finished for cycle 5
2026-02-23 00:50:59,224 [INFO] Starting cycle 6 / 12
2026-02-23 00:50:59,225 [INFO] IRMotorController started (target_color=0)
2026-02-23 00:50:59,440 [INFO] IRMotorController finished safely.
2026-02-23 00:50:59,440 [INFO] Starting servo for cycle 6
2026-02-23 00:50:59,441 [INFO] Servo finished for cycle 6
2026-02-23 00:51:02,441 [INFO] Starting cycle 7 / 12
2026-02-23 00:51:02,442 [INFO] IRMotorController started (target_color=1)
2026-02-23 00:51:02,504 [INFO] IRMotorController finished safely.
2026-02-23 00:51:02,504 [INFO] Starting servo for cycle 7
2026-02-23 00:51:02,505 [INFO] Servo finished for cycle 7
2026-02-23 00:51:05,505 [INFO] Starting cycle 8 / 12
2026-02-23 00:51:05,506 [INFO] IRMotorController started (target_color=0)
2026-02-23 00:51:07,273 [INFO] IRMotorController finished safely.
2026-02-23 00:51:07,273 [INFO] Starting servo for cycle 8
2026-02-23 00:51:07,274 [INFO] Servo finished for cycle 8
2026-02-23 00:51:10,274 [INFO] Starting cycle 9 / 12
2026-02-23 00:51:10,276 [INFO] IRMotorController started (target_color=1)
2026-02-23 00:51:13,079 [INFO] IRMotorController finished safely.
2026-02-23 00:51:13,079 [INFO] Starting servo for cycle 9
2026-02-23 00:51:13,080 [INFO] Servo finished for cycle 9
2026-02-23 00:51:16,080 [INFO] Starting cycle 10 / 12
2026-02-23 00:51:16,081 [INFO] IRMotorController started (target_color=0)
2026-02-23 00:51:19,687 [INFO] IRMotorController finished safely.
2026-02-23 00:51:19,688 [INFO] Starting servo for cycle 10
2026-02-23 00:51:19,688 [INFO] Servo finished for cycle 10
2026-02-23 00:51:22,689 [INFO] Starting cycle 11 / 12
2026-02-23 00:51:22,689 [INFO] IRMotorController started (target_color=1)
2026-02-23 00:51:28,371 [INFO] IRMotorController finished safely.
2026-02-23 00:51:28,372 [INFO] Starting servo for cycle 11
2026-02-23 00:51:28,372 [INFO] Servo finished for cycle 11
2026-02-23 00:51:31,373 [INFO] Starting cycle 12 / 12
2026-02-23 00:51:31,374 [INFO] IRMotorController started (target_color=0)
2026-02-23 00:51:37,695 [INFO] IRMotorController finished safely.
2026-02-23 00:51:37,695 [INFO] Starting servo for cycle 12
2026-02-23 00:51:37,695 [INFO] Servo finished for cycle 12
2026-02-23 00:51:41,298 [INFO] Run completed safely.
2026-02-23 00:51:41,299 [INFO] System state: IDLE
2026-02-23 00:51:41,299 [INFO] Button states reset.
2026-02-23 00:51:41,300 [INFO] System reset. Waiting for next START.
2026-02-23 00:51:41,801 [INFO] Waiting for START button...
2026-02-23 00:51:41,802 [INFO] Waiting for START button...
2026-02-23 00:51:59,419 [INFO] START button pressed.
2026-02-23 00:51:59,419 [INFO] Start signal received.
2026-02-23 00:51:59,420 [INFO] System state: RUNNING
2026-02-23 00:51:59,420 [INFO] START pressed. Running main loop.
2026-02-23 00:51:59,421 [INFO] All systems operational.
2026-02-23 00:51:59,421 [INFO] Loading YOLO model from /home/raspberrypi/cocoon_system/cocoon/models/cocoon_model_v2.pt...
2026-02-23 00:51:59,593 [INFO] YOLO Model loaded successfully.
2026-02-23 00:51:59,596 [INFO] Inference completed.
2026-02-23 00:51:59,597 [INFO] Starting cycle 1 / 12
2026-02-23 00:51:59,597 [INFO] IRMotorController started (target_color=1)
2026-02-23 00:52:24,562 [INFO] IRMotorController finished safely.
2026-02-23 00:52:24,562 [INFO] Starting servo for cycle 1
2026-02-23 00:52:24,563 [INFO] Servo finished for cycle 1
2026-02-23 00:52:27,563 [INFO] Starting cycle 2 / 12
2026-02-23 00:52:27,564 [INFO] IRMotorController started (target_color=0)
2026-02-23 00:52:28,851 [INFO] IRMotorController finished safely.
2026-02-23 00:52:28,852 [INFO] Starting servo for cycle 2
2026-02-23 00:52:28,852 [INFO] Servo finished for cycle 2
2026-02-23 00:52:31,853 [INFO] Starting cycle 3 / 12
2026-02-23 00:52:31,853 [INFO] IRMotorController started (target_color=1)
2026-02-23 00:52:32,037 [INFO] IRMotorController finished safely.
2026-02-23 00:52:32,037 [INFO] Starting servo for cycle 3
2026-02-23 00:52:32,038 [INFO] Servo finished for cycle 3
2026-02-23 00:52:35,038 [INFO] Starting cycle 4 / 12
2026-02-23 00:52:35,039 [INFO] IRMotorController started (target_color=0)
2026-02-23 00:52:35,212 [INFO] IRMotorController finished safely.
2026-02-23 00:52:35,212 [INFO] Starting servo for cycle 4
2026-02-23 00:52:35,213 [INFO] Servo finished for cycle 4
2026-02-23 00:52:38,213 [INFO] Starting cycle 5 / 12
2026-02-23 00:52:38,214 [INFO] IRMotorController started (target_color=1)
2026-02-23 00:52:38,795 [INFO] IRMotorController finished safely.
2026-02-23 00:52:38,795 [INFO] Starting servo for cycle 5
2026-02-23 00:52:38,796 [INFO] Servo finished for cycle 5
2026-02-23 00:52:41,796 [INFO] Starting cycle 6 / 12
2026-02-23 00:52:41,797 [INFO] IRMotorController started (target_color=0)
2026-02-23 00:52:43,819 [INFO] IRMotorController finished safely.
2026-02-23 00:52:43,819 [INFO] Starting servo for cycle 6
2026-02-23 00:52:43,820 [INFO] Servo finished for cycle 6
2026-02-23 00:52:46,820 [INFO] Starting cycle 7 / 12
2026-02-23 00:52:46,821 [INFO] IRMotorController started (target_color=1)
2026-02-23 00:52:49,696 [INFO] IRMotorController finished safely.
2026-02-23 00:52:49,696 [INFO] Starting servo for cycle 7
2026-02-23 00:52:49,696 [INFO] Servo finished for cycle 7
2026-02-23 00:52:52,697 [INFO] Starting cycle 8 / 12
2026-02-23 00:52:52,697 [INFO] IRMotorController started (target_color=0)
2026-02-23 00:52:56,608 [INFO] IRMotorController finished safely.
2026-02-23 00:52:56,608 [INFO] Starting servo for cycle 8
2026-02-23 00:52:56,609 [INFO] Servo finished for cycle 8
2026-02-23 00:52:59,609 [INFO] Starting cycle 9 / 12
2026-02-23 00:52:59,610 [INFO] IRMotorController started (target_color=1)
2026-02-23 00:53:00,681 [INFO] System state: IDLE
2026-02-23 00:53:00,682 [INFO] Button states reset.
2026-02-23 00:53:00,682 [INFO] System reset. Waiting for next START.
2026-02-23 00:53:00,683 [WARNING] Program terminated by user.
2026-02-23 00:53:00,684 [INFO] Button GPIO cleaned up.
2026-02-23 00:53:00,684 [INFO] GPIO cleaned up. Program exited safely.
2026-02-23 00:55:37,858 [INFO] Loading YOLO model from /home/raspberrypi/cocoon_system/cocoon/models/cocoon_model_v2.pt...
2026-02-23 00:55:37,993 [INFO] YOLO Model loaded successfully.
2026-02-23 00:55:37,994 [INFO] MotorSystem initialized (2 drivers, 4 motors).
2026-02-23 00:55:37,995 [INFO] Buttons initialized using polling (no edge detection).
2026-02-23 00:55:37,996 [INFO] System booting...
2026-02-23 00:55:37,996 [INFO] Waiting for START button...
2026-02-23 00:55:37,996 [INFO] Waiting for START button...
2026-02-23 00:55:39,800 [INFO] START button pressed.
2026-02-23 00:55:39,804 [INFO] Start signal received.
2026-02-23 00:55:39,805 [INFO] System state: RUNNING
2026-02-23 00:55:39,806 [INFO] START pressed. Running main loop.
2026-02-23 00:55:39,807 [INFO] All systems operational.
2026-02-23 00:55:39,810 [INFO] Loading YOLO model from /home/raspberrypi/cocoon_system/cocoon/models/cocoon_model_v2.pt...
2026-02-23 00:55:40,631 [INFO] YOLO Model loaded successfully.
2026-02-23 00:55:40,645 [INFO] Inference completed.
2026-02-23 00:55:40,647 [INFO] Starting cycle 1 / 12
2026-02-23 00:55:40,650 [INFO] IRMotorController started (target_color=1)
2026-02-23 00:55:40,838 [INFO] IRMotorController finished safely.
2026-02-23 00:55:40,838 [INFO] Starting servo for cycle 1
2026-02-23 00:55:40,843 [INFO] Servo finished for cycle 1
2026-02-23 00:55:43,844 [INFO] Starting cycle 2 / 12
2026-02-23 00:55:43,845 [INFO] IRMotorController started (target_color=0)
2026-02-23 00:55:43,960 [INFO] IRMotorController finished safely.
2026-02-23 00:55:43,960 [INFO] Starting servo for cycle 2
2026-02-23 00:55:43,961 [INFO] Servo finished for cycle 2
2026-02-23 00:55:46,961 [INFO] Starting cycle 3 / 12
2026-02-23 00:55:46,962 [INFO] IRMotorController started (target_color=1)
2026-02-23 00:55:47,095 [INFO] IRMotorController finished safely.
2026-02-23 00:55:47,095 [INFO] Starting servo for cycle 3
2026-02-23 00:55:47,095 [INFO] Servo finished for cycle 3
2026-02-23 00:55:50,096 [INFO] Starting cycle 4 / 12
2026-02-23 00:55:50,097 [INFO] IRMotorController started (target_color=0)
2026-02-23 00:55:50,232 [INFO] IRMotorController finished safely.
2026-02-23 00:55:50,232 [INFO] Starting servo for cycle 4
2026-02-23 00:55:50,232 [INFO] Servo finished for cycle 4
2026-02-23 00:55:53,233 [INFO] Starting cycle 5 / 12
2026-02-23 00:55:53,233 [INFO] IRMotorController started (target_color=1)
2026-02-23 00:55:53,356 [INFO] IRMotorController finished safely.
2026-02-23 00:55:53,356 [INFO] Starting servo for cycle 5
2026-02-23 00:55:53,357 [INFO] Servo finished for cycle 5
2026-02-23 00:55:56,357 [INFO] Starting cycle 6 / 12
2026-02-23 00:55:56,358 [INFO] IRMotorController started (target_color=0)
2026-02-23 00:55:56,511 [INFO] IRMotorController finished safely.
2026-02-23 00:55:56,511 [INFO] Starting servo for cycle 6
2026-02-23 00:55:56,512 [INFO] Servo finished for cycle 6
2026-02-23 00:55:59,512 [INFO] Starting cycle 7 / 12
2026-02-23 00:55:59,513 [INFO] IRMotorController started (target_color=1)
2026-02-23 00:55:59,667 [INFO] IRMotorController finished safely.
2026-02-23 00:55:59,667 [INFO] Starting servo for cycle 7
2026-02-23 00:55:59,667 [INFO] Servo finished for cycle 7
2026-02-23 00:56:02,668 [INFO] Starting cycle 8 / 12
2026-02-23 00:56:02,668 [INFO] IRMotorController started (target_color=0)
2026-02-23 00:56:02,811 [INFO] IRMotorController finished safely.
2026-02-23 00:56:02,812 [INFO] Starting servo for cycle 8
2026-02-23 00:56:02,812 [INFO] Servo finished for cycle 8
2026-02-23 00:56:05,812 [INFO] Starting cycle 9 / 12
2026-02-23 00:56:05,813 [INFO] IRMotorController started (target_color=1)
2026-02-23 00:56:20,846 [WARNING] FORCE STOP button pressed!
2026-02-23 00:56:29,612 [INFO] IRMotorController finished safely.
2026-02-23 00:56:29,613 [INFO] Starting servo for cycle 9
2026-02-23 00:56:29,614 [INFO] Servo finished for cycle 9
2026-02-23 00:56:32,614 [INFO] Starting cycle 10 / 12
2026-02-23 00:56:32,614 [WARNING] Force stop detected. Exiting run loop.
2026-02-23 00:56:33,215 [INFO] Run completed safely.
2026-02-23 00:56:33,215 [INFO] System state: IDLE
2026-02-23 00:56:33,216 [INFO] Button states reset.
2026-02-23 00:56:33,216 [INFO] System reset. Waiting for next START.
2026-02-23 00:56:33,716 [INFO] Waiting for START button...
2026-02-23 00:56:33,716 [INFO] Waiting for START button...
2026-02-23 00:57:07,809 [WARNING] Program terminated by user.
2026-02-23 00:57:07,810 [INFO] Button GPIO cleaned up.
2026-02-23 00:57:07,811 [INFO] GPIO cleaned up. Program exited safely.
2026-02-23 01:04:32,918 [INFO] Loading YOLO model from /home/raspberrypi/cocoon_system/cocoon/models/cocoon_model_v2.pt...
2026-02-23 01:04:33,050 [INFO] YOLO Model loaded successfully.
2026-02-23 01:04:33,052 [INFO] MotorSystem initialized (2 drivers, 4 motors).
2026-02-23 01:04:33,052 [INFO] Buttons initialized using polling (no edge detection).
2026-02-23 01:04:33,053 [INFO] System booting...
2026-02-23 01:04:33,053 [INFO] Waiting for START button...
2026-02-23 01:04:33,053 [INFO] Waiting for START button...
2026-02-23 01:04:37,659 [INFO] START button pressed.
2026-02-23 01:04:37,660 [INFO] Start signal received.
2026-02-23 01:04:37,660 [INFO] System state: RUNNING
2026-02-23 01:04:37,661 [INFO] START pressed. Running main loop.
2026-02-23 01:04:37,661 [INFO] All systems operational.
2026-02-23 01:04:37,661 [INFO] Loading YOLO model from /home/raspberrypi/cocoon_system/cocoon/models/cocoon_model_v2.pt...
2026-02-23 01:04:37,787 [INFO] YOLO Model loaded successfully.
2026-02-23 01:04:37,791 [INFO] Inference completed.
2026-02-23 01:04:37,797 [INFO] Starting cycle 1 / 12
2026-02-23 01:04:37,798 [INFO] IRMotorController started (target_color=1)
2026-02-23 01:04:38,013 [INFO] IRMotorController finished safely.
2026-02-23 01:04:38,013 [INFO] Starting servo for cycle 1
2026-02-23 01:04:38,014 [INFO] Servo finished for cycle 1
2026-02-23 01:04:41,015 [INFO] Starting cycle 2 / 12
2026-02-23 01:04:41,016 [INFO] IRMotorController started (target_color=0)
2026-02-23 01:04:41,261 [INFO] IRMotorController finished safely.
2026-02-23 01:04:41,261 [INFO] Starting servo for cycle 2
2026-02-23 01:04:41,262 [INFO] Servo finished for cycle 2
2026-02-23 01:04:44,262 [INFO] Starting cycle 3 / 12
2026-02-23 01:04:44,264 [INFO] IRMotorController started (target_color=1)
2026-02-23 01:04:44,399 [INFO] IRMotorController finished safely.
2026-02-23 01:04:44,399 [INFO] Starting servo for cycle 3
2026-02-23 01:04:44,400 [INFO] Servo finished for cycle 3
2026-02-23 01:04:47,401 [INFO] Starting cycle 4 / 12
2026-02-23 01:04:47,402 [INFO] IRMotorController started (target_color=0)
2026-02-23 01:04:47,556 [INFO] IRMotorController finished safely.
2026-02-23 01:04:47,556 [INFO] Starting servo for cycle 4
2026-02-23 01:04:47,556 [INFO] Servo finished for cycle 4
2026-02-23 01:04:50,557 [INFO] Starting cycle 5 / 12
2026-02-23 01:04:50,557 [INFO] IRMotorController started (target_color=1)
2026-02-23 01:04:50,670 [INFO] IRMotorController finished safely.
2026-02-23 01:04:50,670 [INFO] Starting servo for cycle 5
2026-02-23 01:04:50,670 [INFO] Servo finished for cycle 5
2026-02-23 01:04:53,671 [INFO] Starting cycle 6 / 12
2026-02-23 01:04:53,671 [INFO] IRMotorController started (target_color=0)
2026-02-23 01:04:53,906 [INFO] IRMotorController finished safely.
2026-02-23 01:04:53,906 [INFO] Starting servo for cycle 6
2026-02-23 01:04:53,907 [INFO] Servo finished for cycle 6
2026-02-23 01:04:56,907 [INFO] Starting cycle 7 / 12
2026-02-23 01:04:56,908 [INFO] IRMotorController started (target_color=1)
2026-02-23 01:04:57,081 [INFO] IRMotorController finished safely.
2026-02-23 01:04:57,081 [INFO] Starting servo for cycle 7
2026-02-23 01:04:57,082 [INFO] Servo finished for cycle 7
2026-02-23 01:05:00,085 [INFO] Starting cycle 8 / 12
2026-02-23 01:05:00,087 [INFO] IRMotorController started (target_color=0)
2026-02-23 01:05:00,304 [INFO] IRMotorController finished safely.
2026-02-23 01:05:00,304 [INFO] Starting servo for cycle 8
2026-02-23 01:05:00,305 [INFO] Servo finished for cycle 8
2026-02-23 01:05:03,305 [INFO] Starting cycle 9 / 12
2026-02-23 01:05:03,306 [INFO] IRMotorController started (target_color=1)
2026-02-23 01:05:03,429 [INFO] IRMotorController finished safely.
2026-02-23 01:05:03,429 [INFO] Starting servo for cycle 9
2026-02-23 01:05:03,429 [INFO] Servo finished for cycle 9
2026-02-23 01:05:06,430 [INFO] Starting cycle 10 / 12
2026-02-23 01:05:06,431 [INFO] IRMotorController started (target_color=0)
2026-02-23 01:05:06,717 [INFO] IRMotorController finished safely.
2026-02-23 01:05:06,717 [INFO] Starting servo for cycle 10
2026-02-23 01:05:06,717 [INFO] Servo finished for cycle 10
2026-02-23 01:05:09,718 [INFO] Starting cycle 11 / 12
2026-02-23 01:05:09,719 [INFO] IRMotorController started (target_color=1)
2026-02-23 01:05:26,256 [INFO] IRMotorController finished safely.
2026-02-23 01:05:26,256 [INFO] Starting servo for cycle 11
2026-02-23 01:05:26,257 [INFO] Servo finished for cycle 11
2026-02-23 01:05:29,258 [INFO] Starting cycle 12 / 12
2026-02-23 01:05:29,259 [INFO] IRMotorController started (target_color=0)
2026-02-23 01:05:29,577 [INFO] IRMotorController finished safely.
2026-02-23 01:05:29,577 [INFO] Starting servo for cycle 12
2026-02-23 01:05:29,578 [INFO] Servo finished for cycle 12
2026-02-23 01:05:33,178 [INFO] Run completed safely.
2026-02-23 01:05:33,178 [INFO] System state: IDLE
2026-02-23 01:05:33,179 [INFO] Button states reset.
2026-02-23 01:05:33,179 [INFO] System reset. Waiting for next START.
2026-02-23 01:05:33,679 [INFO] Waiting for START button...
2026-02-23 01:05:33,680 [INFO] Waiting for START button...
2026-02-23 01:10:07,104 [INFO] START button pressed.
2026-02-23 01:10:07,104 [INFO] Start signal received.
2026-02-23 01:10:07,105 [INFO] System state: RUNNING
2026-02-23 01:10:07,105 [INFO] START pressed. Running main loop.
2026-02-23 01:10:07,105 [INFO] All systems operational.
2026-02-23 01:10:07,106 [INFO] Loading YOLO model from /home/raspberrypi/cocoon_system/cocoon/models/cocoon_model_v2.pt...
2026-02-23 01:10:07,280 [INFO] YOLO Model loaded successfully.
2026-02-23 01:10:07,283 [INFO] Inference completed.
2026-02-23 01:10:07,283 [INFO] Starting cycle 1 / 12
2026-02-23 01:10:07,284 [INFO] IRMotorController started (target_color=1)
2026-02-23 01:10:07,600 [INFO] IRMotorController finished safely.
2026-02-23 01:10:07,600 [INFO] Starting servo for cycle 1
2026-02-23 01:10:07,600 [INFO] Servo finished for cycle 1
2026-02-23 01:10:10,601 [INFO] Starting cycle 2 / 12
2026-02-23 01:10:10,601 [INFO] IRMotorController started (target_color=0)
2026-02-23 01:10:10,785 [INFO] IRMotorController finished safely.
2026-02-23 01:10:10,785 [INFO] Starting servo for cycle 2
2026-02-23 01:10:10,786 [INFO] Servo finished for cycle 2
2026-02-23 01:10:13,786 [INFO] Starting cycle 3 / 12
2026-02-23 01:10:13,787 [INFO] IRMotorController started (target_color=1)
2026-02-23 01:10:13,972 [INFO] IRMotorController finished safely.
2026-02-23 01:10:13,972 [INFO] Starting servo for cycle 3
2026-02-23 01:10:13,973 [INFO] Servo finished for cycle 3
2026-02-23 01:10:16,973 [INFO] Starting cycle 4 / 12
2026-02-23 01:10:16,974 [INFO] IRMotorController started (target_color=0)
2026-02-23 01:10:17,117 [INFO] IRMotorController finished safely.
2026-02-23 01:10:17,117 [INFO] Starting servo for cycle 4
2026-02-23 01:10:17,118 [INFO] Servo finished for cycle 4
2026-02-23 01:10:20,118 [INFO] Starting cycle 5 / 12
2026-02-23 01:10:20,119 [INFO] IRMotorController started (target_color=1)
2026-02-23 01:10:20,303 [INFO] IRMotorController finished safely.
2026-02-23 01:10:20,303 [INFO] Starting servo for cycle 5
2026-02-23 01:10:20,303 [INFO] Servo finished for cycle 5
2026-02-23 01:10:23,303 [INFO] Starting cycle 6 / 12
2026-02-23 01:10:23,304 [INFO] IRMotorController started (target_color=0)
2026-02-23 01:10:23,509 [INFO] IRMotorController finished safely.
2026-02-23 01:10:23,509 [INFO] Starting servo for cycle 6
2026-02-23 01:10:23,509 [INFO] Servo finished for cycle 6
2026-02-23 01:10:26,510 [INFO] Starting cycle 7 / 12
2026-02-23 01:10:26,510 [INFO] IRMotorController started (target_color=1)
2026-02-23 01:10:26,643 [INFO] IRMotorController finished safely.
2026-02-23 01:10:26,643 [INFO] Starting servo for cycle 7
2026-02-23 01:10:26,644 [INFO] Servo finished for cycle 7
2026-02-23 01:10:29,644 [INFO] Starting cycle 8 / 12
2026-02-23 01:10:29,645 [INFO] IRMotorController started (target_color=0)
2026-02-23 01:10:29,839 [INFO] IRMotorController finished safely.
2026-02-23 01:10:29,839 [INFO] Starting servo for cycle 8
2026-02-23 01:10:29,840 [INFO] Servo finished for cycle 8
2026-02-23 01:10:32,840 [INFO] Starting cycle 9 / 12
2026-02-23 01:10:32,841 [INFO] IRMotorController started (target_color=1)
2026-02-23 01:10:32,924 [INFO] IRMotorController finished safely.
2026-02-23 01:10:32,924 [INFO] Starting servo for cycle 9
2026-02-23 01:10:32,925 [INFO] Servo finished for cycle 9
2026-02-23 01:10:35,925 [INFO] Starting cycle 10 / 12
2026-02-23 01:10:35,926 [INFO] IRMotorController started (target_color=0)
2026-02-23 01:10:37,462 [INFO] IRMotorController finished safely.
2026-02-23 01:10:37,462 [INFO] Starting servo for cycle 10
2026-02-23 01:10:37,463 [INFO] Servo finished for cycle 10
2026-02-23 01:10:40,463 [INFO] Starting cycle 11 / 12
2026-02-23 01:10:40,464 [INFO] IRMotorController started (target_color=1)
2026-02-23 01:10:47,139 [INFO] IRMotorController finished safely.
2026-02-23 01:10:47,139 [INFO] Starting servo for cycle 11
2026-02-23 01:10:47,140 [INFO] Servo finished for cycle 11
2026-02-23 01:10:49,824 [WARNING] FORCE STOP button pressed!
2026-02-23 01:10:50,025 [WARNING] FORCE STOP button pressed!
2026-02-23 01:10:50,140 [INFO] Starting cycle 12 / 12
2026-02-23 01:10:50,141 [WARNING] Force stop detected. Exiting run loop.
2026-02-23 01:10:50,477 [WARNING] FORCE STOP button pressed!
2026-02-23 01:10:50,741 [INFO] Run completed safely.
2026-02-23 01:10:50,742 [INFO] System state: IDLE
2026-02-23 01:10:50,742 [INFO] Button states reset.
2026-02-23 01:10:50,742 [INFO] System reset. Waiting for next START.
2026-02-23 01:10:51,228 [WARNING] STOP button pressed but no script is running.
2026-02-23 01:10:51,242 [INFO] Waiting for START button...
2026-02-23 01:10:51,243 [INFO] Waiting for START button...
2026-02-23 01:27:29,487 [WARNING] Program terminated by user.
2026-02-23 01:27:29,488 [INFO] Button GPIO cleaned up.
2026-02-23 01:27:29,489 [INFO] GPIO cleaned up. Program exited safely.
2026-02-23 01:31:25,270 [INFO] Loading YOLO model from /home/raspberrypi/cocoon_system/cocoon/models/cocoon_model_v2.pt...
2026-02-23 01:31:25,403 [INFO] YOLO Model loaded successfully.
2026-02-23 01:31:25,404 [INFO] MotorSystem initialized (2 drivers, 4 motors).
2026-02-23 01:31:25,405 [INFO] Buttons initialized using polling (no edge detection).
2026-02-23 01:31:25,405 [INFO] System booting...
2026-02-23 01:31:25,405 [INFO] Waiting for START button...
2026-02-23 01:31:25,406 [INFO] Waiting for START button...
2026-02-23 01:34:01,547 [INFO] START button pressed.
2026-02-23 01:34:01,547 [INFO] Start signal received.
2026-02-23 01:34:01,548 [INFO] System state: RUNNING
2026-02-23 01:34:01,549 [INFO] START pressed. Running main loop.
2026-02-23 01:34:01,549 [INFO] All systems operational.
2026-02-23 01:34:01,550 [INFO] Loading YOLO model from /home/raspberrypi/cocoon_system/cocoon/models/cocoon_model_v2.pt...
2026-02-23 01:34:01,726 [INFO] YOLO Model loaded successfully.
2026-02-23 01:34:01,740 [INFO] Inference completed.
2026-02-23 01:34:01,740 [INFO] Starting cycle 1 / 12
2026-02-23 01:34:01,741 [INFO] IRMotorController started (target_color=0)
2026-02-23 01:34:02,210 [INFO] IRMotorController finished safely.
2026-02-23 01:34:02,210 [INFO] Starting servo for cycle 1
2026-02-23 01:34:02,211 [INFO] Servo finished for cycle 1
2026-02-23 01:34:05,211 [INFO] Starting cycle 2 / 12
2026-02-23 01:34:05,212 [INFO] IRMotorController started (target_color=1)
2026-02-23 01:34:05,284 [INFO] IRMotorController finished safely.
2026-02-23 01:34:05,285 [INFO] Starting servo for cycle 2
2026-02-23 01:34:05,285 [INFO] Servo finished for cycle 2
2026-02-23 01:34:07,861 [INFO] System state: IDLE
2026-02-23 01:34:07,861 [INFO] Button states reset.
2026-02-23 01:34:07,862 [INFO] System reset. Waiting for next START.
2026-02-23 01:34:07,862 [WARNING] Program terminated by user.
2026-02-23 01:34:07,863 [INFO] Button GPIO cleaned up.
2026-02-23 01:34:07,863 [INFO] GPIO cleaned up. Program exited safely.
2026-02-23 01:36:49,161 [INFO] Loading YOLO model from /home/raspberrypi/cocoon_system/cocoon/models/cocoon_model_v2.pt...
2026-02-23 01:36:49,293 [INFO] YOLO Model loaded successfully.
2026-02-23 01:36:49,294 [INFO] MotorSystem initialized (2 drivers, 4 motors).
2026-02-23 01:36:49,295 [INFO] Buttons initialized using polling (no edge detection).
2026-02-23 01:36:49,295 [INFO] System booting...
2026-02-23 01:36:49,296 [INFO] Waiting for START button...
2026-02-23 01:36:49,296 [INFO] Waiting for START button...
2026-02-23 01:36:55,505 [INFO] START button pressed.
2026-02-23 01:36:55,506 [INFO] Start signal received.
2026-02-23 01:36:55,506 [INFO] System state: RUNNING
2026-02-23 01:36:55,506 [INFO] START pressed. Running main loop.
2026-02-23 01:36:55,507 [INFO] All systems operational.
2026-02-23 01:36:55,507 [INFO] Loading YOLO model from /home/raspberrypi/cocoon_system/cocoon/models/cocoon_model_v2.pt...
2026-02-23 01:36:55,632 [INFO] YOLO Model loaded successfully.
2026-02-23 01:36:55,646 [INFO] Inference completed.
2026-02-23 01:36:55,646 [INFO] Starting cycle 1 / 12
2026-02-23 01:36:55,647 [INFO] IRMotorController started (target_color=0)
2026-02-23 01:36:55,922 [INFO] IRMotorController finished safely.
2026-02-23 01:36:55,923 [INFO] Starting servo for cycle 1
2026-02-23 01:36:55,923 [INFO] Servo finished for cycle 1
2026-02-23 01:36:58,923 [INFO] Starting cycle 2 / 12
2026-02-23 01:36:58,924 [INFO] IRMotorController started (target_color=1)
2026-02-23 01:36:59,037 [INFO] IRMotorController finished safely.
2026-02-23 01:36:59,038 [INFO] Starting servo for cycle 2
2026-02-23 01:36:59,039 [INFO] Servo finished for cycle 2
2026-02-23 01:37:02,039 [INFO] Starting cycle 3 / 12
2026-02-23 01:37:02,041 [INFO] IRMotorController started (target_color=0)
2026-02-23 01:37:02,238 [INFO] IRMotorController finished safely.
2026-02-23 01:37:02,239 [INFO] Starting servo for cycle 3
2026-02-23 01:37:02,240 [INFO] Servo finished for cycle 3
2026-02-23 01:37:05,240 [INFO] Starting cycle 4 / 12
2026-02-23 01:37:05,241 [INFO] IRMotorController started (target_color=1)
2026-02-23 01:37:05,395 [INFO] IRMotorController finished safely.
2026-02-23 01:37:05,395 [INFO] Starting servo for cycle 4
2026-02-23 01:37:05,396 [INFO] Servo finished for cycle 4
2026-02-23 01:37:08,396 [INFO] Starting cycle 5 / 12
2026-02-23 01:37:08,397 [INFO] IRMotorController started (target_color=0)
2026-02-23 01:37:08,622 [INFO] IRMotorController finished safely.
2026-02-23 01:37:08,622 [INFO] Starting servo for cycle 5
2026-02-23 01:37:08,622 [INFO] Servo finished for cycle 5
2026-02-23 01:37:11,623 [INFO] Starting cycle 6 / 12
2026-02-23 01:37:11,624 [INFO] IRMotorController started (target_color=1)
2026-02-23 01:37:11,801 [INFO] IRMotorController finished safely.
2026-02-23 01:37:11,802 [INFO] Starting servo for cycle 6
2026-02-23 01:37:11,803 [INFO] Servo finished for cycle 6
2026-02-23 01:37:14,803 [INFO] Starting cycle 7 / 12
2026-02-23 01:37:14,804 [INFO] IRMotorController started (target_color=0)
2026-02-23 01:37:15,070 [INFO] IRMotorController finished safely.
2026-02-23 01:37:15,070 [INFO] Starting servo for cycle 7
2026-02-23 01:37:15,071 [INFO] Servo finished for cycle 7
2026-02-23 01:37:18,071 [INFO] Starting cycle 8 / 12
2026-02-23 01:37:18,072 [INFO] IRMotorController started (target_color=1)
2026-02-23 01:37:18,174 [INFO] IRMotorController finished safely.
2026-02-23 01:37:18,174 [INFO] Starting servo for cycle 8
2026-02-23 01:37:18,175 [INFO] Servo finished for cycle 8
2026-02-23 01:37:21,175 [INFO] Starting cycle 9 / 12
2026-02-23 01:37:21,176 [INFO] IRMotorController started (target_color=0)
2026-02-23 01:37:21,385 [INFO] IRMotorController finished safely.
2026-02-23 01:37:21,385 [INFO] Starting servo for cycle 9
2026-02-23 01:37:21,386 [INFO] Servo finished for cycle 9
2026-02-23 01:37:24,386 [INFO] Starting cycle 10 / 12
2026-02-23 01:37:24,387 [INFO] IRMotorController started (target_color=1)
2026-02-23 01:37:24,522 [INFO] IRMotorController finished safely.
2026-02-23 01:37:24,522 [INFO] Starting servo for cycle 10
2026-02-23 01:37:24,523 [INFO] Servo finished for cycle 10
2026-02-23 01:37:27,524 [INFO] Starting cycle 11 / 12
2026-02-23 01:37:27,524 [INFO] IRMotorController started (target_color=0)
2026-02-23 01:37:27,749 [INFO] IRMotorController finished safely.
2026-02-23 01:37:27,749 [INFO] Starting servo for cycle 11
2026-02-23 01:37:27,750 [INFO] Servo finished for cycle 11
2026-02-23 01:37:30,750 [INFO] Starting cycle 12 / 12
2026-02-23 01:37:30,752 [INFO] IRMotorController started (target_color=1)
2026-02-23 01:37:30,937 [INFO] IRMotorController finished safely.
2026-02-23 01:37:30,938 [INFO] Starting servo for cycle 12
2026-02-23 01:37:30,939 [INFO] Servo finished for cycle 12
2026-02-23 01:37:34,540 [INFO] Run completed safely.
2026-02-23 01:37:34,541 [INFO] System state: IDLE
2026-02-23 01:37:34,542 [INFO] Button states reset.
2026-02-23 01:37:34,542 [INFO] System reset. Waiting for next START.
2026-02-23 01:37:35,043 [INFO] Waiting for START button...
2026-02-23 01:37:35,044 [INFO] Waiting for START button...
2026-02-23 01:38:10,893 [INFO] START button pressed.
2026-02-23 01:38:10,894 [INFO] Start signal received.
2026-02-23 01:38:10,895 [INFO] System state: RUNNING
2026-02-23 01:38:10,895 [INFO] START pressed. Running main loop.
2026-02-23 01:38:10,895 [INFO] All systems operational.
2026-02-23 01:38:10,896 [INFO] Loading YOLO model from /home/raspberrypi/cocoon_system/cocoon/models/cocoon_model_v2.pt...
2026-02-23 01:38:11,076 [INFO] YOLO Model loaded successfully.
2026-02-23 01:38:11,088 [INFO] Inference completed.
2026-02-23 01:38:11,088 [INFO] Starting cycle 1 / 12
2026-02-23 01:38:11,088 [INFO] IRMotorController started (target_color=0)
2026-02-23 01:38:11,313 [INFO] IRMotorController finished safely.
2026-02-23 01:38:11,313 [INFO] Starting servo for cycle 1
2026-02-23 01:38:11,314 [INFO] Servo finished for cycle 1
2026-02-23 01:38:14,315 [INFO] Starting cycle 2 / 12
2026-02-23 01:38:14,315 [INFO] IRMotorController started (target_color=1)
2026-02-23 01:38:14,469 [INFO] IRMotorController finished safely.
2026-02-23 01:38:14,469 [INFO] Starting servo for cycle 2
2026-02-23 01:38:14,469 [INFO] Servo finished for cycle 2
2026-02-23 01:38:17,469 [INFO] Starting cycle 3 / 12
2026-02-23 01:38:17,470 [INFO] IRMotorController started (target_color=0)
2026-02-23 01:38:17,735 [INFO] IRMotorController finished safely.
2026-02-23 01:38:17,735 [INFO] Starting servo for cycle 3
2026-02-23 01:38:17,736 [INFO] Servo finished for cycle 3
2026-02-23 01:38:20,736 [INFO] Starting cycle 4 / 12
2026-02-23 01:38:20,737 [INFO] IRMotorController started (target_color=1)
2026-02-23 01:38:20,860 [INFO] IRMotorController finished safely.
2026-02-23 01:38:20,860 [INFO] Starting servo for cycle 4
2026-02-23 01:38:20,860 [INFO] Servo finished for cycle 4
2026-02-23 01:38:23,861 [INFO] Starting cycle 5 / 12
2026-02-23 01:38:23,863 [INFO] IRMotorController started (target_color=0)
2026-02-23 01:38:24,105 [INFO] IRMotorController finished safely.
2026-02-23 01:38:24,106 [INFO] Starting servo for cycle 5
2026-02-23 01:38:24,107 [INFO] Servo finished for cycle 5
2026-02-23 01:38:27,107 [INFO] Starting cycle 6 / 12
2026-02-23 01:38:27,108 [INFO] IRMotorController started (target_color=1)
2026-02-23 01:38:27,262 [INFO] IRMotorController finished safely.
2026-02-23 01:38:27,262 [INFO] Starting servo for cycle 6
2026-02-23 01:38:27,263 [INFO] Servo finished for cycle 6
2026-02-23 01:38:30,263 [INFO] Starting cycle 7 / 12
2026-02-23 01:38:30,264 [INFO] IRMotorController started (target_color=0)
2026-02-23 01:38:30,538 [INFO] IRMotorController finished safely.
2026-02-23 01:38:30,538 [INFO] Starting servo for cycle 7
2026-02-23 01:38:30,539 [INFO] Servo finished for cycle 7
2026-02-23 01:38:33,540 [INFO] Starting cycle 8 / 12
2026-02-23 01:38:33,542 [INFO] IRMotorController started (target_color=1)
2026-02-23 01:38:33,635 [INFO] IRMotorController finished safely.
2026-02-23 01:38:33,636 [INFO] Starting servo for cycle 8
2026-02-23 01:38:33,637 [INFO] Servo finished for cycle 8
2026-02-23 01:38:36,637 [INFO] Starting cycle 9 / 12
2026-02-23 01:38:36,638 [INFO] IRMotorController started (target_color=0)
2026-02-23 01:38:36,862 [INFO] IRMotorController finished safely.
2026-02-23 01:38:36,863 [INFO] Starting servo for cycle 9
2026-02-23 01:38:36,863 [INFO] Servo finished for cycle 9
2026-02-23 01:38:39,863 [INFO] Starting cycle 10 / 12
2026-02-23 01:38:39,865 [INFO] IRMotorController started (target_color=1)
2026-02-23 01:38:39,989 [INFO] IRMotorController finished safely.
2026-02-23 01:38:39,989 [INFO] Starting servo for cycle 10
2026-02-23 01:38:39,990 [INFO] Servo finished for cycle 10
2026-02-23 01:38:42,990 [INFO] Starting cycle 11 / 12
2026-02-23 01:38:42,992 [INFO] IRMotorController started (target_color=0)
2026-02-23 01:38:43,167 [INFO] IRMotorController finished safely.
2026-02-23 01:38:43,168 [INFO] Starting servo for cycle 11
2026-02-23 01:38:43,169 [INFO] Servo finished for cycle 11
2026-02-23 01:38:46,170 [INFO] Starting cycle 12 / 12
2026-02-23 01:38:46,170 [INFO] IRMotorController started (target_color=1)
2026-02-23 01:38:46,361 [INFO] IRMotorController finished safely.
2026-02-23 01:38:46,362 [INFO] Starting servo for cycle 12
2026-02-23 01:38:46,364 [INFO] Servo finished for cycle 12
2026-02-23 01:38:49,965 [INFO] Run completed safely.
2026-02-23 01:38:49,966 [INFO] System state: IDLE
2026-02-23 01:38:49,966 [INFO] Button states reset.
2026-02-23 01:38:49,966 [INFO] System reset. Waiting for next START.
2026-02-23 01:38:50,467 [INFO] Waiting for START button...
2026-02-23 01:38:50,468 [INFO] Waiting for START button...
2026-02-23 01:43:04,214 [WARNING] Program terminated by user.
2026-02-23 01:43:04,215 [INFO] Button GPIO cleaned up.
2026-02-23 01:43:04,215 [INFO] GPIO cleaned up. Program exited safely.
2026-02-23 01:44:06,134 [INFO] Loading YOLO model from /home/raspberrypi/cocoon_system/cocoon/models/cocoon_model_v2.pt...
2026-02-23 01:44:06,265 [INFO] YOLO Model loaded successfully.
2026-02-23 01:44:06,266 [INFO] MotorSystem initialized (2 drivers, 4 motors).
2026-02-23 01:44:06,267 [INFO] Buttons initialized using polling (no edge detection).
2026-02-23 01:44:06,268 [INFO] System booting...
2026-02-23 01:44:06,268 [INFO] Waiting for START button...
2026-02-23 01:44:06,268 [INFO] Waiting for START button...
2026-02-23 01:44:13,279 [WARNING] STOP button pressed but no script is running.
2026-02-23 01:44:20,445 [INFO] START button pressed.
2026-02-23 01:44:20,445 [INFO] Start signal received.
2026-02-23 01:44:20,446 [INFO] System state: RUNNING
2026-02-23 01:44:20,446 [INFO] START pressed. Running main loop.
2026-02-23 01:44:20,447 [INFO] All systems operational.
2026-02-23 01:44:20,447 [INFO] Loading YOLO model from /home/raspberrypi/cocoon_system/cocoon/models/cocoon_model_v2.pt...
2026-02-23 01:44:20,625 [INFO] YOLO Model loaded successfully.
2026-02-23 01:44:20,644 [INFO] System state: IDLE
2026-02-23 01:44:20,644 [INFO] Button states reset.
2026-02-23 01:44:20,644 [INFO] System reset. Waiting for next START.
2026-02-23 01:44:21,145 [INFO] Waiting for START button...
2026-02-23 01:44:21,145 [INFO] Waiting for START button...
2026-02-23 01:44:34,620 [INFO] START button pressed.
2026-02-23 01:44:34,620 [INFO] Start signal received.
2026-02-23 01:44:34,621 [INFO] System state: RUNNING
2026-02-23 01:44:34,621 [INFO] START pressed. Running main loop.
2026-02-23 01:44:34,622 [INFO] All systems operational.
2026-02-23 01:44:34,623 [INFO] Loading YOLO model from /home/raspberrypi/cocoon_system/cocoon/models/cocoon_model_v2.pt...
2026-02-23 01:44:34,783 [INFO] YOLO Model loaded successfully.
2026-02-23 01:44:34,799 [INFO] System state: IDLE
2026-02-23 01:44:34,799 [INFO] Button states reset.
2026-02-23 01:44:34,799 [INFO] System reset. Waiting for next START.
2026-02-23 01:44:35,299 [INFO] Waiting for START button...
2026-02-23 01:44:35,300 [INFO] Waiting for START button...
2026-02-23 01:44:43,204 [INFO] START button pressed.
2026-02-23 01:44:43,205 [INFO] Start signal received.
2026-02-23 01:44:43,205 [INFO] System state: RUNNING
2026-02-23 01:44:43,206 [INFO] START pressed. Running main loop.
2026-02-23 01:44:43,206 [INFO] All systems operational.
2026-02-23 01:44:43,207 [INFO] Loading YOLO model from /home/raspberrypi/cocoon_system/cocoon/models/cocoon_model_v2.pt...
2026-02-23 01:44:43,521 [INFO] YOLO Model loaded successfully.
2026-02-23 01:44:43,554 [INFO] System state: IDLE
2026-02-23 01:44:43,555 [INFO] Button states reset.
2026-02-23 01:44:43,556 [INFO] System reset. Waiting for next START.
2026-02-23 01:44:44,056 [INFO] Waiting for START button...
2026-02-23 01:44:44,057 [INFO] Waiting for START button...
2026-02-23 01:45:05,131 [WARNING] Program terminated by user.
2026-02-23 01:45:05,136 [INFO] Button GPIO cleaned up.
2026-02-23 01:45:05,137 [INFO] GPIO cleaned up. Program exited safely.
2026-02-23 01:45:19,154 [INFO] Loading YOLO model from /home/raspberrypi/cocoon_system/cocoon/models/cocoon_model_v2.pt...
2026-02-23 01:45:19,290 [INFO] YOLO Model loaded successfully.
2026-02-23 01:45:19,291 [INFO] MotorSystem initialized (2 drivers, 4 motors).
2026-02-23 01:45:19,292 [INFO] Buttons initialized using polling (no edge detection).
2026-02-23 01:45:19,292 [INFO] System booting...
2026-02-23 01:45:19,292 [INFO] Waiting for START button...
2026-02-23 01:45:19,292 [INFO] Waiting for START button...
2026-02-23 01:45:26,357 [INFO] START button pressed.
2026-02-23 01:45:26,357 [INFO] Start signal received.
2026-02-23 01:45:26,358 [INFO] System state: RUNNING
2026-02-23 01:45:26,358 [INFO] START pressed. Running main loop.
2026-02-23 01:45:26,359 [INFO] All systems operational.
2026-02-23 01:45:26,359 [INFO] Loading YOLO model from /home/raspberrypi/cocoon_system/cocoon/models/cocoon_model_v2.pt...
2026-02-23 01:45:26,511 [INFO] YOLO Model loaded successfully.
2026-02-23 01:45:26,515 [INFO] Inference completed.
2026-02-23 01:45:26,516 [INFO] Starting cycle 1 / 12
2026-02-23 01:45:26,516 [INFO] IRMotorController started (target_color=0)
2026-02-23 01:45:26,763 [INFO] IRMotorController finished safely.
2026-02-23 01:45:26,763 [INFO] Starting servo for cycle 1
2026-02-23 01:45:26,764 [INFO] Servo finished for cycle 1
2026-02-23 01:45:29,764 [INFO] Starting cycle 2 / 12
2026-02-23 01:45:29,765 [INFO] IRMotorController started (target_color=1)
2026-02-23 01:45:29,888 [INFO] IRMotorController finished safely.
2026-02-23 01:45:29,888 [INFO] Starting servo for cycle 2
2026-02-23 01:45:29,889 [INFO] Servo finished for cycle 2
2026-02-23 01:45:32,889 [INFO] Starting cycle 3 / 12
2026-02-23 01:45:32,891 [INFO] IRMotorController started (target_color=0)
2026-02-23 01:45:33,090 [INFO] IRMotorController finished safely.
2026-02-23 01:45:33,091 [INFO] Starting servo for cycle 3
2026-02-23 01:45:33,099 [INFO] Servo finished for cycle 3
2026-02-23 01:45:36,100 [INFO] Starting cycle 4 / 12
2026-02-23 01:45:36,101 [INFO] IRMotorController started (target_color=1)
2026-02-23 01:45:36,214 [INFO] IRMotorController finished safely.
2026-02-23 01:45:36,214 [INFO] Starting servo for cycle 4
2026-02-23 01:45:36,215 [INFO] Servo finished for cycle 4
2026-02-23 01:45:39,215 [INFO] Starting cycle 5 / 12
2026-02-23 01:45:39,217 [INFO] IRMotorController started (target_color=0)
2026-02-23 01:45:39,449 [INFO] IRMotorController finished safely.
2026-02-23 01:45:39,450 [INFO] Starting servo for cycle 5
2026-02-23 01:45:39,451 [INFO] Servo finished for cycle 5
2026-02-23 01:45:42,452 [INFO] Starting cycle 6 / 12
2026-02-23 01:45:42,452 [INFO] IRMotorController started (target_color=1)
2026-02-23 01:45:42,596 [INFO] IRMotorController finished safely.
2026-02-23 01:45:42,596 [INFO] Starting servo for cycle 6
2026-02-23 01:45:42,596 [INFO] Servo finished for cycle 6
2026-02-23 01:45:45,597 [INFO] Starting cycle 7 / 12
2026-02-23 01:45:45,598 [INFO] IRMotorController started (target_color=0)
2026-02-23 01:45:45,813 [INFO] IRMotorController finished safely.
2026-02-23 01:45:45,813 [INFO] Starting servo for cycle 7
2026-02-23 01:45:45,814 [INFO] Servo finished for cycle 7
2026-02-23 01:45:48,815 [INFO] Starting cycle 8 / 12
2026-02-23 01:45:48,816 [INFO] IRMotorController started (target_color=1)
2026-02-23 01:45:48,979 [INFO] IRMotorController finished safely.
2026-02-23 01:45:48,979 [INFO] Starting servo for cycle 8
2026-02-23 01:45:48,980 [INFO] Servo finished for cycle 8
2026-02-23 01:45:51,980 [INFO] Starting cycle 9 / 12
2026-02-23 01:45:51,981 [INFO] IRMotorController started (target_color=0)
2026-02-23 01:45:52,164 [INFO] IRMotorController finished safely.
2026-02-23 01:45:52,165 [INFO] Starting servo for cycle 9
2026-02-23 01:45:52,165 [INFO] Servo finished for cycle 9
2026-02-23 01:45:55,165 [INFO] Starting cycle 10 / 12
2026-02-23 01:45:55,167 [INFO] IRMotorController started (target_color=1)
2026-02-23 01:45:55,300 [INFO] IRMotorController finished safely.
2026-02-23 01:45:55,300 [INFO] Starting servo for cycle 10
2026-02-23 01:45:55,301 [INFO] Servo finished for cycle 10
2026-02-23 01:45:58,301 [INFO] Starting cycle 11 / 12
2026-02-23 01:45:58,303 [INFO] IRMotorController started (target_color=0)
2026-02-23 01:45:58,503 [INFO] IRMotorController finished safely.
2026-02-23 01:45:58,504 [INFO] Starting servo for cycle 11
2026-02-23 01:45:58,505 [INFO] Servo finished for cycle 11
2026-02-23 01:46:01,506 [INFO] Starting cycle 12 / 12
2026-02-23 01:46:01,507 [INFO] IRMotorController started (target_color=1)
2026-02-23 01:46:01,670 [INFO] IRMotorController finished safely.
2026-02-23 01:46:01,670 [INFO] Starting servo for cycle 12
2026-02-23 01:46:01,671 [INFO] Servo finished for cycle 12
2026-02-23 01:46:05,271 [INFO] Run completed safely.
2026-02-23 01:46:05,272 [INFO] System state: IDLE
2026-02-23 01:46:05,272 [INFO] Button states reset.
2026-02-23 01:46:05,272 [INFO] System reset. Waiting for next START.
2026-02-23 01:46:05,772 [INFO] Waiting for START button...
2026-02-23 01:46:05,773 [INFO] Waiting for START button...
2026-02-23 01:46:19,041 [WARNING] Program terminated by user.
2026-02-23 01:46:19,042 [INFO] Button GPIO cleaned up.
2026-02-23 01:46:19,043 [INFO] GPIO cleaned up. Program exited safely.
2026-02-23 01:50:56,586 [INFO] Loading YOLO model from /home/raspberrypi/cocoon_system/cocoon/models/cocoon_model_v2.pt...
2026-02-23 01:50:56,718 [INFO] YOLO Model loaded successfully.
2026-02-23 01:50:56,719 [INFO] MotorSystem initialized (2 drivers, 4 motors).
2026-02-23 01:50:56,720 [INFO] Buttons initialized using polling (no edge detection).
2026-02-23 01:50:56,720 [INFO] System booting...
2026-02-23 01:50:56,720 [INFO] Waiting for START button...
2026-02-23 01:50:56,720 [INFO] Waiting for START button...
2026-02-23 01:51:03,282 [INFO] START button pressed.
2026-02-23 01:51:03,284 [INFO] Start signal received.
2026-02-23 01:51:03,285 [INFO] System state: RUNNING
2026-02-23 01:51:03,285 [INFO] START pressed. Running main loop.
2026-02-23 01:51:03,286 [INFO] All systems operational.
2026-02-23 01:51:03,287 [INFO] Loading YOLO model from /home/raspberrypi/cocoon_system/cocoon/models/cocoon_model_v2.pt...
2026-02-23 01:51:03,444 [INFO] YOLO Model loaded successfully.
2026-02-23 01:51:03,448 [INFO] Inference completed.
2026-02-23 01:51:03,448 [INFO] Starting cycle 1 / 12
2026-02-23 01:51:03,449 [INFO] IRMotorController started (target_color=0)
2026-02-23 01:51:03,715 [INFO] IRMotorController finished safely.
2026-02-23 01:51:03,715 [INFO] Starting servo for cycle 1
2026-02-23 01:51:03,715 [INFO] Servo finished for cycle 1
2026-02-23 01:51:06,717 [INFO] Starting cycle 2 / 12
2026-02-23 01:51:06,717 [INFO] IRMotorController started (target_color=1)
2026-02-23 01:51:08,483 [INFO] IRMotorController finished safely.
2026-02-23 01:51:08,484 [INFO] Starting servo for cycle 2
2026-02-23 01:51:08,485 [INFO] Servo finished for cycle 2
2026-02-23 01:51:10,850 [WARNING] FORCE STOP button pressed!
2026-02-23 01:51:11,151 [WARNING] FORCE STOP button pressed!
2026-02-23 01:51:11,352 [WARNING] FORCE STOP button pressed!
2026-02-23 01:51:11,485 [INFO] Starting cycle 3 / 12
2026-02-23 01:51:11,486 [WARNING] Force stop detected. Exiting run loop.
2026-02-23 01:51:12,086 [INFO] Run completed safely.
2026-02-23 01:51:12,087 [INFO] System state: IDLE
2026-02-23 01:51:12,087 [INFO] Button states reset.
2026-02-23 01:51:12,087 [INFO] System reset. Waiting for next START.
2026-02-23 01:51:12,587 [INFO] Waiting for START button...
2026-02-23 01:51:12,588 [INFO] Waiting for START button...
2026-02-23 01:53:09,496 [WARNING] Program terminated by user.
2026-02-23 01:53:09,497 [INFO] Button GPIO cleaned up.
2026-02-23 01:53:09,498 [INFO] GPIO cleaned up. Program exited safely.
2026-02-23 01:53:22,282 [INFO] Loading YOLO model from /home/raspberrypi/cocoon_system/cocoon/models/cocoon_model_v2.pt...
2026-02-23 01:53:22,415 [INFO] YOLO Model loaded successfully.
2026-02-23 01:53:22,416 [INFO] MotorSystem initialized (2 drivers, 4 motors).
2026-02-23 01:53:22,417 [INFO] Buttons initialized using polling (no edge detection).
2026-02-23 01:53:22,417 [INFO] System booting...
2026-02-23 01:53:22,417 [INFO] Waiting for START button...
2026-02-23 01:53:22,417 [INFO] Waiting for START button...
2026-02-23 01:53:28,828 [INFO] START button pressed.
2026-02-23 01:53:28,829 [INFO] Start signal received.
2026-02-23 01:53:28,829 [INFO] System state: RUNNING
2026-02-23 01:53:28,829 [INFO] START pressed. Running main loop.
2026-02-23 01:53:28,829 [INFO] All systems operational.
2026-02-23 01:53:28,839 [INFO] Loading YOLO model from /home/raspberrypi/cocoon_system/cocoon/models/cocoon_model_v2.pt...
2026-02-23 01:53:28,968 [INFO] YOLO Model loaded successfully.
2026-02-23 01:53:28,988 [INFO] Inference completed.
2026-02-23 01:53:28,989 [INFO] Starting cycle 1 / 12
2026-02-23 01:53:28,990 [INFO] IRMotorController started (target_color=0)
2026-02-23 01:53:29,235 [INFO] IRMotorController finished safely.
2026-02-23 01:53:29,235 [INFO] Starting servo for cycle 1
2026-02-23 01:53:29,236 [INFO] Servo finished for cycle 1
2026-02-23 01:53:32,236 [INFO] Starting cycle 2 / 12
2026-02-23 01:53:32,237 [INFO] IRMotorController started (target_color=1)
2026-02-23 01:53:32,373 [INFO] IRMotorController finished safely.
2026-02-23 01:53:32,373 [INFO] Starting servo for cycle 2
2026-02-23 01:53:32,373 [INFO] Servo finished for cycle 2
2026-02-23 01:53:35,374 [INFO] Starting cycle 3 / 12
2026-02-23 01:53:35,375 [INFO] IRMotorController started (target_color=0)
2026-02-23 01:53:35,611 [INFO] IRMotorController finished safely.
2026-02-23 01:53:35,611 [INFO] Starting servo for cycle 3
2026-02-23 01:53:35,611 [INFO] Servo finished for cycle 3
2026-02-23 01:53:38,612 [INFO] Starting cycle 4 / 12
2026-02-23 01:53:38,612 [INFO] IRMotorController started (target_color=1)
2026-02-23 01:53:38,705 [INFO] IRMotorController finished safely.
2026-02-23 01:53:38,705 [INFO] Starting servo for cycle 4
2026-02-23 01:53:38,705 [INFO] Servo finished for cycle 4
2026-02-23 01:53:41,706 [INFO] Starting cycle 5 / 12
2026-02-23 01:53:41,706 [INFO] IRMotorController started (target_color=0)
2026-02-23 01:53:41,942 [INFO] IRMotorController finished safely.
2026-02-23 01:53:41,942 [INFO] Starting servo for cycle 5
2026-02-23 01:53:41,942 [INFO] Servo finished for cycle 5
2026-02-23 01:53:44,943 [INFO] Starting cycle 6 / 12
2026-02-23 01:53:44,944 [INFO] IRMotorController started (target_color=1)
2026-02-23 01:53:45,107 [INFO] IRMotorController finished safely.
2026-02-23 01:53:45,108 [INFO] Starting servo for cycle 6
2026-02-23 01:53:45,108 [INFO] Servo finished for cycle 6
2026-02-23 01:53:48,108 [INFO] Starting cycle 7 / 12
2026-02-23 01:53:48,109 [INFO] IRMotorController started (target_color=0)
2026-02-23 01:53:48,389 [INFO] IRMotorController finished safely.
2026-02-23 01:53:48,389 [INFO] Starting servo for cycle 7
2026-02-23 01:53:48,390 [INFO] Servo finished for cycle 7
2026-02-23 01:53:51,390 [INFO] Starting cycle 8 / 12
2026-02-23 01:53:51,391 [INFO] IRMotorController started (target_color=1)
2026-02-23 01:53:51,493 [INFO] IRMotorController finished safely.
2026-02-23 01:53:51,494 [INFO] Starting servo for cycle 8
2026-02-23 01:53:51,494 [INFO] Servo finished for cycle 8
2026-02-23 01:53:54,495 [INFO] Starting cycle 9 / 12
2026-02-23 01:53:54,495 [INFO] IRMotorController started (target_color=0)
2026-02-23 01:53:54,730 [INFO] IRMotorController finished safely.
2026-02-23 01:53:54,730 [INFO] Starting servo for cycle 9
2026-02-23 01:53:54,731 [INFO] Servo finished for cycle 9
2026-02-23 01:53:57,731 [INFO] Starting cycle 10 / 12
2026-02-23 01:53:57,732 [INFO] IRMotorController started (target_color=1)
2026-02-23 01:53:57,855 [INFO] IRMotorController finished safely.
2026-02-23 01:53:57,855 [INFO] Starting servo for cycle 10
2026-02-23 01:53:57,855 [INFO] Servo finished for cycle 10
2026-02-23 01:54:00,855 [INFO] Starting cycle 11 / 12
2026-02-23 01:54:00,856 [INFO] IRMotorController started (target_color=0)
2026-02-23 01:54:01,040 [INFO] IRMotorController finished safely.
2026-02-23 01:54:01,040 [INFO] Starting servo for cycle 11
2026-02-23 01:54:01,040 [INFO] Servo finished for cycle 11
2026-02-23 01:54:04,041 [INFO] Starting cycle 12 / 12
2026-02-23 01:54:04,042 [INFO] IRMotorController started (target_color=1)
2026-02-23 01:54:04,206 [INFO] IRMotorController finished safely.
2026-02-23 01:54:04,207 [INFO] Starting servo for cycle 12
2026-02-23 01:54:04,207 [INFO] Servo finished for cycle 12
2026-02-23 01:54:07,808 [INFO] Run completed safely.
2026-02-23 01:54:07,809 [INFO] System state: IDLE
2026-02-23 01:54:07,809 [INFO] Button states reset.
2026-02-23 01:54:07,809 [INFO] System reset. Waiting for next START.
2026-02-23 01:54:08,310 [INFO] Waiting for START button...
2026-02-23 01:54:08,311 [INFO] Waiting for START button...
2026-02-23 01:54:14,565 [WARNING] Program terminated by user.
2026-02-23 01:54:14,566 [INFO] Button GPIO cleaned up.
2026-02-23 01:54:14,566 [INFO] GPIO cleaned up. Program exited safely.
2026-02-23 02:00:28,930 [INFO] Loading YOLO model from /home/raspberrypi/cocoon_system/cocoon/models/cocoon_model_v2.pt...
2026-02-23 02:00:29,063 [INFO] YOLO Model loaded successfully.
2026-02-23 02:00:29,064 [INFO] MotorSystem initialized (2 drivers, 4 motors).
2026-02-23 02:00:29,065 [INFO] Buttons initialized using polling (no edge detection).
2026-02-23 02:00:29,065 [INFO] System booting...
2026-02-23 02:00:29,065 [INFO] Waiting for START button...
2026-02-23 02:00:29,066 [INFO] Waiting for START button...
2026-02-23 02:00:30,468 [INFO] START button pressed.
2026-02-23 02:00:30,468 [INFO] Start signal received.
2026-02-23 02:00:30,469 [INFO] System state: RUNNING
2026-02-23 02:00:30,469 [INFO] START pressed. Running main loop.
2026-02-23 02:00:30,469 [INFO] All systems operational.
2026-02-23 02:00:30,479 [INFO] Loading YOLO model from /home/raspberrypi/cocoon_system/cocoon/models/cocoon_model_v2.pt...
2026-02-23 02:00:30,607 [INFO] YOLO Model loaded successfully.
2026-02-23 02:00:30,627 [INFO] Inference completed.
2026-02-23 02:00:30,627 [INFO] Starting cycle 1 / 12
2026-02-23 02:00:30,628 [INFO] IRMotorController started (target_color=0)
2026-02-23 02:00:30,826 [INFO] IRMotorController finished safely.
2026-02-23 02:00:30,827 [INFO] Starting servo for cycle 1
2026-02-23 02:00:30,828 [INFO] Servo finished for cycle 1
2026-02-23 02:00:33,829 [INFO] Starting cycle 2 / 12
2026-02-23 02:00:33,831 [INFO] IRMotorController started (target_color=1)
2026-02-23 02:00:34,078 [INFO] IRMotorController finished safely.
2026-02-23 02:00:34,079 [INFO] Starting servo for cycle 2
2026-02-23 02:00:34,080 [INFO] Servo finished for cycle 2
2026-02-23 02:00:37,080 [INFO] Starting cycle 3 / 12
2026-02-23 02:00:37,081 [INFO] IRMotorController started (target_color=0)
2026-02-23 02:00:37,316 [INFO] IRMotorController finished safely.
2026-02-23 02:00:37,316 [INFO] Starting servo for cycle 3
2026-02-23 02:00:37,317 [INFO] Servo finished for cycle 3
2026-02-23 02:00:40,318 [INFO] Starting cycle 4 / 12
2026-02-23 02:00:40,318 [INFO] IRMotorController started (target_color=1)
2026-02-23 02:00:40,800 [INFO] IRMotorController finished safely.
2026-02-23 02:00:40,800 [INFO] Starting servo for cycle 4
2026-02-23 02:00:40,801 [INFO] Servo finished for cycle 4
2026-02-23 02:00:43,802 [INFO] Starting cycle 5 / 12
2026-02-23 02:00:43,803 [INFO] IRMotorController started (target_color=0)
2026-02-23 02:00:44,949 [WARNING] FORCE STOP button pressed!
2026-02-23 02:00:48,972 [INFO] IRMotorController finished safely.
2026-02-23 02:00:48,973 [INFO] Starting servo for cycle 5
2026-02-23 02:00:48,974 [INFO] Servo finished for cycle 5
2026-02-23 02:00:51,364 [WARNING] FORCE STOP button pressed!
2026-02-23 02:00:51,515 [WARNING] FORCE STOP button pressed!
2026-02-23 02:00:51,766 [WARNING] FORCE STOP button pressed!
2026-02-23 02:00:51,974 [INFO] Starting cycle 6 / 12
2026-02-23 02:00:51,974 [WARNING] Force stop detected. Exiting run loop.
2026-02-23 02:00:52,368 [WARNING] FORCE STOP button pressed!
2026-02-23 02:00:52,475 [INFO] Run completed safely.
2026-02-23 02:00:52,475 [INFO] System state: IDLE
2026-02-23 02:00:52,475 [INFO] Button states reset.
2026-02-23 02:00:52,476 [INFO] System reset. Waiting for next START.
2026-02-23 02:00:52,519 [WARNING] STOP button pressed but no script is running.
2026-02-23 02:00:52,976 [INFO] Waiting for START button...
2026-02-23 02:00:52,976 [INFO] Waiting for START button...
2026-02-23 02:01:04,290 [INFO] START button pressed.
2026-02-23 02:01:04,291 [INFO] Start signal received.
2026-02-23 02:01:04,291 [INFO] System state: RUNNING
2026-02-23 02:01:04,291 [INFO] START pressed. Running main loop.
2026-02-23 02:01:04,292 [INFO] All systems operational.
2026-02-23 02:01:04,307 [INFO] Loading YOLO model from /home/raspberrypi/cocoon_system/cocoon/models/cocoon_model_v2.pt...
2026-02-23 02:01:04,474 [INFO] YOLO Model loaded successfully.
2026-02-23 02:01:04,493 [INFO] Inference completed.
2026-02-23 02:01:04,494 [INFO] Starting cycle 1 / 12
2026-02-23 02:01:04,494 [INFO] IRMotorController started (target_color=0)
2026-02-23 02:01:04,668 [INFO] IRMotorController finished safely.
2026-02-23 02:01:04,668 [INFO] Starting servo for cycle 1
2026-02-23 02:01:04,669 [INFO] Servo finished for cycle 1
2026-02-23 02:01:07,669 [INFO] Starting cycle 2 / 12
2026-02-23 02:01:07,670 [INFO] IRMotorController started (target_color=1)
2026-02-23 02:01:07,884 [INFO] IRMotorController finished safely.
2026-02-23 02:01:07,884 [INFO] Starting servo for cycle 2
2026-02-23 02:01:07,884 [INFO] Servo finished for cycle 2
2026-02-23 02:01:10,885 [INFO] Starting cycle 3 / 12
2026-02-23 02:01:10,886 [INFO] IRMotorController started (target_color=0)
2026-02-23 02:01:11,019 [INFO] IRMotorController finished safely.
2026-02-23 02:01:11,019 [INFO] Starting servo for cycle 3
2026-02-23 02:01:11,020 [INFO] Servo finished for cycle 3
2026-02-23 02:01:14,020 [INFO] Starting cycle 4 / 12
2026-02-23 02:01:14,021 [INFO] IRMotorController started (target_color=1)
2026-02-23 02:01:16,585 [INFO] IRMotorController finished safely.
2026-02-23 02:01:16,585 [INFO] Starting servo for cycle 4
2026-02-23 02:01:16,586 [INFO] Servo finished for cycle 4
2026-02-23 02:01:19,586 [INFO] Starting cycle 5 / 12
2026-02-23 02:01:19,587 [INFO] IRMotorController started (target_color=0)
2026-02-23 02:01:21,826 [WARNING] FORCE STOP button pressed!
2026-02-23 02:01:22,027 [WARNING] FORCE STOP button pressed!
2026-02-23 02:01:22,178 [WARNING] FORCE STOP button pressed!
2026-02-23 02:01:22,329 [WARNING] FORCE STOP button pressed!
2026-02-23 02:01:22,531 [WARNING] FORCE STOP button pressed!
2026-02-23 02:01:22,782 [WARNING] FORCE STOP button pressed!
2026-02-23 02:01:23,133 [WARNING] FORCE STOP button pressed!
2026-02-23 02:01:23,284 [WARNING] FORCE STOP button pressed!
2026-02-23 02:01:23,769 [INFO] IRMotorController finished safely.
2026-02-23 02:01:23,770 [INFO] Starting servo for cycle 5
2026-02-23 02:01:23,770 [INFO] Servo finished for cycle 5
2026-02-23 02:01:23,835 [WARNING] FORCE STOP button pressed!
2026-02-23 02:01:24,036 [WARNING] FORCE STOP button pressed!
2026-02-23 02:01:26,770 [INFO] Starting cycle 6 / 12
2026-02-23 02:01:26,771 [WARNING] Force stop detected. Exiting run loop.
2026-02-23 02:01:27,271 [INFO] Run completed safely.
2026-02-23 02:01:27,272 [INFO] System state: IDLE
2026-02-23 02:01:27,273 [INFO] Button states reset.
2026-02-23 02:01:27,274 [INFO] System reset. Waiting for next START.
2026-02-23 02:01:27,774 [INFO] Waiting for START button...
2026-02-23 02:01:27,775 [INFO] Waiting for START button...
2026-02-23 02:03:45,005 [INFO] START button pressed.
2026-02-23 02:03:45,006 [INFO] Start signal received.
2026-02-23 02:03:45,007 [INFO] System state: RUNNING
2026-02-23 02:03:45,008 [INFO] START pressed. Running main loop.
2026-02-23 02:03:45,008 [INFO] All systems operational.
2026-02-23 02:03:45,023 [INFO] Loading YOLO model from /home/raspberrypi/cocoon_system/cocoon/models/cocoon_model_v2.pt...
2026-02-23 02:03:45,181 [INFO] YOLO Model loaded successfully.
2026-02-23 02:03:45,202 [INFO] Inference completed.
2026-02-23 02:03:45,203 [INFO] Starting cycle 1 / 12
2026-02-23 02:03:45,204 [INFO] IRMotorController started (target_color=0)
2026-02-23 02:03:45,428 [INFO] IRMotorController finished safely.
2026-02-23 02:03:45,429 [INFO] Starting servo for cycle 1
2026-02-23 02:03:45,429 [INFO] Servo finished for cycle 1
2026-02-23 02:03:48,430 [INFO] Starting cycle 2 / 12
2026-02-23 02:03:48,431 [INFO] IRMotorController started (target_color=1)
2026-02-23 02:03:48,660 [INFO] IRMotorController finished safely.
2026-02-23 02:03:48,660 [INFO] Starting servo for cycle 2
2026-02-23 02:03:48,662 [INFO] Servo finished for cycle 2
2026-02-23 02:03:51,662 [INFO] Starting cycle 3 / 12
2026-02-23 02:03:51,664 [INFO] IRMotorController started (target_color=0)
2026-02-23 02:03:51,831 [INFO] IRMotorController finished safely.
2026-02-23 02:03:51,832 [INFO] Starting servo for cycle 3
2026-02-23 02:03:51,833 [INFO] Servo finished for cycle 3
2026-02-23 02:03:54,835 [INFO] Starting cycle 4 / 12
2026-02-23 02:03:54,837 [INFO] IRMotorController started (target_color=1)
2026-02-23 02:03:58,075 [INFO] IRMotorController finished safely.
2026-02-23 02:03:58,076 [INFO] Starting servo for cycle 4
2026-02-23 02:03:58,076 [INFO] Servo finished for cycle 4
2026-02-23 02:04:01,077 [INFO] Starting cycle 5 / 12
2026-02-23 02:04:01,078 [INFO] IRMotorController started (target_color=0)
2026-02-23 02:04:01,099 [INFO] IRMotorController finished safely.
2026-02-23 02:04:01,099 [INFO] Starting servo for cycle 5
2026-02-23 02:04:01,100 [INFO] Servo finished for cycle 5
2026-02-23 02:04:04,100 [INFO] Starting cycle 6 / 12
2026-02-23 02:04:04,101 [INFO] IRMotorController started (target_color=1)
2026-02-23 02:04:04,617 [INFO] IRMotorController finished safely.
2026-02-23 02:04:04,617 [INFO] Starting servo for cycle 6
2026-02-23 02:04:04,617 [INFO] Servo finished for cycle 6
2026-02-23 02:04:07,618 [INFO] Starting cycle 7 / 12
2026-02-23 02:04:07,619 [INFO] IRMotorController started (target_color=0)
2026-02-23 02:04:09,275 [INFO] IRMotorController finished safely.
2026-02-23 02:04:09,275 [INFO] Starting servo for cycle 7
2026-02-23 02:04:09,276 [INFO] Servo finished for cycle 7
2026-02-23 02:04:12,276 [INFO] Starting cycle 8 / 12
2026-02-23 02:04:12,277 [INFO] IRMotorController started (target_color=1)
2026-02-23 02:04:13,746 [INFO] IRMotorController finished safely.
2026-02-23 02:04:13,746 [INFO] Starting servo for cycle 8
2026-02-23 02:04:13,747 [INFO] Servo finished for cycle 8
2026-02-23 02:04:16,747 [INFO] Starting cycle 9 / 12
2026-02-23 02:04:16,748 [INFO] IRMotorController started (target_color=0)
2026-02-23 02:04:18,801 [INFO] IRMotorController finished safely.
2026-02-23 02:04:18,801 [INFO] Starting servo for cycle 9
2026-02-23 02:04:18,802 [INFO] Servo finished for cycle 9
2026-02-23 02:04:19,535 [WARNING] START button pressed but system already running (ignored).
2026-02-23 02:04:19,786 [WARNING] FORCE STOP button pressed!
2026-02-23 02:04:19,887 [WARNING] FORCE STOP button pressed!
2026-02-23 02:04:20,037 [WARNING] FORCE STOP button pressed!
2026-02-23 02:04:20,188 [WARNING] FORCE STOP button pressed!
2026-02-23 02:04:20,339 [WARNING] FORCE STOP button pressed!
2026-02-23 02:04:20,489 [WARNING] FORCE STOP button pressed!
2026-02-23 02:04:20,791 [WARNING] FORCE STOP button pressed!
2026-02-23 02:04:20,942 [WARNING] FORCE STOP button pressed!
2026-02-23 02:04:21,802 [INFO] Starting cycle 10 / 12
2026-02-23 02:04:21,803 [WARNING] Force stop detected. Exiting run loop.
2026-02-23 02:04:22,303 [INFO] Run completed safely.
2026-02-23 02:04:22,304 [INFO] System state: IDLE
2026-02-23 02:04:22,304 [INFO] Button states reset.
2026-02-23 02:04:22,305 [INFO] System reset. Waiting for next START.
2026-02-23 02:04:22,805 [INFO] Waiting for START button...
2026-02-23 02:04:22,805 [INFO] Waiting for START button...
2026-02-23 02:05:44,049 [WARNING] Program terminated by user.
2026-02-23 02:05:44,050 [INFO] Button GPIO cleaned up.
2026-02-23 02:05:44,051 [INFO] GPIO cleaned up. Program exited safely.
2026-02-23 02:05:56,785 [INFO] Loading YOLO model from /home/raspberrypi/cocoon_system/cocoon/models/cocoon_model_v2.pt...
2026-02-23 02:05:56,918 [INFO] YOLO Model loaded successfully.
2026-02-23 02:05:56,919 [INFO] MotorSystem initialized (2 drivers, 4 motors).
2026-02-23 02:05:56,919 [INFO] Buttons initialized using polling (no edge detection).
2026-02-23 02:05:56,920 [INFO] System booting...
2026-02-23 02:05:56,920 [INFO] Waiting for START button...
2026-02-23 02:05:56,920 [INFO] Waiting for START button...
2026-02-23 02:06:02,829 [INFO] START button pressed.
2026-02-23 02:06:02,830 [INFO] Start signal received.
2026-02-23 02:06:02,831 [INFO] System state: RUNNING
2026-02-23 02:06:02,831 [INFO] START pressed. Running main loop.
2026-02-23 02:06:02,831 [INFO] All systems operational.
2026-02-23 02:06:02,844 [INFO] Loading YOLO model from /home/raspberrypi/cocoon_system/cocoon/models/cocoon_model_v2.pt...
2026-02-23 02:06:02,981 [INFO] YOLO Model loaded successfully.
2026-02-23 02:06:02,981 [INFO] Opening camera interface...
2026-02-23 02:06:02,986 [ERROR] Could not access the camera. Check ribbon cable or USB connection.
2026-02-23 02:06:03,006 [INFO] Inference completed.
2026-02-23 02:06:03,006 [INFO] Starting cycle 1 / 12
2026-02-23 02:06:03,007 [INFO] IRMotorController started (target_color=0)
2026-02-23 02:06:03,214 [INFO] IRMotorController finished safely.
2026-02-23 02:06:03,214 [INFO] Starting servo for cycle 1
2026-02-23 02:06:03,214 [INFO] Servo finished for cycle 1
2026-02-23 02:06:06,215 [INFO] Starting cycle 2 / 12
2026-02-23 02:06:06,215 [INFO] IRMotorController started (target_color=1)
2026-02-23 02:06:06,444 [INFO] IRMotorController finished safely.
2026-02-23 02:06:06,444 [INFO] Starting servo for cycle 2
2026-02-23 02:06:06,444 [INFO] Servo finished for cycle 2
2026-02-23 02:06:09,445 [INFO] Starting cycle 3 / 12
2026-02-23 02:06:09,446 [INFO] IRMotorController started (target_color=0)
2026-02-23 02:06:09,636 [INFO] IRMotorController finished safely.
2026-02-23 02:06:09,636 [INFO] Starting servo for cycle 3
2026-02-23 02:06:09,639 [INFO] Servo finished for cycle 3
2026-02-23 02:06:12,640 [INFO] Starting cycle 4 / 12
2026-02-23 02:06:12,640 [INFO] IRMotorController started (target_color=1)
2026-02-23 02:06:12,722 [INFO] IRMotorController finished safely.
2026-02-23 02:06:12,723 [INFO] Starting servo for cycle 4
2026-02-23 02:06:12,723 [INFO] Servo finished for cycle 4
2026-02-23 02:06:15,723 [INFO] Starting cycle 5 / 12
2026-02-23 02:06:15,724 [INFO] IRMotorController started (target_color=0)
2026-02-23 02:06:25,001 [INFO] System state: IDLE
2026-02-23 02:06:25,002 [INFO] Button states reset.
2026-02-23 02:06:25,002 [INFO] System reset. Waiting for next START.
2026-02-23 02:06:25,003 [WARNING] Program terminated by user.
2026-02-23 02:06:25,003 [INFO] Button GPIO cleaned up.
2026-02-23 02:06:25,003 [INFO] GPIO cleaned up. Program exited safely.
2026-02-23 02:06:51,341 [INFO] Loading YOLO model from /home/raspberrypi/cocoon_system/cocoon/models/cocoon_model_v2.pt...
2026-02-23 02:06:51,477 [INFO] YOLO Model loaded successfully.
2026-02-23 02:06:51,478 [INFO] MotorSystem initialized (2 drivers, 4 motors).
2026-02-23 02:06:51,480 [INFO] Buttons initialized using polling (no edge detection).
2026-02-23 02:06:51,480 [INFO] System booting...
2026-02-23 02:06:51,481 [INFO] Waiting for START button...
2026-02-23 02:06:51,481 [INFO] Waiting for START button...
2026-02-23 02:07:06,694 [WARNING] Program terminated by user.
2026-02-23 02:07:06,695 [INFO] Button GPIO cleaned up.
2026-02-23 02:07:06,696 [INFO] GPIO cleaned up. Program exited safely.
2026-02-23 02:08:02,238 [INFO] Loading YOLO model from /home/raspberrypi/cocoon_system/cocoon/models/cocoon_model_v2.pt...
2026-02-23 02:08:02,368 [INFO] YOLO Model loaded successfully.
2026-02-23 02:08:02,369 [INFO] MotorSystem initialized (2 drivers, 4 motors).
2026-02-23 02:08:02,370 [INFO] Buttons initialized using polling (no edge detection).
2026-02-23 02:08:02,371 [INFO] System booting...
2026-02-23 02:08:02,371 [INFO] Waiting for START button...
2026-02-23 02:08:02,371 [INFO] Waiting for START button...
2026-02-23 02:08:06,380 [INFO] START button pressed.
2026-02-23 02:08:06,383 [INFO] Start signal received.
2026-02-23 02:08:06,383 [INFO] System state: RUNNING
2026-02-23 02:08:06,384 [INFO] START pressed. Running main loop.
2026-02-23 02:08:06,384 [INFO] All systems operational.
2026-02-23 02:08:06,412 [INFO] Loading YOLO model from /home/raspberrypi/cocoon_system/cocoon/models/cocoon_model_v2.pt...
2026-02-23 02:08:06,727 [INFO] YOLO Model loaded successfully.
2026-02-23 02:08:06,728 [INFO] Opening camera interface...
2026-02-23 02:08:06,740 [ERROR] Could not access the camera. Check ribbon cable or USB connection.
2026-02-23 02:08:06,785 [INFO] Inference completed.
2026-02-23 02:08:06,786 [INFO] Starting cycle 1 / 12
2026-02-23 02:08:06,788 [INFO] IRMotorController started (target_color=0)
2026-02-23 02:08:06,904 [INFO] IRMotorController finished safely.
2026-02-23 02:08:06,904 [INFO] Starting servo for cycle 1
2026-02-23 02:08:06,905 [INFO] Servo finished for cycle 1
2026-02-23 02:08:09,906 [INFO] Starting cycle 2 / 12
2026-02-23 02:08:09,908 [INFO] IRMotorController started (target_color=1)
2026-02-23 02:08:17,280 [INFO] IRMotorController finished safely.
2026-02-23 02:08:17,281 [INFO] Starting servo for cycle 2
2026-02-23 02:08:17,282 [INFO] Servo finished for cycle 2
2026-02-23 02:08:19,679 [WARNING] FORCE STOP button pressed!
2026-02-23 02:08:20,283 [INFO] Starting cycle 3 / 12
2026-02-23 02:08:20,284 [WARNING] Force stop detected. Exiting run loop.
2026-02-23 02:08:20,785 [INFO] Run completed safely.
2026-02-23 02:08:20,786 [INFO] System state: IDLE
2026-02-23 02:08:20,787 [INFO] Button states reset.
2026-02-23 02:08:20,788 [INFO] System reset. Waiting for next START.
2026-02-23 02:08:21,289 [INFO] Waiting for START button...
2026-02-23 02:08:21,289 [INFO] Waiting for START button...
2026-02-23 02:08:32,954 [INFO] START button pressed.
2026-02-23 02:08:32,955 [INFO] Start signal received.
2026-02-23 02:08:32,955 [INFO] System state: RUNNING
2026-02-23 02:08:32,955 [INFO] START pressed. Running main loop.
2026-02-23 02:08:32,956 [INFO] All systems operational.
2026-02-23 02:08:32,963 [INFO] Loading YOLO model from /home/raspberrypi/cocoon_system/cocoon/models/cocoon_model_v2.pt...
2026-02-23 02:08:33,082 [INFO] YOLO Model loaded successfully.
2026-02-23 02:08:33,083 [INFO] Opening camera interface...
2026-02-23 02:08:33,087 [ERROR] Could not access the camera. Check ribbon cable or USB connection.
2026-02-23 02:08:33,105 [INFO] Inference completed.
2026-02-23 02:08:33,106 [INFO] Starting cycle 1 / 12
2026-02-23 02:08:33,106 [INFO] IRMotorController started (target_color=0)
2026-02-23 02:08:33,210 [INFO] IRMotorController finished safely.
2026-02-23 02:08:33,210 [INFO] Starting servo for cycle 1
2026-02-23 02:08:33,211 [INFO] Servo finished for cycle 1
2026-02-23 02:08:36,211 [INFO] Starting cycle 2 / 12
2026-02-23 02:08:36,212 [INFO] IRMotorController started (target_color=1)
2026-02-23 02:08:36,304 [INFO] IRMotorController finished safely.
2026-02-23 02:08:36,304 [INFO] Starting servo for cycle 2
2026-02-23 02:08:36,304 [INFO] Servo finished for cycle 2
2026-02-23 02:08:39,305 [INFO] Starting cycle 3 / 12
2026-02-23 02:08:39,307 [INFO] IRMotorController started (target_color=0)
2026-02-23 02:08:48,088 [INFO] System state: IDLE
2026-02-23 02:08:48,088 [INFO] Button states reset.
2026-02-23 02:08:48,089 [INFO] System reset. Waiting for next START.
2026-02-23 02:08:48,089 [WARNING] Program terminated by user.
2026-02-23 02:08:48,090 [INFO] Button GPIO cleaned up.
2026-02-23 02:08:48,090 [INFO] GPIO cleaned up. Program exited safely.
2026-02-23 02:10:04,906 [INFO] Loading YOLO model from /home/raspberrypi/cocoon_system/cocoon/models/cocoon_model_v2.pt...
2026-02-23 02:10:05,043 [INFO] YOLO Model loaded successfully.
2026-02-23 02:10:05,044 [INFO] MotorSystem initialized (2 drivers, 4 motors).
2026-02-23 02:10:05,045 [INFO] Buttons initialized using polling (no edge detection).
2026-02-23 02:10:05,045 [INFO] System booting...
2026-02-23 02:10:05,046 [INFO] Waiting for START button...
2026-02-23 02:10:05,046 [INFO] Waiting for START button...
2026-02-23 02:10:35,249 [INFO] START button pressed.
2026-02-23 02:10:35,250 [INFO] Start signal received.
2026-02-23 02:10:35,251 [INFO] System state: RUNNING
2026-02-23 02:10:35,251 [INFO] START pressed. Running main loop.
2026-02-23 02:10:35,252 [INFO] All systems operational.
2026-02-23 02:10:35,273 [INFO] Loading YOLO model from /home/raspberrypi/cocoon_system/cocoon/models/cocoon_model_v2.pt...
2026-02-23 02:10:35,439 [INFO] YOLO Model loaded successfully.
2026-02-23 02:10:35,439 [INFO] Opening camera interface...
2026-02-23 02:10:35,444 [ERROR] Could not access the camera. Check ribbon cable or USB connection.
2026-02-23 02:10:35,463 [INFO] Inference completed.
2026-02-23 02:10:35,463 [INFO] Starting cycle 1 / 12
2026-02-23 02:10:35,471 [INFO] IRMotorController started (target_color=0)
2026-02-23 02:10:41,910 [INFO] IRMotorController finished safely.
2026-02-23 02:10:41,910 [INFO] Starting servo for cycle 1
2026-02-23 02:10:41,911 [INFO] Servo finished for cycle 1
2026-02-23 02:10:43,367 [INFO] System state: IDLE
2026-02-23 02:10:43,367 [INFO] Button states reset.
2026-02-23 02:10:43,368 [INFO] System reset. Waiting for next START.
2026-02-23 02:10:43,368 [WARNING] Program terminated by user.
2026-02-23 02:10:43,369 [INFO] Button GPIO cleaned up.
2026-02-23 02:10:43,369 [INFO] GPIO cleaned up. Program exited safely.
2026-02-23 02:11:12,570 [INFO] Loading YOLO model from /home/raspberrypi/cocoon_system/cocoon/models/cocoon_model_v2.pt...
2026-02-23 02:11:12,723 [INFO] YOLO Model loaded successfully.
2026-02-23 02:11:12,724 [INFO] MotorSystem initialized (2 drivers, 4 motors).
2026-02-23 02:11:12,725 [INFO] Buttons initialized using polling (no edge detection).
2026-02-23 02:11:12,726 [INFO] System booting...
2026-02-23 02:11:12,726 [INFO] Waiting for START button...
2026-02-23 02:11:12,726 [INFO] Waiting for START button...
2026-02-23 02:11:17,533 [INFO] START button pressed.
2026-02-23 02:11:17,534 [INFO] Start signal received.
2026-02-23 02:11:17,534 [INFO] System state: RUNNING
2026-02-23 02:11:17,534 [INFO] START pressed. Running main loop.
2026-02-23 02:11:17,534 [INFO] All systems operational.
2026-02-23 02:11:17,545 [INFO] Loading YOLO model from /home/raspberrypi/cocoon_system/cocoon/models/cocoon_model_v2.pt...
2026-02-23 02:11:17,695 [INFO] YOLO Model loaded successfully.
2026-02-23 02:11:17,696 [INFO] Opening camera interface...
2026-02-23 02:11:17,700 [ERROR] Could not access the camera. Check ribbon cable or USB connection.
2026-02-23 02:11:17,725 [INFO] Inference completed.
2026-02-23 02:11:17,726 [INFO] Starting cycle 1 / 12
2026-02-23 02:11:17,734 [INFO] IRMotorController started (target_color=0)
2026-02-23 02:11:17,896 [INFO] IRMotorController finished safely.
2026-02-23 02:11:17,897 [INFO] Starting servo for cycle 1
2026-02-23 02:11:17,897 [INFO] Servo finished for cycle 1
2026-02-23 02:11:20,898 [INFO] Starting cycle 2 / 12
2026-02-23 02:11:20,914 [INFO] IRMotorController started (target_color=1)
2026-02-23 02:11:20,975 [INFO] IRMotorController finished safely.
2026-02-23 02:11:20,976 [INFO] Starting servo for cycle 2
2026-02-23 02:11:20,977 [INFO] Servo finished for cycle 2
2026-02-23 02:11:23,978 [INFO] Starting cycle 3 / 12
2026-02-23 02:11:23,985 [INFO] IRMotorController started (target_color=0)
2026-02-23 02:11:34,964 [INFO] System state: IDLE
2026-02-23 02:11:34,965 [INFO] Button states reset.
2026-02-23 02:11:34,966 [INFO] System reset. Waiting for next START.
2026-02-23 02:11:34,967 [WARNING] Program terminated by user.
2026-02-23 02:11:34,967 [INFO] Button GPIO cleaned up.
2026-02-23 02:11:34,967 [INFO] GPIO cleaned up. Program exited safely.
2026-02-23 02:12:46,321 [INFO] Loading YOLO model from /home/raspberrypi/cocoon_system/cocoon/models/cocoon_model_v2.pt...
2026-02-23 02:12:46,460 [INFO] YOLO Model loaded successfully.
2026-02-23 02:12:46,461 [INFO] MotorSystem initialized (2 drivers, 4 motors).
2026-02-23 02:12:46,462 [INFO] Buttons initialized using polling (no edge detection).
2026-02-23 02:12:46,462 [INFO] System booting...
2026-02-23 02:12:46,462 [INFO] Waiting for START button...
2026-02-23 02:12:46,463 [INFO] Waiting for START button...
2026-02-23 02:12:50,569 [INFO] START button pressed.
2026-02-23 02:12:50,569 [INFO] Start signal received.
2026-02-23 02:12:50,569 [INFO] System state: RUNNING
2026-02-23 02:12:50,569 [INFO] START pressed. Running main loop.
2026-02-23 02:12:50,570 [INFO] All systems operational.
2026-02-23 02:12:50,579 [INFO] Loading YOLO model from /home/raspberrypi/cocoon_system/cocoon/models/cocoon_model_v2.pt...
2026-02-23 02:12:50,707 [INFO] YOLO Model loaded successfully.
2026-02-23 02:12:50,707 [INFO] Opening camera interface...
2026-02-23 02:12:54,187 [INFO] Image captured successfully.
2026-02-23 02:12:54,320 [INFO] Captured frame saved: /home/raspberrypi/cocoon_system/cocoon/../output/frame_20260223_021254.jpg
2026-02-23 02:12:54,321 [INFO] Running YOLO Inference on captured frame...
2026-02-23 02:12:56,616 [ERROR] Not enough detections to establish grid pattern (Found <12 items).
2026-02-23 02:12:56,632 [INFO] Inference completed.
2026-02-23 02:12:56,632 [INFO] Starting cycle 1 / 12
2026-02-23 02:12:56,641 [INFO] IRMotorController started (target_color=0)
2026-02-23 02:13:04,175 [INFO] IRMotorController finished safely.
2026-02-23 02:13:04,176 [INFO] Starting servo for cycle 1
2026-02-23 02:13:04,177 [INFO] Servo finished for cycle 1
2026-02-23 02:13:06,181 [WARNING] FORCE STOP button pressed!
2026-02-23 02:13:06,382 [WARNING] FORCE STOP button pressed!
2026-02-23 02:13:06,482 [WARNING] FORCE STOP button pressed!
2026-02-23 02:13:06,833 [WARNING] FORCE STOP button pressed!
2026-02-23 02:13:07,177 [INFO] Starting cycle 2 / 12
2026-02-23 02:13:07,185 [WARNING] FORCE STOP button pressed!
2026-02-23 02:13:07,186 [WARNING] Force stop detected. Exiting run loop.
2026-02-23 02:13:07,386 [WARNING] FORCE STOP button pressed!
2026-02-23 02:13:07,537 [WARNING] FORCE STOP button pressed!
2026-02-23 02:13:07,686 [INFO] Run completed safely.
2026-02-23 02:13:07,687 [INFO] System state: IDLE
2026-02-23 02:13:07,687 [INFO] Button states reset.
2026-02-23 02:13:07,687 [INFO] System reset. Waiting for next START.
2026-02-23 02:13:07,888 [WARNING] STOP button pressed but no script is running.
2026-02-23 02:13:08,188 [INFO] Waiting for START button...
2026-02-23 02:13:08,188 [INFO] Waiting for START button...
2026-02-24 15:10:18,953 [INFO] MotorSystem initialized (2 drivers, 4 motors).
2026-02-24 15:15:15,085 [INFO] Loading YOLO model from /home/raspberrypi/cocoon_system/cocoon/models/cocoon_model_v2.pt...
2026-02-24 15:15:15,355 [INFO] YOLO Model loaded successfully.
2026-02-24 15:15:15,356 [INFO] MotorSystem initialized (2 drivers, 4 motors).
2026-02-24 15:15:15,357 [INFO] Buttons initialized using polling (no edge detection).
2026-02-24 15:15:15,358 [INFO] System booting...
2026-02-24 15:15:15,358 [INFO] Waiting for START button...
2026-02-24 15:15:15,358 [INFO] Waiting for START button...
2026-02-24 15:15:44,458 [WARNING] Program terminated by user.
2026-02-24 15:15:44,458 [INFO] Button GPIO cleaned up.
2026-02-24 15:15:44,459 [INFO] GPIO cleaned up. Program exited safely.
2026-02-24 15:15:58,091 [INFO] MotorSystem initialized (2 drivers, 4 motors).
2026-02-24 15:34:17,997 [INFO] MotorSystem initialized (2 drivers, 4 motors).
2026-02-24 15:41:40,894 [INFO] Loading YOLO model from /home/raspberrypi/cocoon_system/cocoon/models/cocoon_model_v2.pt...
2026-02-24 15:41:41,030 [INFO] YOLO Model loaded successfully.
2026-02-24 15:41:41,031 [INFO] MotorSystem initialized (2 drivers, 4 motors).
2026-02-24 15:41:41,032 [INFO] Buttons initialized using polling (no edge detection).
2026-02-24 15:41:41,032 [INFO] System booting...
2026-02-24 15:41:41,032 [INFO] Waiting for START button...
2026-02-24 15:41:41,033 [INFO] Waiting for START button...
2026-02-24 15:52:49,187 [WARNING] Program terminated by user.
2026-02-24 15:52:49,188 [INFO] Button GPIO cleaned up.
2026-02-24 15:52:49,192 [INFO] GPIO cleaned up. Program exited safely.
2026-02-24 15:53:29,857 [INFO] Loading YOLO model from /home/raspberrypi/cocoon_system/cocoon/models/cocoon_model_v2.pt...
2026-02-24 15:53:29,990 [INFO] YOLO Model loaded successfully.
2026-02-24 15:53:29,991 [INFO] Buttons initialized using polling (no edge detection).
2026-02-24 15:53:29,991 [INFO] System booting...
2026-02-24 15:53:29,991 [INFO] Waiting for START button...
2026-02-24 15:53:29,991 [INFO] Waiting for START button...
2026-02-24 15:56:46,880 [INFO] START button pressed.
2026-02-24 15:56:46,881 [INFO] Start signal received.
2026-02-24 15:56:46,881 [INFO] System state: RUNNING
2026-02-24 15:56:46,882 [INFO] START pressed. Running main loop.
2026-02-24 15:56:46,882 [INFO] All systems operational.
2026-02-24 15:56:46,910 [INFO] Loading YOLO model from /home/raspberrypi/cocoon_system/cocoon/models/cocoon_model_v2.pt...
2026-02-24 15:56:47,075 [INFO] YOLO Model loaded successfully.
2026-02-24 15:56:47,108 [INFO] Inference completed.
2026-02-24 15:56:47,109 [INFO] Starting cycle 1 / 12
2026-02-24 15:56:47,117 [INFO] Starting servo for cycle 1
2026-02-24 15:56:47,118 [INFO] Servo finished for cycle 1
2026-02-24 15:56:50,118 [INFO] Starting cycle 2 / 12
2026-02-24 15:56:50,126 [INFO] Starting servo for cycle 2
2026-02-24 15:56:50,127 [INFO] Servo finished for cycle 2
2026-02-24 15:56:53,127 [INFO] Starting cycle 3 / 12
2026-02-24 15:56:53,143 [INFO] Starting servo for cycle 3
2026-02-24 15:56:53,144 [INFO] Servo finished for cycle 3
2026-02-24 15:56:56,145 [INFO] Starting cycle 4 / 12
2026-02-24 15:56:56,161 [INFO] Starting servo for cycle 4
2026-02-24 15:56:56,162 [INFO] Servo finished for cycle 4
2026-02-24 15:56:57,918 [WARNING] START button pressed but system already running (ignored).
2026-02-24 15:56:58,810 [INFO] System state: IDLE
2026-02-24 15:56:58,811 [INFO] Button states reset.
2026-02-24 15:56:58,812 [INFO] System reset. Waiting for next START.
2026-02-24 15:56:58,813 [WARNING] Program terminated by user.
2026-02-24 15:56:58,813 [INFO] Button GPIO cleaned up.
2026-02-24 15:56:58,814 [INFO] GPIO cleaned up. Program exited safely.
2026-02-24 16:00:29,748 [INFO] Loading YOLO model from /home/raspberrypi/cocoon_system/cocoon/models/cocoon_model_v2.pt...
2026-02-24 16:00:30,073 [INFO] YOLO Model loaded successfully.
2026-02-24 16:00:30,075 [INFO] Buttons initialized using polling (no edge detection).
2026-02-24 16:00:30,076 [INFO] System booting...
2026-02-24 16:00:30,076 [INFO] Waiting for START button...
2026-02-24 16:00:30,077 [INFO] Waiting for START button...
2026-02-24 16:00:41,001 [INFO] START button pressed.
2026-02-24 16:00:41,002 [INFO] Start signal received.
2026-02-24 16:00:41,003 [INFO] System state: RUNNING
2026-02-24 16:00:41,003 [INFO] START pressed. Running main loop.
2026-02-24 16:00:41,004 [INFO] All systems operational.
2026-02-24 16:00:41,025 [INFO] Loading YOLO model from /home/raspberrypi/cocoon_system/cocoon/models/cocoon_model_v2.pt...
2026-02-24 16:00:41,198 [INFO] YOLO Model loaded successfully.
2026-02-24 16:00:41,225 [INFO] Inference completed.
2026-02-24 16:00:41,225 [INFO] Starting cycle 1 / 12
2026-02-24 16:00:41,235 [INFO] Starting servo for cycle 1
2026-02-24 16:00:41,235 [INFO] Servo finished for cycle 1
2026-02-24 16:00:41,658 [WARNING] FORCE STOP button pressed!
2026-02-24 16:00:44,236 [INFO] Starting cycle 2 / 12
2026-02-24 16:00:44,254 [WARNING] Force stop detected. Exiting run loop.
2026-02-24 16:00:44,754 [INFO] Run completed safely.
2026-02-24 16:00:44,755 [INFO] System state: IDLE
2026-02-24 16:00:44,755 [INFO] Button states reset.
2026-02-24 16:00:44,756 [INFO] System reset. Waiting for next START.
2026-02-24 16:00:45,256 [INFO] Waiting for START button...
2026-02-24 16:00:45,257 [INFO] Waiting for START button...
2026-02-24 16:00:59,006 [INFO] START button pressed.
2026-02-24 16:00:59,006 [INFO] Start signal received.
2026-02-24 16:00:59,007 [INFO] System state: RUNNING
2026-02-24 16:00:59,008 [INFO] START pressed. Running main loop.
2026-02-24 16:00:59,008 [INFO] All systems operational.
2026-02-24 16:00:59,025 [INFO] Loading YOLO model from /home/raspberrypi/cocoon_system/cocoon/models/cocoon_model_v2.pt...
2026-02-24 16:00:59,200 [INFO] YOLO Model loaded successfully.
2026-02-24 16:00:59,226 [INFO] Inference completed.
2026-02-24 16:00:59,227 [INFO] Starting cycle 1 / 12
2026-02-24 16:00:59,237 [INFO] Starting servo for cycle 1
2026-02-24 16:00:59,238 [INFO] Servo finished for cycle 1
2026-02-24 16:01:02,239 [INFO] Starting cycle 2 / 12
2026-02-24 16:01:02,256 [INFO] Starting servo for cycle 2
2026-02-24 16:01:02,257 [INFO] Servo finished for cycle 2
2026-02-24 16:01:04,223 [WARNING] START button pressed but system already running (ignored).
2026-02-24 16:01:04,324 [WARNING] FORCE STOP button pressed!
2026-02-24 16:01:05,257 [INFO] Starting cycle 3 / 12
2026-02-24 16:01:05,270 [WARNING] Force stop detected. Exiting run loop.
2026-02-24 16:01:05,771 [INFO] Run completed safely.
2026-02-24 16:01:05,772 [INFO] System state: IDLE
2026-02-24 16:01:05,781 [INFO] Button states reset.
2026-02-24 16:01:05,782 [INFO] System reset. Waiting for next START.
2026-02-24 16:01:06,283 [INFO] Waiting for START button...
2026-02-24 16:01:06,284 [INFO] Waiting for START button...
2026-02-24 16:01:10,037 [WARNING] STOP button pressed but no script is running.
2026-02-24 16:01:14,599 [WARNING] STOP button pressed but no script is running.
2026-02-24 16:01:20,115 [WARNING] STOP button pressed but no script is running.
2026-02-24 16:01:25,476 [WARNING] Program terminated by user.
2026-02-24 16:01:25,476 [INFO] Button GPIO cleaned up.
2026-02-24 16:01:25,477 [INFO] GPIO cleaned up. Program exited safely.
2026-02-24 16:06:40,285 [INFO] Loading YOLO model from /home/raspberrypi/cocoon_system/cocoon/models/cocoon_model_v2.pt...
2026-02-24 16:06:40,415 [INFO] YOLO Model loaded successfully.
2026-02-24 16:06:40,416 [INFO] Buttons initialized using polling (no edge detection).
2026-02-24 16:06:40,416 [INFO] System booting...
2026-02-24 16:06:40,417 [INFO] Waiting for START button...
2026-02-24 16:06:40,417 [INFO] Waiting for START button...
2026-02-24 16:06:43,573 [INFO] START button pressed.
2026-02-24 16:06:43,573 [INFO] Start signal received.
2026-02-24 16:06:43,573 [INFO] System state: RUNNING
2026-02-24 16:06:43,574 [INFO] START pressed. Running main loop.
2026-02-24 16:06:43,574 [INFO] All systems operational.
2026-02-24 16:06:43,584 [INFO] Loading YOLO model from /home/raspberrypi/cocoon_system/cocoon/models/cocoon_model_v2.pt...
2026-02-24 16:06:43,714 [INFO] YOLO Model loaded successfully.
2026-02-24 16:06:43,736 [INFO] Inference completed.
2026-02-24 16:06:43,737 [INFO] Starting cycle 1 / 12
2026-02-24 16:06:43,745 [INFO] Starting servo for cycle 1
2026-02-24 16:06:43,745 [INFO] Servo finished for cycle 1
2026-02-24 16:06:46,745 [INFO] Starting cycle 2 / 12
2026-02-24 16:06:46,754 [INFO] Starting servo for cycle 2
2026-02-24 16:06:46,754 [INFO] Servo finished for cycle 2
2026-02-24 16:06:49,755 [INFO] Starting cycle 3 / 12
2026-02-24 16:06:49,762 [INFO] Starting servo for cycle 3
2026-02-24 16:06:49,762 [INFO] Servo finished for cycle 3
2026-02-24 16:06:52,763 [INFO] Starting cycle 4 / 12
2026-02-24 16:06:52,781 [INFO] Starting servo for cycle 4
2026-02-24 16:06:52,781 [INFO] Servo finished for cycle 4
2026-02-24 16:06:55,782 [INFO] Starting cycle 5 / 12
2026-02-24 16:06:55,797 [INFO] Starting servo for cycle 5
2026-02-24 16:06:55,798 [INFO] Servo finished for cycle 5
2026-02-24 16:06:58,798 [INFO] Starting cycle 6 / 12
2026-02-24 16:06:58,805 [INFO] Starting servo for cycle 6
2026-02-24 16:06:58,806 [INFO] Servo finished for cycle 6
2026-02-24 16:07:01,806 [INFO] Starting cycle 7 / 12
2026-02-24 16:07:01,821 [INFO] Starting servo for cycle 7
2026-02-24 16:07:01,821 [INFO] Servo finished for cycle 7
2026-02-24 16:07:04,822 [INFO] Starting cycle 8 / 12
2026-02-24 16:07:04,829 [INFO] Starting servo for cycle 8
2026-02-24 16:07:04,830 [INFO] Servo finished for cycle 8
2026-02-24 16:07:07,830 [INFO] Starting cycle 9 / 12
2026-02-24 16:07:07,844 [INFO] Starting servo for cycle 9
2026-02-24 16:07:07,845 [INFO] Servo finished for cycle 9
2026-02-24 16:07:10,846 [INFO] Starting cycle 10 / 12
2026-02-24 16:07:10,859 [INFO] Starting servo for cycle 10
2026-02-24 16:07:10,860 [INFO] Servo finished for cycle 10
2026-02-24 16:07:13,860 [INFO] Starting cycle 11 / 12
2026-02-24 16:07:13,878 [INFO] Starting servo for cycle 11
2026-02-24 16:07:13,880 [INFO] Servo finished for cycle 11
2026-02-24 16:07:16,880 [INFO] Starting cycle 12 / 12
2026-02-24 16:07:16,889 [INFO] Starting servo for cycle 12
2026-02-24 16:07:16,889 [INFO] Servo finished for cycle 12
2026-02-24 16:07:20,390 [INFO] Run completed safely.
2026-02-24 16:07:20,391 [INFO] System state: IDLE
2026-02-24 16:07:20,391 [INFO] Button states reset.
2026-02-24 16:07:20,391 [INFO] System reset. Waiting for next START.
2026-02-24 16:07:20,891 [INFO] Waiting for START button...
2026-02-24 16:07:20,892 [INFO] Waiting for START button...
2026-02-24 16:07:59,446 [WARNING] STOP button pressed but no script is running.
2026-02-24 16:08:40,895 [INFO] START button pressed.
2026-02-24 16:08:40,895 [INFO] Start signal received.
2026-02-24 16:08:40,896 [INFO] System state: RUNNING
2026-02-24 16:08:40,896 [INFO] START pressed. Running main loop.
2026-02-24 16:08:40,896 [INFO] All systems operational.
2026-02-24 16:08:40,904 [INFO] Loading YOLO model from /home/raspberrypi/cocoon_system/cocoon/models/cocoon_model_v2.pt...
2026-02-24 16:08:41,161 [INFO] YOLO Model loaded successfully.
2026-02-24 16:08:41,206 [INFO] Inference completed.
2026-02-24 16:08:41,206 [INFO] Starting cycle 1 / 12
2026-02-24 16:08:41,223 [INFO] Starting servo for cycle 1
2026-02-24 16:08:41,223 [INFO] Servo finished for cycle 1
2026-02-24 16:08:44,224 [INFO] Starting cycle 2 / 12
2026-02-24 16:08:44,231 [INFO] Starting servo for cycle 2
2026-02-24 16:08:44,231 [INFO] Servo finished for cycle 2
2026-02-24 16:08:47,231 [INFO] Starting cycle 3 / 12
2026-02-24 16:08:47,248 [INFO] Starting servo for cycle 3
2026-02-24 16:08:47,249 [INFO] Servo finished for cycle 3
2026-02-24 16:08:50,249 [INFO] Starting cycle 4 / 12
2026-02-24 16:08:50,256 [INFO] Starting servo for cycle 4
2026-02-24 16:08:50,257 [INFO] Servo finished for cycle 4
2026-02-24 16:08:53,257 [INFO] Starting cycle 5 / 12
2026-02-24 16:08:53,274 [INFO] Starting servo for cycle 5
2026-02-24 16:08:53,275 [INFO] Servo finished for cycle 5
2026-02-24 16:08:56,275 [INFO] Starting cycle 6 / 12
2026-02-24 16:08:56,291 [INFO] Starting servo for cycle 6
2026-02-24 16:08:56,291 [INFO] Servo finished for cycle 6
2026-02-24 16:08:59,292 [INFO] Starting cycle 7 / 12
2026-02-24 16:08:59,308 [INFO] Starting servo for cycle 7
2026-02-24 16:08:59,308 [INFO] Servo finished for cycle 7
2026-02-24 16:09:02,309 [INFO] Starting cycle 8 / 12
2026-02-24 16:09:02,325 [INFO] Starting servo for cycle 8
2026-02-24 16:09:02,327 [INFO] Servo finished for cycle 8
2026-02-24 16:09:05,328 [INFO] Starting cycle 9 / 12
2026-02-24 16:09:05,343 [INFO] Starting servo for cycle 9
2026-02-24 16:09:05,344 [INFO] Servo finished for cycle 9
2026-02-24 16:09:08,345 [INFO] Starting cycle 10 / 12
2026-02-24 16:09:08,352 [INFO] Starting servo for cycle 10
2026-02-24 16:09:08,352 [INFO] Servo finished for cycle 10
2026-02-24 16:09:11,353 [INFO] Starting cycle 11 / 12
2026-02-24 16:09:11,360 [INFO] Starting servo for cycle 11
2026-02-24 16:09:11,361 [INFO] Servo finished for cycle 11
2026-02-24 16:09:14,361 [INFO] Starting cycle 12 / 12
2026-02-24 16:09:14,377 [INFO] Starting servo for cycle 12
2026-02-24 16:09:14,377 [INFO] Servo finished for cycle 12
2026-02-24 16:09:17,878 [INFO] Run completed safely.
2026-02-24 16:09:17,878 [INFO] System state: IDLE
2026-02-24 16:09:17,879 [INFO] Button states reset.
2026-02-24 16:09:17,879 [INFO] System reset. Waiting for next START.
2026-02-24 16:09:18,039 [WARNING] STOP button pressed but no script is running.
2026-02-24 16:09:18,379 [INFO] Waiting for START button...
2026-02-24 16:09:18,380 [INFO] Waiting for START button...
2026-02-24 16:09:27,816 [WARNING] STOP button pressed but no script is running.
2026-02-24 16:09:31,173 [INFO] START button pressed.
2026-02-24 16:09:31,173 [INFO] Start signal received.
2026-02-24 16:09:31,173 [INFO] System state: RUNNING
2026-02-24 16:09:31,174 [INFO] START pressed. Running main loop.
2026-02-24 16:09:31,174 [INFO] All systems operational.
2026-02-24 16:09:31,182 [INFO] Loading YOLO model from /home/raspberrypi/cocoon_system/cocoon/models/cocoon_model_v2.pt...
2026-02-24 16:09:31,348 [INFO] YOLO Model loaded successfully.
2026-02-24 16:09:31,393 [INFO] Inference completed.
2026-02-24 16:09:31,394 [INFO] Starting cycle 1 / 12
2026-02-24 16:09:31,410 [INFO] Starting servo for cycle 1
2026-02-24 16:09:31,411 [INFO] Servo finished for cycle 1
2026-02-24 16:09:34,411 [INFO] Starting cycle 2 / 12
2026-02-24 16:09:34,419 [INFO] Starting servo for cycle 2
2026-02-24 16:09:34,419 [INFO] Servo finished for cycle 2
2026-02-24 16:09:37,420 [INFO] Starting cycle 3 / 12
2026-02-24 16:09:37,436 [INFO] Starting servo for cycle 3
2026-02-24 16:09:37,437 [INFO] Servo finished for cycle 3
2026-02-24 16:09:40,438 [INFO] Starting cycle 4 / 12
2026-02-24 16:09:40,452 [INFO] Starting servo for cycle 4
2026-02-24 16:09:40,452 [INFO] Servo finished for cycle 4
2026-02-24 16:09:43,453 [INFO] Starting cycle 5 / 12
2026-02-24 16:09:43,460 [INFO] Starting servo for cycle 5
2026-02-24 16:09:43,460 [INFO] Servo finished for cycle 5
2026-02-24 16:09:46,461 [INFO] Starting cycle 6 / 12
2026-02-24 16:09:46,468 [INFO] Starting servo for cycle 6
2026-02-24 16:09:46,469 [INFO] Servo finished for cycle 6
2026-02-24 16:09:49,469 [INFO] Starting cycle 7 / 12
2026-02-24 16:09:49,476 [INFO] Starting servo for cycle 7
2026-02-24 16:09:49,477 [INFO] Servo finished for cycle 7
2026-02-24 16:09:52,478 [INFO] Starting cycle 8 / 12
2026-02-24 16:09:52,494 [INFO] Starting servo for cycle 8
2026-02-24 16:09:52,495 [INFO] Servo finished for cycle 8
2026-02-24 16:09:55,496 [INFO] Starting cycle 9 / 12
2026-02-24 16:09:55,504 [INFO] Starting servo for cycle 9
2026-02-24 16:09:55,504 [INFO] Servo finished for cycle 9
2026-02-24 16:09:58,505 [INFO] Starting cycle 10 / 12
2026-02-24 16:09:58,521 [INFO] Starting servo for cycle 10
2026-02-24 16:09:58,522 [INFO] Servo finished for cycle 10
2026-02-24 16:10:01,522 [INFO] Starting cycle 11 / 12
2026-02-24 16:10:01,529 [INFO] Starting servo for cycle 11
2026-02-24 16:10:01,530 [INFO] Servo finished for cycle 11
2026-02-24 16:10:04,530 [INFO] Starting cycle 12 / 12
2026-02-24 16:10:04,546 [INFO] Starting servo for cycle 12
2026-02-24 16:10:04,547 [INFO] Servo finished for cycle 12
2026-02-24 16:10:08,047 [INFO] Run completed safely.
2026-02-24 16:10:08,047 [INFO] System state: IDLE
2026-02-24 16:10:08,048 [INFO] Button states reset.
2026-02-24 16:10:08,048 [INFO] System reset. Waiting for next START.
2026-02-24 16:10:08,548 [INFO] Waiting for START button...
2026-02-24 16:10:08,549 [INFO] Waiting for START button...
2026-02-24 16:10:11,586 [WARNING] STOP button pressed but no script is running.
2026-02-24 16:10:24,124 [INFO] START button pressed.
2026-02-24 16:10:24,125 [INFO] Start signal received.
2026-02-24 16:10:24,125 [INFO] System state: RUNNING
2026-02-24 16:10:24,126 [INFO] START pressed. Running main loop.
2026-02-24 16:10:24,127 [INFO] All systems operational.
2026-02-24 16:10:24,142 [INFO] Loading YOLO model from /home/raspberrypi/cocoon_system/cocoon/models/cocoon_model_v2.pt...
2026-02-24 16:10:24,438 [INFO] YOLO Model loaded successfully.
2026-02-24 16:10:24,483 [INFO] Inference completed.
2026-02-24 16:10:24,483 [INFO] Starting cycle 1 / 12
2026-02-24 16:10:24,499 [INFO] Starting servo for cycle 1
2026-02-24 16:10:24,500 [INFO] Servo finished for cycle 1
2026-02-24 16:10:27,500 [INFO] Starting cycle 2 / 12
2026-02-24 16:10:27,507 [INFO] Starting servo for cycle 2
2026-02-24 16:10:27,508 [INFO] Servo finished for cycle 2
2026-02-24 16:10:30,508 [INFO] Starting cycle 3 / 12
2026-02-24 16:10:30,515 [INFO] Starting servo for cycle 3
2026-02-24 16:10:30,516 [INFO] Servo finished for cycle 3
2026-02-24 16:10:33,516 [INFO] Starting cycle 4 / 12
2026-02-24 16:10:33,534 [INFO] Starting servo for cycle 4
2026-02-24 16:10:33,535 [INFO] Servo finished for cycle 4
2026-02-24 16:10:36,536 [INFO] Starting cycle 5 / 12
2026-02-24 16:10:36,554 [INFO] Starting servo for cycle 5
2026-02-24 16:10:36,555 [INFO] Servo finished for cycle 5
2026-02-24 16:10:39,557 [INFO] Starting cycle 6 / 12
2026-02-24 16:10:39,564 [INFO] Starting servo for cycle 6
2026-02-24 16:10:39,564 [INFO] Servo finished for cycle 6
2026-02-24 16:10:42,565 [INFO] Starting cycle 7 / 12
2026-02-24 16:10:42,582 [INFO] Starting servo for cycle 7
2026-02-24 16:10:42,583 [INFO] Servo finished for cycle 7
2026-02-24 16:10:43,032 [WARNING] FORCE STOP button pressed!
2026-02-24 16:10:45,584 [INFO] Starting cycle 8 / 12
2026-02-24 16:10:45,599 [WARNING] Force stop detected. Exiting run loop.
2026-02-24 16:10:46,100 [INFO] Run completed safely.
2026-02-24 16:10:46,100 [INFO] System state: IDLE
2026-02-24 16:10:46,100 [INFO] Button states reset.
2026-02-24 16:10:46,101 [INFO] System reset. Waiting for next START.
2026-02-24 16:10:46,602 [INFO] Waiting for START button...
2026-02-24 16:10:46,602 [INFO] Waiting for START button...
2026-02-24 16:10:59,788 [INFO] START button pressed.
2026-02-24 16:10:59,788 [INFO] Start signal received.
2026-02-24 16:10:59,789 [INFO] System state: RUNNING
2026-02-24 16:10:59,789 [INFO] START pressed. Running main loop.
2026-02-24 16:10:59,789 [INFO] All systems operational.
2026-02-24 16:10:59,797 [INFO] Loading YOLO model from /home/raspberrypi/cocoon_system/cocoon/models/cocoon_model_v2.pt...
2026-02-24 16:11:00,073 [INFO] YOLO Model loaded successfully.
2026-02-24 16:11:00,119 [INFO] Inference completed.
2026-02-24 16:11:00,120 [INFO] Starting cycle 1 / 12
2026-02-24 16:11:00,136 [INFO] Starting servo for cycle 1
2026-02-24 16:11:00,137 [INFO] Servo finished for cycle 1
2026-02-24 16:11:03,138 [INFO] Starting cycle 2 / 12
2026-02-24 16:11:03,153 [INFO] Starting servo for cycle 2
2026-02-24 16:11:03,154 [INFO] Servo finished for cycle 2
2026-02-24 16:11:06,155 [INFO] Starting cycle 3 / 12
2026-02-24 16:11:06,171 [INFO] Starting servo for cycle 3
2026-02-24 16:11:06,172 [INFO] Servo finished for cycle 3
2026-02-24 16:11:09,172 [INFO] Starting cycle 4 / 12
2026-02-24 16:11:09,189 [INFO] Starting servo for cycle 4
2026-02-24 16:11:09,190 [INFO] Servo finished for cycle 4
2026-02-24 16:11:12,191 [INFO] Starting cycle 5 / 12
2026-02-24 16:11:12,198 [INFO] Starting servo for cycle 5
2026-02-24 16:11:12,199 [INFO] Servo finished for cycle 5
2026-02-24 16:11:15,199 [INFO] Starting cycle 6 / 12
2026-02-24 16:11:15,216 [INFO] Starting servo for cycle 6
2026-02-24 16:11:15,217 [INFO] Servo finished for cycle 6
2026-02-24 16:11:18,218 [INFO] Starting cycle 7 / 12
2026-02-24 16:11:18,225 [INFO] Starting servo for cycle 7
2026-02-24 16:11:18,225 [INFO] Servo finished for cycle 7
2026-02-24 16:11:18,404 [WARNING] FORCE STOP button pressed!
2026-02-24 16:11:21,226 [INFO] Starting cycle 8 / 12
2026-02-24 16:11:21,242 [WARNING] Force stop detected. Exiting run loop.
2026-02-24 16:11:21,742 [INFO] Run completed safely.
2026-02-24 16:11:21,743 [INFO] System state: IDLE
2026-02-24 16:11:21,743 [INFO] Button states reset.
2026-02-24 16:11:21,744 [INFO] System reset. Waiting for next START.
2026-02-24 16:11:22,244 [INFO] Waiting for START button...
2026-02-24 16:11:22,245 [INFO] Waiting for START button...
2026-02-24 16:11:43,770 [INFO] START button pressed.
2026-02-24 16:11:43,771 [INFO] Start signal received.
2026-02-24 16:11:43,772 [INFO] System state: RUNNING
2026-02-24 16:11:43,772 [INFO] START pressed. Running main loop.
2026-02-24 16:11:43,773 [INFO] All systems operational.
2026-02-24 16:11:43,786 [INFO] Loading YOLO model from /home/raspberrypi/cocoon_system/cocoon/models/cocoon_model_v2.pt...
2026-02-24 16:11:43,994 [INFO] YOLO Model loaded successfully.
2026-02-24 16:11:44,040 [INFO] Inference completed.
2026-02-24 16:11:44,040 [INFO] Starting cycle 1 / 12
2026-02-24 16:11:44,056 [INFO] Starting servo for cycle 1
2026-02-24 16:11:44,057 [INFO] Servo finished for cycle 1
2026-02-24 16:11:47,057 [INFO] Starting cycle 2 / 12
2026-02-24 16:11:47,074 [INFO] Starting servo for cycle 2
2026-02-24 16:11:47,074 [INFO] Servo finished for cycle 2
2026-02-24 16:11:50,075 [INFO] Starting cycle 3 / 12
2026-02-24 16:11:50,084 [INFO] Starting servo for cycle 3
2026-02-24 16:11:50,085 [INFO] Servo finished for cycle 3
2026-02-24 16:11:53,086 [INFO] Starting cycle 4 / 12
2026-02-24 16:11:53,102 [INFO] Starting servo for cycle 4
2026-02-24 16:11:53,103 [INFO] Servo finished for cycle 4
2026-02-24 16:11:56,104 [INFO] Starting cycle 5 / 12
2026-02-24 16:11:56,120 [INFO] Starting servo for cycle 5
2026-02-24 16:11:56,120 [INFO] Servo finished for cycle 5
2026-02-24 16:11:59,121 [INFO] Starting cycle 6 / 12
2026-02-24 16:11:59,137 [INFO] Starting servo for cycle 6
2026-02-24 16:11:59,138 [INFO] Servo finished for cycle 6
2026-02-24 16:12:02,138 [INFO] Starting cycle 7 / 12
2026-02-24 16:12:02,154 [INFO] Starting servo for cycle 7
2026-02-24 16:12:02,155 [INFO] Servo finished for cycle 7
2026-02-24 16:12:05,156 [INFO] Starting cycle 8 / 12
2026-02-24 16:12:05,170 [INFO] Starting servo for cycle 8
2026-02-24 16:12:05,170 [INFO] Servo finished for cycle 8
2026-02-24 16:12:08,171 [INFO] Starting cycle 9 / 12
2026-02-24 16:12:08,187 [INFO] Starting servo for cycle 9
2026-02-24 16:12:08,187 [INFO] Servo finished for cycle 9
2026-02-24 16:12:11,188 [INFO] Starting cycle 10 / 12
2026-02-24 16:12:11,204 [INFO] Starting servo for cycle 10
2026-02-24 16:12:11,205 [INFO] Servo finished for cycle 10
2026-02-24 16:12:14,206 [INFO] Starting cycle 11 / 12
2026-02-24 16:12:14,220 [INFO] Starting servo for cycle 11
2026-02-24 16:12:14,221 [INFO] Servo finished for cycle 11
2026-02-24 16:12:17,221 [INFO] Starting cycle 12 / 12
2026-02-24 16:12:17,237 [INFO] Starting servo for cycle 12
2026-02-24 16:12:17,238 [INFO] Servo finished for cycle 12
2026-02-24 16:12:20,738 [INFO] Run completed safely.
2026-02-24 16:12:20,739 [INFO] System state: IDLE
2026-02-24 16:12:20,740 [INFO] Button states reset.
2026-02-24 16:12:20,741 [INFO] System reset. Waiting for next START.
2026-02-24 16:12:21,242 [INFO] Waiting for START button...
2026-02-24 16:12:21,243 [INFO] Waiting for START button...
2026-02-24 16:12:31,948 [INFO] START button pressed.
2026-02-24 16:12:31,949 [INFO] Start signal received.
2026-02-24 16:12:31,950 [INFO] System state: RUNNING
2026-02-24 16:12:31,950 [INFO] START pressed. Running main loop.
2026-02-24 16:12:31,951 [INFO] All systems operational.
2026-02-24 16:12:31,966 [INFO] Loading YOLO model from /home/raspberrypi/cocoon_system/cocoon/models/cocoon_model_v2.pt...
2026-02-24 16:12:32,141 [INFO] YOLO Model loaded successfully.
2026-02-24 16:12:32,161 [INFO] Inference completed.
2026-02-24 16:12:32,162 [INFO] Starting cycle 1 / 12
2026-02-24 16:12:32,171 [INFO] Starting servo for cycle 1
2026-02-24 16:12:32,172 [INFO] Servo finished for cycle 1
2026-02-24 16:12:33,404 [WARNING] START button pressed but system already running (ignored).
2026-02-24 16:12:35,172 [INFO] Starting cycle 2 / 12
2026-02-24 16:12:35,189 [INFO] Starting servo for cycle 2
2026-02-24 16:12:35,190 [INFO] Servo finished for cycle 2
2026-02-24 16:12:38,190 [INFO] Starting cycle 3 / 12
2026-02-24 16:12:38,206 [INFO] Starting servo for cycle 3
2026-02-24 16:12:38,207 [INFO] Servo finished for cycle 3
2026-02-24 16:12:41,207 [INFO] Starting cycle 4 / 12
2026-02-24 16:12:41,216 [INFO] Starting servo for cycle 4
2026-02-24 16:12:41,217 [INFO] Servo finished for cycle 4
2026-02-24 16:12:44,217 [INFO] Starting cycle 5 / 12
2026-02-24 16:12:44,234 [INFO] Starting servo for cycle 5
2026-02-24 16:12:44,234 [INFO] Servo finished for cycle 5
2026-02-24 16:12:47,235 [INFO] Starting cycle 6 / 12
2026-02-24 16:12:47,250 [INFO] Starting servo for cycle 6
2026-02-24 16:12:47,251 [INFO] Servo finished for cycle 6
2026-02-24 16:12:47,743 [WARNING] FORCE STOP button pressed!
2026-02-24 16:12:50,252 [INFO] Starting cycle 7 / 12
2026-02-24 16:12:50,267 [WARNING] Force stop detected. Exiting run loop.
2026-02-24 16:12:50,768 [INFO] Run completed safely.
2026-02-24 16:12:50,768 [INFO] System state: IDLE
2026-02-24 16:12:50,769 [INFO] Button states reset.
2026-02-24 16:12:50,769 [INFO] System reset. Waiting for next START.
2026-02-24 16:12:51,269 [INFO] Waiting for START button...
2026-02-24 16:12:51,270 [INFO] Waiting for START button...
2026-02-24 16:13:24,595 [INFO] START button pressed.
2026-02-24 16:13:24,596 [INFO] Start signal received.
2026-02-24 16:13:24,597 [INFO] System state: RUNNING
2026-02-24 16:13:24,597 [INFO] START pressed. Running main loop.
2026-02-24 16:13:24,598 [INFO] All systems operational.
2026-02-24 16:13:24,616 [INFO] Loading YOLO model from /home/raspberrypi/cocoon_system/cocoon/models/cocoon_model_v2.pt...
2026-02-24 16:13:24,903 [INFO] YOLO Model loaded successfully.
2026-02-24 16:13:24,951 [INFO] Inference completed.
2026-02-24 16:13:24,952 [INFO] Starting cycle 1 / 12
2026-02-24 16:13:24,969 [INFO] Starting servo for cycle 1
2026-02-24 16:13:24,970 [INFO] Servo finished for cycle 1
2026-02-24 16:13:27,970 [INFO] Starting cycle 2 / 12
2026-02-24 16:13:27,986 [INFO] Starting servo for cycle 2
2026-02-24 16:13:27,987 [INFO] Servo finished for cycle 2
2026-02-24 16:13:30,988 [INFO] Starting cycle 3 / 12
2026-02-24 16:13:30,995 [INFO] Starting servo for cycle 3
2026-02-24 16:13:30,996 [INFO] Servo finished for cycle 3
2026-02-24 16:13:33,996 [INFO] Starting cycle 4 / 12
2026-02-24 16:13:34,013 [INFO] Starting servo for cycle 4
2026-02-24 16:13:34,013 [INFO] Servo finished for cycle 4
2026-02-24 16:13:37,014 [INFO] Starting cycle 5 / 12
2026-02-24 16:13:37,030 [INFO] Starting servo for cycle 5
2026-02-24 16:13:37,031 [INFO] Servo finished for cycle 5
2026-02-24 16:13:40,031 [INFO] Starting cycle 6 / 12
2026-02-24 16:13:40,047 [INFO] Starting servo for cycle 6
2026-02-24 16:13:40,048 [INFO] Servo finished for cycle 6
2026-02-24 16:13:43,048 [INFO] Starting cycle 7 / 12
2026-02-24 16:13:43,068 [INFO] Starting servo for cycle 7
2026-02-24 16:13:43,069 [INFO] Servo finished for cycle 7
2026-02-24 16:13:46,069 [INFO] Starting cycle 8 / 12
2026-02-24 16:13:46,084 [INFO] Starting servo for cycle 8
2026-02-24 16:13:46,085 [INFO] Servo finished for cycle 8
2026-02-24 16:13:49,086 [INFO] Starting cycle 9 / 12
2026-02-24 16:13:49,101 [INFO] Starting servo for cycle 9
2026-02-24 16:13:49,102 [INFO] Servo finished for cycle 9
2026-02-24 16:13:51,281 [WARNING] FORCE STOP button pressed!
2026-02-24 16:13:52,102 [INFO] Starting cycle 10 / 12
2026-02-24 16:13:52,120 [WARNING] Force stop detected. Exiting run loop.
2026-02-24 16:13:52,621 [INFO] Run completed safely.
2026-02-24 16:13:52,622 [INFO] System state: IDLE
2026-02-24 16:13:52,623 [INFO] Button states reset.
2026-02-24 16:13:52,624 [INFO] System reset. Waiting for next START.
2026-02-24 16:13:53,125 [INFO] Waiting for START button...
2026-02-24 16:13:53,126 [INFO] Waiting for START button...
2026-02-24 16:14:09,171 [WARNING] STOP button pressed but no script is running.
2026-02-24 16:14:13,333 [WARNING] STOP button pressed but no script is running.
2026-02-24 16:14:16,043 [INFO] START button pressed.
2026-02-24 16:14:16,044 [INFO] Start signal received.
2026-02-24 16:14:16,045 [INFO] System state: RUNNING
2026-02-24 16:14:16,045 [INFO] START pressed. Running main loop.
2026-02-24 16:14:16,045 [INFO] All systems operational.
2026-02-24 16:14:16,061 [INFO] Loading YOLO model from /home/raspberrypi/cocoon_system/cocoon/models/cocoon_model_v2.pt...
2026-02-24 16:14:16,225 [INFO] YOLO Model loaded successfully.
2026-02-24 16:14:16,246 [INFO] Inference completed.
2026-02-24 16:14:16,246 [INFO] Starting cycle 1 / 12
2026-02-24 16:14:16,254 [INFO] Starting servo for cycle 1
2026-02-24 16:14:16,254 [INFO] Servo finished for cycle 1
2026-02-24 16:14:19,255 [INFO] Starting cycle 2 / 12
2026-02-24 16:14:19,272 [INFO] Starting servo for cycle 2
2026-02-24 16:14:19,272 [INFO] Servo finished for cycle 2
2026-02-24 16:14:22,273 [INFO] Starting cycle 3 / 12
2026-02-24 16:14:22,290 [INFO] Starting servo for cycle 3
2026-02-24 16:14:22,290 [INFO] Servo finished for cycle 3
2026-02-24 16:14:25,291 [INFO] Starting cycle 4 / 12
2026-02-24 16:14:25,307 [INFO] Starting servo for cycle 4
2026-02-24 16:14:25,307 [INFO] Servo finished for cycle 4
2026-02-24 16:14:28,308 [INFO] Starting cycle 5 / 12
2026-02-24 16:14:28,321 [INFO] Starting servo for cycle 5
2026-02-24 16:14:28,321 [INFO] Servo finished for cycle 5
2026-02-24 16:14:31,322 [INFO] Starting cycle 6 / 12
2026-02-24 16:14:31,329 [INFO] Starting servo for cycle 6
2026-02-24 16:14:31,329 [INFO] Servo finished for cycle 6
2026-02-24 16:14:31,731 [WARNING] START button pressed but system already running (ignored).
2026-02-24 16:14:34,330 [INFO] Starting cycle 7 / 12
2026-02-24 16:14:34,345 [INFO] Starting servo for cycle 7
2026-02-24 16:14:34,346 [INFO] Servo finished for cycle 7
2026-02-24 16:14:37,347 [INFO] Starting cycle 8 / 12
2026-02-24 16:14:37,363 [INFO] Starting servo for cycle 8
2026-02-24 16:14:37,363 [INFO] Servo finished for cycle 8
2026-02-24 16:14:40,364 [INFO] Starting cycle 9 / 12
2026-02-24 16:14:40,380 [INFO] Starting servo for cycle 9
2026-02-24 16:14:40,381 [INFO] Servo finished for cycle 9
2026-02-24 16:14:41,454 [WARNING] START button pressed but system already running (ignored).
2026-02-24 16:14:43,382 [INFO] Starting cycle 10 / 12
2026-02-24 16:14:43,396 [INFO] Starting servo for cycle 10
2026-02-24 16:14:43,396 [INFO] Servo finished for cycle 10
2026-02-24 16:14:46,397 [INFO] Starting cycle 11 / 12
2026-02-24 16:14:46,410 [INFO] Starting servo for cycle 11
2026-02-24 16:14:46,410 [INFO] Servo finished for cycle 11
2026-02-24 16:14:49,411 [INFO] Starting cycle 12 / 12
2026-02-24 16:14:49,427 [INFO] Starting servo for cycle 12
2026-02-24 16:14:49,428 [INFO] Servo finished for cycle 12
2026-02-24 16:14:51,234 [WARNING] FORCE STOP button pressed!
2026-02-24 16:14:52,928 [INFO] Run completed safely.
2026-02-24 16:14:52,929 [INFO] System state: IDLE
2026-02-24 16:14:52,929 [INFO] Button states reset.
2026-02-24 16:14:52,930 [INFO] System reset. Waiting for next START.
2026-02-24 16:14:53,431 [INFO] Waiting for START button...
2026-02-24 16:14:53,432 [INFO] Waiting for START button...
2026-02-24 16:15:19,699 [WARNING] STOP button pressed but no script is running.
2026-02-24 16:15:40,294 [INFO] START button pressed.
2026-02-24 16:15:40,295 [INFO] Start signal received.
2026-02-24 16:15:40,295 [INFO] System state: RUNNING
2026-02-24 16:15:40,296 [INFO] START pressed. Running main loop.
2026-02-24 16:15:40,296 [INFO] All systems operational.
2026-02-24 16:15:40,312 [INFO] Loading YOLO model from /home/raspberrypi/cocoon_system/cocoon/models/cocoon_model_v2.pt...
2026-02-24 16:15:40,481 [INFO] YOLO Model loaded successfully.
2026-02-24 16:15:40,503 [INFO] Inference completed.
2026-02-24 16:15:40,503 [INFO] Starting cycle 1 / 12
2026-02-24 16:15:40,510 [INFO] Starting servo for cycle 1
2026-02-24 16:15:40,510 [INFO] Servo finished for cycle 1
2026-02-24 16:15:43,506 [WARNING] START button pressed but system already running (ignored).
2026-02-24 16:15:43,511 [INFO] Starting cycle 2 / 12
2026-02-24 16:15:43,526 [INFO] Starting servo for cycle 2
2026-02-24 16:15:43,527 [INFO] Servo finished for cycle 2
2026-02-24 16:15:46,528 [INFO] Starting cycle 3 / 12
2026-02-24 16:15:46,543 [INFO] Starting servo for cycle 3
2026-02-24 16:15:46,544 [INFO] Servo finished for cycle 3
2026-02-24 16:15:49,544 [INFO] Starting cycle 4 / 12
2026-02-24 16:15:49,560 [INFO] Starting servo for cycle 4
2026-02-24 16:15:49,561 [INFO] Servo finished for cycle 4
2026-02-24 16:15:52,561 [INFO] Starting cycle 5 / 12
2026-02-24 16:15:52,578 [INFO] Starting servo for cycle 5
2026-02-24 16:15:52,579 [INFO] Servo finished for cycle 5
2026-02-24 16:15:55,579 [INFO] Starting cycle 6 / 12
2026-02-24 16:15:55,595 [INFO] Starting servo for cycle 6
2026-02-24 16:15:55,596 [INFO] Servo finished for cycle 6
2026-02-24 16:15:58,597 [INFO] Starting cycle 7 / 12
2026-02-24 16:15:58,613 [INFO] Starting servo for cycle 7
2026-02-24 16:15:58,614 [INFO] Servo finished for cycle 7
2026-02-24 16:16:01,614 [INFO] Starting cycle 8 / 12
2026-02-24 16:16:01,631 [INFO] Starting servo for cycle 8
2026-02-24 16:16:01,631 [INFO] Servo finished for cycle 8
2026-02-24 16:16:02,805 [WARNING] START button pressed but system already running (ignored).
2026-02-24 16:16:04,632 [INFO] Starting cycle 9 / 12
2026-02-24 16:16:04,648 [INFO] Starting servo for cycle 9
2026-02-24 16:16:04,649 [INFO] Servo finished for cycle 9
2026-02-24 16:16:07,650 [INFO] Starting cycle 10 / 12
2026-02-24 16:16:07,663 [INFO] Starting servo for cycle 10
2026-02-24 16:16:07,664 [INFO] Servo finished for cycle 10
2026-02-24 16:16:10,665 [INFO] Starting cycle 11 / 12
2026-02-24 16:16:10,680 [INFO] Starting servo for cycle 11
2026-02-24 16:16:10,681 [INFO] Servo finished for cycle 11
2026-02-24 16:16:12,433 [WARNING] FORCE STOP button pressed!
2026-02-24 16:16:13,682 [INFO] Starting cycle 12 / 12
2026-02-24 16:16:13,698 [WARNING] Force stop detected. Exiting run loop.
2026-02-24 16:16:14,199 [INFO] Run completed safely.
2026-02-24 16:16:14,199 [INFO] System state: IDLE
2026-02-24 16:16:14,200 [INFO] Button states reset.
2026-02-24 16:16:14,200 [INFO] System reset. Waiting for next START.
2026-02-24 16:16:14,701 [INFO] Waiting for START button...
2026-02-24 16:16:14,702 [INFO] Waiting for START button...
2026-02-24 16:16:19,150 [INFO] START button pressed.
2026-02-24 16:16:19,151 [INFO] Start signal received.
2026-02-24 16:16:19,152 [INFO] System state: RUNNING
2026-02-24 16:16:19,152 [INFO] START pressed. Running main loop.
2026-02-24 16:16:19,153 [INFO] All systems operational.
2026-02-24 16:16:19,169 [INFO] Loading YOLO model from /home/raspberrypi/cocoon_system/cocoon/models/cocoon_model_v2.pt...
2026-02-24 16:16:19,340 [INFO] YOLO Model loaded successfully.
2026-02-24 16:16:19,361 [INFO] Inference completed.
2026-02-24 16:16:19,361 [INFO] Starting cycle 1 / 12
2026-02-24 16:16:19,369 [INFO] Starting servo for cycle 1
2026-02-24 16:16:19,369 [INFO] Servo finished for cycle 1
2026-02-24 16:16:22,370 [INFO] Starting cycle 2 / 12
2026-02-24 16:16:22,386 [INFO] Starting servo for cycle 2
2026-02-24 16:16:22,386 [INFO] Servo finished for cycle 2
2026-02-24 16:16:25,387 [INFO] Starting cycle 3 / 12
2026-02-24 16:16:25,403 [INFO] Starting servo for cycle 3
2026-02-24 16:16:25,403 [INFO] Servo finished for cycle 3
2026-02-24 16:16:28,404 [INFO] Starting cycle 4 / 12
2026-02-24 16:16:28,420 [INFO] Starting servo for cycle 4
2026-02-24 16:16:28,421 [INFO] Servo finished for cycle 4
2026-02-24 16:16:31,421 [INFO] Starting cycle 5 / 12
2026-02-24 16:16:31,442 [INFO] Starting servo for cycle 5
2026-02-24 16:16:31,443 [INFO] Servo finished for cycle 5
2026-02-24 16:16:34,148 [WARNING] FORCE STOP button pressed!
2026-02-24 16:16:34,444 [INFO] Starting cycle 6 / 12
2026-02-24 16:16:34,459 [WARNING] Force stop detected. Exiting run loop.
2026-02-24 16:16:34,960 [INFO] Run completed safely.
2026-02-24 16:16:34,961 [INFO] System state: IDLE
2026-02-24 16:16:34,962 [INFO] Button states reset.
2026-02-24 16:16:34,962 [INFO] System reset. Waiting for next START.
2026-02-24 16:16:35,463 [INFO] Waiting for START button...
2026-02-24 16:16:35,464 [INFO] Waiting for START button...
2026-02-24 16:16:46,980 [WARNING] STOP button pressed but no script is running.
2026-02-24 16:16:58,956 [WARNING] STOP button pressed but no script is running.
2026-02-24 16:17:16,545 [WARNING] STOP button pressed but no script is running.
2026-02-24 16:17:43,554 [INFO] START button pressed.
2026-02-24 16:17:43,555 [INFO] Start signal received.
2026-02-24 16:17:43,556 [INFO] System state: RUNNING
2026-02-24 16:17:43,556 [INFO] START pressed. Running main loop.
2026-02-24 16:17:43,557 [INFO] All systems operational.
2026-02-24 16:17:43,573 [INFO] Loading YOLO model from /home/raspberrypi/cocoon_system/cocoon/models/cocoon_model_v2.pt...
2026-02-24 16:17:43,735 [INFO] YOLO Model loaded successfully.
2026-02-24 16:17:43,756 [INFO] Inference completed.
2026-02-24 16:17:43,756 [INFO] Starting cycle 1 / 12
2026-02-24 16:17:43,764 [INFO] Starting servo for cycle 1
2026-02-24 16:17:43,764 [INFO] Servo finished for cycle 1
2026-02-24 16:17:46,765 [INFO] Starting cycle 2 / 12
2026-02-24 16:17:46,780 [INFO] Starting servo for cycle 2
2026-02-24 16:17:46,781 [INFO] Servo finished for cycle 2
2026-02-24 16:17:48,778 [WARNING] START button pressed but system already running (ignored).
2026-02-24 16:17:49,782 [INFO] Starting cycle 3 / 12
2026-02-24 16:17:49,798 [INFO] Starting servo for cycle 3
2026-02-24 16:17:49,798 [INFO] Servo finished for cycle 3
2026-02-24 16:17:51,792 [WARNING] START button pressed but system already running (ignored).
2026-02-24 16:17:52,794 [WARNING] START button pressed but system already running (ignored).
2026-02-24 16:17:52,799 [INFO] Starting cycle 4 / 12
2026-02-24 16:17:52,807 [INFO] Starting servo for cycle 4
2026-02-24 16:17:52,807 [INFO] Servo finished for cycle 4
2026-02-24 16:17:55,808 [INFO] Starting cycle 5 / 12
2026-02-24 16:17:55,824 [INFO] Starting servo for cycle 5
2026-02-24 16:17:55,824 [INFO] Servo finished for cycle 5
2026-02-24 16:17:58,011 [WARNING] FORCE STOP button pressed!
2026-02-24 16:17:58,825 [INFO] Starting cycle 6 / 12
2026-02-24 16:17:58,842 [WARNING] Force stop detected. Exiting run loop.
2026-02-24 16:17:59,342 [INFO] Run completed safely.
2026-02-24 16:17:59,343 [INFO] System state: IDLE
2026-02-24 16:17:59,343 [INFO] Button states reset.
2026-02-24 16:17:59,343 [INFO] System reset. Waiting for next START.
2026-02-24 16:17:59,843 [INFO] Waiting for START button...
2026-02-24 16:17:59,845 [INFO] Waiting for START button...
2026-02-24 16:18:57,693 [WARNING] STOP button pressed but no script is running.
2026-02-24 16:19:21,492 [WARNING] STOP button pressed but no script is running.
2026-02-24 16:19:39,433 [INFO] START button pressed.
2026-02-24 16:19:39,434 [INFO] Start signal received.
2026-02-24 16:19:39,434 [INFO] System state: RUNNING
2026-02-24 16:19:39,435 [INFO] START pressed. Running main loop.
2026-02-24 16:19:39,435 [INFO] All systems operational.
2026-02-24 16:19:39,450 [INFO] Loading YOLO model from /home/raspberrypi/cocoon_system/cocoon/models/cocoon_model_v2.pt...
2026-02-24 16:19:39,617 [INFO] YOLO Model loaded successfully.
2026-02-24 16:19:39,666 [INFO] Inference completed.
2026-02-24 16:19:39,668 [INFO] Starting cycle 1 / 12
2026-02-24 16:19:39,685 [INFO] Starting servo for cycle 1
2026-02-24 16:19:39,686 [INFO] Servo finished for cycle 1
2026-02-24 16:19:42,687 [INFO] Starting cycle 2 / 12
2026-02-24 16:19:42,703 [INFO] Starting servo for cycle 2
2026-02-24 16:19:42,703 [INFO] Servo finished for cycle 2
2026-02-24 16:19:45,704 [INFO] Starting cycle 3 / 12
2026-02-24 16:19:45,722 [INFO] Starting servo for cycle 3
2026-02-24 16:19:45,723 [INFO] Servo finished for cycle 3
2026-02-24 16:19:48,724 [INFO] Starting cycle 4 / 12
2026-02-24 16:19:48,742 [INFO] Starting servo for cycle 4
2026-02-24 16:19:48,743 [INFO] Servo finished for cycle 4
2026-02-24 16:19:51,743 [INFO] Starting cycle 5 / 12
2026-02-24 16:19:51,759 [INFO] Starting servo for cycle 5
2026-02-24 16:19:51,760 [INFO] Servo finished for cycle 5
2026-02-24 16:19:54,760 [INFO] Starting cycle 6 / 12
2026-02-24 16:19:54,777 [INFO] Starting servo for cycle 6
2026-02-24 16:19:54,778 [INFO] Servo finished for cycle 6
2026-02-24 16:19:57,778 [INFO] Starting cycle 7 / 12
2026-02-24 16:19:57,794 [INFO] Starting servo for cycle 7
2026-02-24 16:19:57,795 [INFO] Servo finished for cycle 7
2026-02-24 16:20:00,796 [INFO] Starting cycle 8 / 12
2026-02-24 16:20:00,815 [INFO] Starting servo for cycle 8
2026-02-24 16:20:00,816 [INFO] Servo finished for cycle 8
2026-02-24 16:20:03,817 [INFO] Starting cycle 9 / 12
2026-02-24 16:20:03,835 [INFO] Starting servo for cycle 9
2026-02-24 16:20:03,836 [INFO] Servo finished for cycle 9
2026-02-24 16:20:05,698 [WARNING] START button pressed but system already running (ignored).
2026-02-24 16:20:06,837 [INFO] Starting cycle 10 / 12
2026-02-24 16:20:06,853 [INFO] Starting servo for cycle 10
2026-02-24 16:20:06,854 [INFO] Servo finished for cycle 10
2026-02-24 16:20:09,854 [INFO] Starting cycle 11 / 12
2026-02-24 16:20:09,871 [INFO] Starting servo for cycle 11
2026-02-24 16:20:09,872 [INFO] Servo finished for cycle 11
2026-02-24 16:20:10,124 [INFO] System state: IDLE
2026-02-24 16:20:10,125 [INFO] Button states reset.
2026-02-24 16:20:10,126 [INFO] System reset. Waiting for next START.
2026-02-24 16:20:10,127 [WARNING] Program terminated by user.
2026-02-24 16:20:10,128 [INFO] Button GPIO cleaned up.
2026-02-24 16:20:10,129 [INFO] GPIO cleaned up. Program exited safely.
2026-02-24 16:23:22,088 [INFO] Loading YOLO model from /home/raspberrypi/cocoon_system/cocoon/models/cocoon_model_v2.pt...
2026-02-24 16:23:22,413 [INFO] YOLO Model loaded successfully.
2026-02-24 16:23:22,415 [INFO] Buttons initialized using polling (no edge detection).
2026-02-24 16:23:22,416 [INFO] System booting...
2026-02-24 16:23:22,416 [INFO] Waiting for START button...
2026-02-24 16:23:22,417 [INFO] Waiting for START button...
2026-02-24 16:23:37,655 [WARNING] STOP button pressed but no script is running.
2026-02-24 16:23:40,314 [INFO] START button pressed.
2026-02-24 16:23:40,315 [INFO] Start signal received.
2026-02-24 16:23:40,316 [INFO] System state: RUNNING
2026-02-24 16:23:40,317 [INFO] START pressed. Running main loop.
2026-02-24 16:23:40,318 [INFO] All systems operational.
2026-02-24 16:23:40,340 [INFO] Loading YOLO model from /home/raspberrypi/cocoon_system/cocoon/models/cocoon_model_v2.pt...
2026-02-24 16:23:40,654 [INFO] YOLO Model loaded successfully.
2026-02-24 16:23:40,697 [INFO] Inference completed.
2026-02-24 16:23:40,698 [INFO] Starting cycle 1 / 12
2026-02-24 16:23:40,714 [INFO] Starting servo for cycle 1
2026-02-24 16:23:40,715 [INFO] Servo finished for cycle 1
2026-02-24 16:23:42,624 [WARNING] FORCE STOP button pressed!
2026-02-24 16:23:43,716 [INFO] Starting cycle 2 / 12
2026-02-24 16:23:43,736 [WARNING] Force stop detected. Exiting run loop.
2026-02-24 16:23:44,238 [INFO] Run completed safely.
2026-02-24 16:23:44,240 [INFO] System state: IDLE
2026-02-24 16:23:44,240 [INFO] Button states reset.
2026-02-24 16:23:44,240 [INFO] System reset. Waiting for next START.
2026-02-24 16:23:44,741 [INFO] Waiting for START button...
2026-02-24 16:23:44,742 [INFO] Waiting for START button...
2026-02-24 16:23:54,765 [INFO] START button pressed.
2026-02-24 16:23:54,765 [INFO] Start signal received.
2026-02-24 16:23:54,766 [INFO] System state: RUNNING
2026-02-24 16:23:54,767 [INFO] START pressed. Running main loop.
2026-02-24 16:23:54,768 [INFO] All systems operational.
2026-02-24 16:23:54,784 [INFO] Loading YOLO model from /home/raspberrypi/cocoon_system/cocoon/models/cocoon_model_v2.pt...
2026-02-24 16:23:55,081 [INFO] YOLO Model loaded successfully.
2026-02-24 16:23:55,124 [INFO] Inference completed.
2026-02-24 16:23:55,124 [INFO] Starting cycle 1 / 12
2026-02-24 16:23:55,141 [INFO] Starting servo for cycle 1
2026-02-24 16:23:55,141 [INFO] Servo finished for cycle 1
2026-02-24 16:23:58,142 [INFO] Starting cycle 2 / 12
2026-02-24 16:23:58,158 [INFO] Starting servo for cycle 2
2026-02-24 16:23:58,159 [INFO] Servo finished for cycle 2
2026-02-24 16:24:01,160 [INFO] Starting cycle 3 / 12
2026-02-24 16:24:01,179 [INFO] Starting servo for cycle 3
2026-02-24 16:24:01,180 [INFO] Servo finished for cycle 3
2026-02-24 16:24:01,449 [WARNING] START button pressed but system already running (ignored).
2026-02-24 16:24:02,305 [WARNING] FORCE STOP button pressed!
2026-02-24 16:24:04,181 [INFO] Starting cycle 4 / 12
2026-02-24 16:24:04,203 [WARNING] Force stop detected. Exiting run loop.
2026-02-24 16:24:04,706 [INFO] Run completed safely.
2026-02-24 16:24:04,708 [INFO] System state: IDLE
2026-02-24 16:24:04,709 [INFO] Button states reset.
2026-02-24 16:24:04,710 [INFO] System reset. Waiting for next START.
2026-02-24 16:24:05,211 [INFO] Waiting for START button...
2026-02-24 16:24:05,212 [INFO] Waiting for START button...
2026-02-24 16:24:11,441 [INFO] START button pressed.
2026-02-24 16:24:11,442 [INFO] Start signal received.
2026-02-24 16:24:11,443 [INFO] System state: RUNNING
2026-02-24 16:24:11,444 [INFO] START pressed. Running main loop.
2026-02-24 16:24:11,444 [INFO] All systems operational.
2026-02-24 16:24:11,460 [INFO] Loading YOLO model from /home/raspberrypi/cocoon_system/cocoon/models/cocoon_model_v2.pt...
2026-02-24 16:24:11,746 [INFO] YOLO Model loaded successfully.
2026-02-24 16:24:11,787 [INFO] Inference completed.
2026-02-24 16:24:11,787 [INFO] Starting cycle 1 / 12
2026-02-24 16:24:11,804 [INFO] Starting servo for cycle 1
2026-02-24 16:24:11,805 [INFO] Servo finished for cycle 1
2026-02-24 16:24:14,002 [WARNING] FORCE STOP button pressed!
2026-02-24 16:24:14,806 [INFO] Starting cycle 2 / 12
2026-02-24 16:24:14,824 [WARNING] Force stop detected. Exiting run loop.
2026-02-24 16:24:15,326 [INFO] Run completed safely.
2026-02-24 16:24:15,329 [INFO] System state: IDLE
2026-02-24 16:24:15,338 [INFO] Button states reset.
2026-02-24 16:24:15,338 [INFO] System reset. Waiting for next START.
2026-02-24 16:24:15,839 [INFO] Waiting for START button...
2026-02-24 16:24:15,840 [INFO] Waiting for START button...
2026-02-24 16:24:21,324 [INFO] START button pressed.
2026-02-24 16:24:21,326 [INFO] Start signal received.
2026-02-24 16:24:21,326 [INFO] System state: RUNNING
2026-02-24 16:24:21,326 [INFO] START pressed. Running main loop.
2026-02-24 16:24:21,327 [INFO] All systems operational.
2026-02-24 16:24:21,342 [INFO] Loading YOLO model from /home/raspberrypi/cocoon_system/cocoon/models/cocoon_model_v2.pt...
2026-02-24 16:24:21,641 [INFO] YOLO Model loaded successfully.
2026-02-24 16:24:21,682 [INFO] Inference completed.
2026-02-24 16:24:21,682 [INFO] Starting cycle 1 / 12
2026-02-24 16:24:21,698 [INFO] Starting servo for cycle 1
2026-02-24 16:24:21,698 [INFO] Servo finished for cycle 1
2026-02-24 16:24:24,699 [INFO] Starting cycle 2 / 12
2026-02-24 16:24:24,706 [INFO] Starting servo for cycle 2
2026-02-24 16:24:24,706 [INFO] Servo finished for cycle 2
2026-02-24 16:24:27,707 [INFO] Starting cycle 3 / 12
2026-02-24 16:24:27,723 [INFO] Starting servo for cycle 3
2026-02-24 16:24:27,723 [INFO] Servo finished for cycle 3
2026-02-24 16:24:30,553 [WARNING] FORCE STOP button pressed!
2026-02-24 16:24:30,724 [INFO] Starting cycle 4 / 12
2026-02-24 16:24:30,744 [WARNING] Force stop detected. Exiting run loop.
2026-02-24 16:24:31,245 [INFO] Run completed safely.
2026-02-24 16:24:31,247 [INFO] System state: IDLE
2026-02-24 16:24:31,248 [INFO] Button states reset.
2026-02-24 16:24:31,249 [INFO] System reset. Waiting for next START.
2026-02-24 16:24:31,750 [INFO] Waiting for START button...
2026-02-24 16:24:31,751 [INFO] Waiting for START button...
2026-02-24 16:24:50,308 [INFO] START button pressed.
2026-02-24 16:24:50,309 [INFO] Start signal received.
2026-02-24 16:24:50,310 [INFO] System state: RUNNING
2026-02-24 16:24:50,310 [INFO] START pressed. Running main loop.
2026-02-24 16:24:50,310 [INFO] All systems operational.
2026-02-24 16:24:50,323 [INFO] Loading YOLO model from /home/raspberrypi/cocoon_system/cocoon/models/cocoon_model_v2.pt...
2026-02-24 16:24:50,484 [INFO] YOLO Model loaded successfully.
2026-02-24 16:24:50,502 [INFO] Inference completed.
2026-02-24 16:24:50,502 [INFO] Starting cycle 1 / 12
2026-02-24 16:24:50,509 [INFO] Starting servo for cycle 1
2026-02-24 16:24:50,510 [INFO] Servo finished for cycle 1
2026-02-24 16:24:53,018 [WARNING] FORCE STOP button pressed!
2026-02-24 16:24:53,510 [INFO] Starting cycle 2 / 12
2026-02-24 16:24:53,526 [WARNING] Force stop detected. Exiting run loop.
2026-02-24 16:24:54,026 [INFO] Run completed safely.
2026-02-24 16:24:54,027 [INFO] System state: IDLE
2026-02-24 16:24:54,027 [INFO] Button states reset.
2026-02-24 16:24:54,027 [INFO] System reset. Waiting for next START.
2026-02-24 16:24:54,528 [INFO] Waiting for START button...
2026-02-24 16:24:54,528 [INFO] Waiting for START button...
2026-02-24 16:25:01,490 [INFO] START button pressed.
2026-02-24 16:25:01,491 [INFO] Start signal received.
2026-02-24 16:25:01,492 [INFO] System state: RUNNING
2026-02-24 16:25:01,492 [INFO] START pressed. Running main loop.
2026-02-24 16:25:01,493 [INFO] All systems operational.
2026-02-24 16:25:01,509 [INFO] Loading YOLO model from /home/raspberrypi/cocoon_system/cocoon/models/cocoon_model_v2.pt...
2026-02-24 16:25:01,675 [INFO] YOLO Model loaded successfully.
2026-02-24 16:25:01,703 [INFO] Inference completed.
2026-02-24 16:25:01,704 [INFO] Starting cycle 1 / 12
2026-02-24 16:25:01,722 [INFO] Starting servo for cycle 1
2026-02-24 16:25:01,723 [INFO] Servo finished for cycle 1
2026-02-24 16:25:04,724 [INFO] Starting cycle 2 / 12
2026-02-24 16:25:04,740 [INFO] Starting servo for cycle 2
2026-02-24 16:25:04,740 [INFO] Servo finished for cycle 2
2026-02-24 16:25:07,741 [INFO] Starting cycle 3 / 12
2026-02-24 16:25:07,748 [INFO] Starting servo for cycle 3
2026-02-24 16:25:07,749 [INFO] Servo finished for cycle 3
2026-02-24 16:25:10,750 [INFO] Starting cycle 4 / 12
2026-02-24 16:25:10,766 [INFO] Starting servo for cycle 4
2026-02-24 16:25:10,767 [INFO] Servo finished for cycle 4
2026-02-24 16:25:13,767 [INFO] Starting cycle 5 / 12
2026-02-24 16:25:13,783 [INFO] Starting servo for cycle 5
2026-02-24 16:25:13,784 [INFO] Servo finished for cycle 5
2026-02-24 16:25:16,785 [INFO] Starting cycle 6 / 12
2026-02-24 16:25:16,801 [INFO] Starting servo for cycle 6
2026-02-24 16:25:16,802 [INFO] Servo finished for cycle 6
2026-02-24 16:25:18,987 [WARNING] FORCE STOP button pressed!
2026-02-24 16:25:19,803 [INFO] Starting cycle 7 / 12
2026-02-24 16:25:19,818 [WARNING] Force stop detected. Exiting run loop.
2026-02-24 16:25:20,319 [INFO] Run completed safely.
2026-02-24 16:25:20,320 [INFO] System state: IDLE
2026-02-24 16:25:20,321 [INFO] Button states reset.
2026-02-24 16:25:20,321 [INFO] System reset. Waiting for next START.
2026-02-24 16:25:20,822 [INFO] Waiting for START button...
2026-02-24 16:25:20,823 [INFO] Waiting for START button...
2026-02-24 16:25:34,832 [WARNING] STOP button pressed but no script is running.
2026-02-24 16:25:59,701 [INFO] START button pressed.
2026-02-24 16:25:59,703 [INFO] Start signal received.
2026-02-24 16:25:59,703 [INFO] System state: RUNNING
2026-02-24 16:25:59,704 [INFO] START pressed. Running main loop.
2026-02-24 16:25:59,704 [INFO] All systems operational.
2026-02-24 16:25:59,720 [INFO] Loading YOLO model from /home/raspberrypi/cocoon_system/cocoon/models/cocoon_model_v2.pt...
2026-02-24 16:26:00,007 [INFO] YOLO Model loaded successfully.
2026-02-24 16:26:00,047 [INFO] Inference completed.
2026-02-24 16:26:00,047 [INFO] Starting cycle 1 / 12
2026-02-24 16:26:00,062 [INFO] Starting servo for cycle 1
2026-02-24 16:26:00,063 [INFO] Servo finished for cycle 1
2026-02-24 16:26:03,063 [INFO] Starting cycle 2 / 12
2026-02-24 16:26:03,081 [INFO] Starting servo for cycle 2
2026-02-24 16:26:03,082 [INFO] Servo finished for cycle 2
2026-02-24 16:26:03,772 [WARNING] FORCE STOP button pressed!
2026-02-24 16:26:06,084 [INFO] Starting cycle 3 / 12
2026-02-24 16:26:06,099 [WARNING] Force stop detected. Exiting run loop.
2026-02-24 16:26:06,600 [INFO] Run completed safely.
2026-02-24 16:26:06,600 [INFO] System state: IDLE
2026-02-24 16:26:06,601 [INFO] Button states reset.
2026-02-24 16:26:06,601 [INFO] System reset. Waiting for next START.
2026-02-24 16:26:07,102 [INFO] Waiting for START button...
2026-02-24 16:26:07,103 [INFO] Waiting for START button...
2026-02-24 16:26:17,680 [INFO] START button pressed.
2026-02-24 16:26:17,682 [INFO] Start signal received.
2026-02-24 16:26:17,683 [INFO] System state: RUNNING
2026-02-24 16:26:17,686 [INFO] START pressed. Running main loop.
2026-02-24 16:26:17,692 [INFO] All systems operational.
2026-02-24 16:26:17,738 [INFO] Loading YOLO model from /home/raspberrypi/cocoon_system/cocoon/models/cocoon_model_v2.pt...
2026-02-24 16:26:18,280 [INFO] YOLO Model loaded successfully.
2026-02-24 16:26:18,341 [INFO] Inference completed.
2026-02-24 16:26:18,342 [INFO] Starting cycle 1 / 12
2026-02-24 16:26:18,364 [INFO] Starting servo for cycle 1
2026-02-24 16:26:18,365 [INFO] Servo finished for cycle 1
2026-02-24 16:26:21,366 [INFO] Starting cycle 2 / 12
2026-02-24 16:26:21,385 [INFO] Starting servo for cycle 2
2026-02-24 16:26:21,386 [INFO] Servo finished for cycle 2
2026-02-24 16:26:24,387 [INFO] Starting cycle 3 / 12
2026-02-24 16:26:24,444 [INFO] Starting servo for cycle 3
2026-02-24 16:26:24,445 [INFO] Servo finished for cycle 3
2026-02-24 16:26:27,447 [INFO] Starting cycle 4 / 12
2026-02-24 16:26:27,477 [INFO] Starting servo for cycle 4
2026-02-24 16:26:27,484 [INFO] Servo finished for cycle 4
2026-02-24 16:26:27,984 [WARNING] START button pressed but system already running (ignored).
2026-02-24 16:26:30,488 [INFO] Starting cycle 5 / 12
2026-02-24 16:26:30,504 [INFO] Starting servo for cycle 5
2026-02-24 16:26:30,504 [INFO] Servo finished for cycle 5
2026-02-24 16:26:31,807 [WARNING] START button pressed but system already running (ignored).
2026-02-24 16:26:33,508 [INFO] Starting cycle 6 / 12
2026-02-24 16:26:33,537 [INFO] Starting servo for cycle 6
2026-02-24 16:26:33,539 [INFO] Servo finished for cycle 6
2026-02-24 16:26:36,541 [INFO] Starting cycle 7 / 12
2026-02-24 16:26:36,558 [INFO] Starting servo for cycle 7
2026-02-24 16:26:36,559 [INFO] Servo finished for cycle 7
2026-02-24 16:26:39,564 [INFO] Starting cycle 8 / 12
2026-02-24 16:26:39,596 [INFO] Starting servo for cycle 8
2026-02-24 16:26:39,597 [INFO] Servo finished for cycle 8
2026-02-24 16:26:42,410 [WARNING] FORCE STOP button pressed!
2026-02-24 16:26:42,600 [INFO] Starting cycle 9 / 12
2026-02-24 16:26:42,622 [WARNING] Force stop detected. Exiting run loop.
2026-02-24 16:26:43,127 [INFO] Run completed safely.
2026-02-24 16:26:43,132 [INFO] System state: IDLE
2026-02-24 16:26:43,133 [INFO] Button states reset.
2026-02-24 16:26:43,135 [INFO] System reset. Waiting for next START.
2026-02-24 16:26:43,637 [INFO] Waiting for START button...
2026-02-24 16:26:43,639 [INFO] Waiting for START button...
2026-02-24 16:26:59,247 [WARNING] STOP button pressed but no script is running.
2026-02-24 16:27:23,760 [INFO] START button pressed.
2026-02-24 16:27:23,761 [INFO] Start signal received.
2026-02-24 16:27:23,762 [INFO] System state: RUNNING
2026-02-24 16:27:23,762 [INFO] START pressed. Running main loop.
2026-02-24 16:27:23,763 [INFO] All systems operational.
2026-02-24 16:27:23,778 [INFO] Loading YOLO model from /home/raspberrypi/cocoon_system/cocoon/models/cocoon_model_v2.pt...
2026-02-24 16:27:24,006 [INFO] YOLO Model loaded successfully.
2026-02-24 16:27:24,047 [INFO] Inference completed.
2026-02-24 16:27:24,047 [INFO] Starting cycle 1 / 12
2026-02-24 16:27:24,064 [INFO] Starting servo for cycle 1
2026-02-24 16:27:24,064 [INFO] Servo finished for cycle 1
2026-02-24 16:27:27,065 [INFO] Starting cycle 2 / 12
2026-02-24 16:27:27,072 [INFO] Starting servo for cycle 2
2026-02-24 16:27:27,073 [INFO] Servo finished for cycle 2
2026-02-24 16:27:30,073 [INFO] Starting cycle 3 / 12
2026-02-24 16:27:30,092 [INFO] Starting servo for cycle 3
2026-02-24 16:27:30,093 [INFO] Servo finished for cycle 3
2026-02-24 16:27:33,094 [INFO] Starting cycle 4 / 12
2026-02-24 16:27:33,110 [INFO] Starting servo for cycle 4
2026-02-24 16:27:33,111 [INFO] Servo finished for cycle 4
2026-02-24 16:27:36,112 [INFO] Starting cycle 5 / 12
2026-02-24 16:27:36,128 [INFO] Starting servo for cycle 5
2026-02-24 16:27:36,128 [INFO] Servo finished for cycle 5
2026-02-24 16:27:39,129 [INFO] Starting cycle 6 / 12
2026-02-24 16:27:39,148 [INFO] Starting servo for cycle 6
2026-02-24 16:27:39,149 [INFO] Servo finished for cycle 6
2026-02-24 16:27:42,150 [INFO] Starting cycle 7 / 12
2026-02-24 16:27:42,166 [INFO] Starting servo for cycle 7
2026-02-24 16:27:42,167 [INFO] Servo finished for cycle 7
2026-02-24 16:27:45,031 [WARNING] START button pressed but system already running (ignored).
2026-02-24 16:27:45,167 [INFO] Starting cycle 8 / 12
2026-02-24 16:27:45,184 [INFO] Starting servo for cycle 8
2026-02-24 16:27:45,185 [INFO] Servo finished for cycle 8
2026-02-24 16:27:48,186 [INFO] Starting cycle 9 / 12
2026-02-24 16:27:48,203 [INFO] Starting servo for cycle 9
2026-02-24 16:27:48,203 [INFO] Servo finished for cycle 9
2026-02-24 16:27:51,204 [INFO] Starting cycle 10 / 12
2026-02-24 16:27:51,222 [INFO] Starting servo for cycle 10
2026-02-24 16:27:51,223 [INFO] Servo finished for cycle 10
2026-02-24 16:27:51,902 [WARNING] FORCE STOP button pressed!
2026-02-24 16:27:54,224 [INFO] Starting cycle 11 / 12
2026-02-24 16:27:54,241 [WARNING] Force stop detected. Exiting run loop.
2026-02-24 16:27:54,742 [INFO] Run completed safely.
2026-02-24 16:27:54,743 [INFO] System state: IDLE
2026-02-24 16:27:54,743 [INFO] Button states reset.
2026-02-24 16:27:54,744 [INFO] System reset. Waiting for next START.
2026-02-24 16:27:55,244 [INFO] Waiting for START button...
2026-02-24 16:27:55,245 [INFO] Waiting for START button...
2026-02-24 16:27:59,830 [WARNING] STOP button pressed but no script is running.
2026-02-24 16:28:02,994 [INFO] START button pressed.
2026-02-24 16:28:02,995 [INFO] Start signal received.
2026-02-24 16:28:02,996 [INFO] System state: RUNNING
2026-02-24 16:28:02,997 [INFO] START pressed. Running main loop.
2026-02-24 16:28:02,997 [INFO] All systems operational.
2026-02-24 16:28:03,013 [INFO] Loading YOLO model from /home/raspberrypi/cocoon_system/cocoon/models/cocoon_model_v2.pt...
2026-02-24 16:28:03,310 [INFO] YOLO Model loaded successfully.
2026-02-24 16:28:03,351 [INFO] Inference completed.
2026-02-24 16:28:03,352 [INFO] Starting cycle 1 / 12
2026-02-24 16:28:03,367 [INFO] Starting servo for cycle 1
2026-02-24 16:28:03,368 [INFO] Servo finished for cycle 1
2026-02-24 16:28:06,369 [INFO] Starting cycle 2 / 12
2026-02-24 16:28:06,384 [INFO] Starting servo for cycle 2
2026-02-24 16:28:06,385 [INFO] Servo finished for cycle 2
2026-02-24 16:28:09,386 [INFO] Starting cycle 3 / 12
2026-02-24 16:28:09,401 [INFO] Starting servo for cycle 3
2026-02-24 16:28:09,402 [INFO] Servo finished for cycle 3
2026-02-24 16:28:12,402 [INFO] Starting cycle 4 / 12
2026-02-24 16:28:12,418 [INFO] Starting servo for cycle 4
2026-02-24 16:28:12,418 [INFO] Servo finished for cycle 4
2026-02-24 16:28:15,419 [INFO] Starting cycle 5 / 12
2026-02-24 16:28:15,426 [INFO] Starting servo for cycle 5
2026-02-24 16:28:15,426 [INFO] Servo finished for cycle 5
2026-02-24 16:28:18,037 [WARNING] START button pressed but system already running (ignored).
2026-02-24 16:28:18,427 [INFO] Starting cycle 6 / 12
2026-02-24 16:28:18,442 [INFO] Starting servo for cycle 6
2026-02-24 16:28:18,443 [INFO] Servo finished for cycle 6
2026-02-24 16:28:21,443 [INFO] Starting cycle 7 / 12
2026-02-24 16:28:21,460 [INFO] Starting servo for cycle 7
2026-02-24 16:28:21,460 [INFO] Servo finished for cycle 7
2026-02-24 16:28:24,462 [INFO] Starting cycle 8 / 12
2026-02-24 16:28:24,477 [INFO] Starting servo for cycle 8
2026-02-24 16:28:24,478 [INFO] Servo finished for cycle 8
2026-02-24 16:28:27,479 [INFO] Starting cycle 9 / 12
2026-02-24 16:28:27,494 [INFO] Starting servo for cycle 9
2026-02-24 16:28:27,495 [INFO] Servo finished for cycle 9
2026-02-24 16:28:30,496 [INFO] Starting cycle 10 / 12
2026-02-24 16:28:30,511 [INFO] Starting servo for cycle 10
2026-02-24 16:28:30,512 [INFO] Servo finished for cycle 10
2026-02-24 16:28:33,512 [INFO] Starting cycle 11 / 12
2026-02-24 16:28:33,528 [INFO] Starting servo for cycle 11
2026-02-24 16:28:33,529 [INFO] Servo finished for cycle 11
2026-02-24 16:28:36,529 [INFO] Starting cycle 12 / 12
2026-02-24 16:28:36,546 [INFO] Starting servo for cycle 12
2026-02-24 16:28:36,546 [INFO] Servo finished for cycle 12
2026-02-24 16:28:40,047 [INFO] Run completed safely.
2026-02-24 16:28:40,048 [INFO] System state: IDLE
2026-02-24 16:28:40,048 [INFO] Button states reset.
2026-02-24 16:28:40,048 [INFO] System reset. Waiting for next START.
2026-02-24 16:28:40,549 [INFO] Waiting for START button...
2026-02-24 16:28:40,550 [INFO] Waiting for START button...
2026-02-24 16:28:42,859 [WARNING] STOP button pressed but no script is running.
2026-02-24 16:28:45,516 [WARNING] STOP button pressed but no script is running.
2026-02-24 16:28:54,443 [INFO] START button pressed.
2026-02-24 16:28:54,444 [INFO] Start signal received.
2026-02-24 16:28:54,444 [INFO] System state: RUNNING
2026-02-24 16:28:54,444 [INFO] START pressed. Running main loop.
2026-02-24 16:28:54,445 [INFO] All systems operational.
2026-02-24 16:28:54,451 [INFO] Loading YOLO model from /home/raspberrypi/cocoon_system/cocoon/models/cocoon_model_v2.pt...
2026-02-24 16:28:54,673 [INFO] YOLO Model loaded successfully.
2026-02-24 16:28:54,713 [INFO] Inference completed.
2026-02-24 16:28:54,714 [INFO] Starting cycle 1 / 12
2026-02-24 16:28:54,730 [INFO] Starting servo for cycle 1
2026-02-24 16:28:54,730 [INFO] Servo finished for cycle 1
2026-02-24 16:28:57,731 [INFO] Starting cycle 2 / 12
2026-02-24 16:28:57,747 [INFO] Starting servo for cycle 2
2026-02-24 16:28:57,749 [INFO] Servo finished for cycle 2
2026-02-24 16:29:00,749 [INFO] Starting cycle 3 / 12
2026-02-24 16:29:00,766 [INFO] Starting servo for cycle 3
2026-02-24 16:29:00,767 [INFO] Servo finished for cycle 3
2026-02-24 16:29:03,625 [WARNING] START button pressed but system already running (ignored).
2026-02-24 16:29:03,767 [INFO] Starting cycle 4 / 12
2026-02-24 16:29:03,783 [INFO] Starting servo for cycle 4
2026-02-24 16:29:03,784 [INFO] Servo finished for cycle 4
2026-02-24 16:29:06,784 [INFO] Starting cycle 5 / 12
2026-02-24 16:29:06,799 [INFO] Starting servo for cycle 5
2026-02-24 16:29:06,800 [INFO] Servo finished for cycle 5
2026-02-24 16:29:09,801 [INFO] Starting cycle 6 / 12
2026-02-24 16:29:09,808 [INFO] Starting servo for cycle 6
2026-02-24 16:29:09,809 [INFO] Servo finished for cycle 6
2026-02-24 16:29:12,809 [INFO] Starting cycle 7 / 12
2026-02-24 16:29:12,825 [INFO] Starting servo for cycle 7
2026-02-24 16:29:12,825 [INFO] Servo finished for cycle 7
2026-02-24 16:29:15,826 [INFO] Starting cycle 8 / 12
2026-02-24 16:29:15,843 [INFO] Starting servo for cycle 8
2026-02-24 16:29:15,844 [INFO] Servo finished for cycle 8
2026-02-24 16:29:18,844 [INFO] Starting cycle 9 / 12
2026-02-24 16:29:18,860 [INFO] Starting servo for cycle 9
2026-02-24 16:29:18,860 [INFO] Servo finished for cycle 9
2026-02-24 16:29:19,471 [WARNING] START button pressed but system already running (ignored).
2026-02-24 16:29:21,861 [INFO] Starting cycle 10 / 12
2026-02-24 16:29:21,878 [INFO] Starting servo for cycle 10
2026-02-24 16:29:21,880 [INFO] Servo finished for cycle 10
2026-02-24 16:29:24,634 [WARNING] FORCE STOP button pressed!
2026-02-24 16:29:24,881 [INFO] Starting cycle 11 / 12
2026-02-24 16:29:24,888 [WARNING] Force stop detected. Exiting run loop.
2026-02-24 16:29:25,389 [INFO] Run completed safely.
2026-02-24 16:29:25,389 [INFO] System state: IDLE
2026-02-24 16:29:25,390 [INFO] Button states reset.
2026-02-24 16:29:25,390 [INFO] System reset. Waiting for next START.
2026-02-24 16:29:25,891 [INFO] Waiting for START button...
2026-02-24 16:29:25,892 [INFO] Waiting for START button...
2026-02-24 16:29:36,016 [WARNING] STOP button pressed but no script is running.
2026-02-24 16:29:37,974 [WARNING] STOP button pressed but no script is running.
2026-02-24 16:29:46,744 [WARNING] STOP button pressed but no script is running.
2026-02-24 16:29:47,901 [WARNING] STOP button pressed but no script is running.
2026-02-24 16:29:49,004 [INFO] START button pressed.
2026-02-24 16:29:49,005 [INFO] Start signal received.
2026-02-24 16:29:49,006 [INFO] System state: RUNNING
2026-02-24 16:29:49,006 [INFO] START pressed. Running main loop.
2026-02-24 16:29:49,007 [INFO] All systems operational.
2026-02-24 16:29:49,024 [INFO] Loading YOLO model from /home/raspberrypi/cocoon_system/cocoon/models/cocoon_model_v2.pt...
2026-02-24 16:29:49,203 [INFO] YOLO Model loaded successfully.
2026-02-24 16:29:49,222 [INFO] Inference completed.
2026-02-24 16:29:49,222 [INFO] Starting cycle 1 / 12
2026-02-24 16:29:49,230 [INFO] Starting servo for cycle 1
2026-02-24 16:29:49,230 [INFO] Servo finished for cycle 1
2026-02-24 16:29:52,064 [WARNING] FORCE STOP button pressed!
2026-02-24 16:29:52,231 [INFO] Starting cycle 2 / 12
2026-02-24 16:29:52,248 [WARNING] Force stop detected. Exiting run loop.
2026-02-24 16:29:52,749 [INFO] Run completed safely.
2026-02-24 16:29:52,749 [INFO] System state: IDLE
2026-02-24 16:29:52,750 [INFO] Button states reset.
2026-02-24 16:29:52,750 [INFO] System reset. Waiting for next START.
2026-02-24 16:29:53,250 [INFO] Waiting for START button...
2026-02-24 16:29:53,251 [INFO] Waiting for START button...
2026-02-24 16:30:32,206 [WARNING] STOP button pressed but no script is running.
2026-02-24 16:30:40,791 [WARNING] STOP button pressed but no script is running.
2026-02-24 16:30:53,623 [INFO] START button pressed.
2026-02-24 16:30:53,624 [INFO] Start signal received.
2026-02-24 16:30:53,624 [INFO] System state: RUNNING
2026-02-24 16:30:53,625 [INFO] START pressed. Running main loop.
2026-02-24 16:30:53,625 [INFO] All systems operational.
2026-02-24 16:30:53,641 [INFO] Loading YOLO model from /home/raspberrypi/cocoon_system/cocoon/models/cocoon_model_v2.pt...
2026-02-24 16:30:53,868 [INFO] YOLO Model loaded successfully.
2026-02-24 16:30:53,910 [INFO] Inference completed.
2026-02-24 16:30:53,911 [INFO] Starting cycle 1 / 12
2026-02-24 16:30:53,926 [INFO] Starting servo for cycle 1
2026-02-24 16:30:53,927 [INFO] Servo finished for cycle 1
2026-02-24 16:30:56,927 [INFO] Starting cycle 2 / 12
2026-02-24 16:30:56,943 [INFO] Starting servo for cycle 2
2026-02-24 16:30:56,944 [INFO] Servo finished for cycle 2
2026-02-24 16:30:58,037 [WARNING] START button pressed but system already running (ignored).
2026-02-24 16:30:59,944 [INFO] Starting cycle 3 / 12
2026-02-24 16:30:59,961 [INFO] Starting servo for cycle 3
2026-02-24 16:30:59,962 [INFO] Servo finished for cycle 3
2026-02-24 16:31:00,294 [WARNING] START button pressed but system already running (ignored).
2026-02-24 16:31:02,962 [INFO] Starting cycle 4 / 12
2026-02-24 16:31:02,978 [INFO] Starting servo for cycle 4
2026-02-24 16:31:02,979 [INFO] Servo finished for cycle 4
2026-02-24 16:31:05,980 [INFO] Starting cycle 5 / 12
2026-02-24 16:31:05,995 [INFO] Starting servo for cycle 5
2026-02-24 16:31:05,996 [INFO] Servo finished for cycle 5
2026-02-24 16:31:08,997 [INFO] Starting cycle 6 / 12
2026-02-24 16:31:09,012 [INFO] Starting servo for cycle 6
2026-02-24 16:31:09,013 [INFO] Servo finished for cycle 6
2026-02-24 16:31:11,523 [WARNING] FORCE STOP button pressed!
2026-02-24 16:31:12,013 [INFO] Starting cycle 7 / 12
2026-02-24 16:31:12,028 [WARNING] Force stop detected. Exiting run loop.
2026-02-24 16:31:12,529 [INFO] Run completed safely.
2026-02-24 16:31:12,530 [INFO] System state: IDLE
2026-02-24 16:31:12,531 [INFO] Button states reset.
2026-02-24 16:31:12,531 [INFO] System reset. Waiting for next START.
2026-02-24 16:31:13,032 [INFO] Waiting for START button...
2026-02-24 16:31:13,033 [INFO] Waiting for START button...
2026-02-24 16:31:20,048 [INFO] START button pressed.
2026-02-24 16:31:20,049 [INFO] Start signal received.
2026-02-24 16:31:20,049 [INFO] System state: RUNNING
2026-02-24 16:31:20,050 [INFO] START pressed. Running main loop.
2026-02-24 16:31:20,050 [INFO] All systems operational.
2026-02-24 16:31:20,066 [INFO] Loading YOLO model from /home/raspberrypi/cocoon_system/cocoon/models/cocoon_model_v2.pt...
2026-02-24 16:31:20,891 [INFO] YOLO Model loaded successfully.
2026-02-24 16:31:20,941 [INFO] Inference completed.
2026-02-24 16:31:20,942 [INFO] Starting cycle 1 / 12
2026-02-24 16:31:20,958 [INFO] Starting servo for cycle 1
2026-02-24 16:31:20,959 [INFO] Servo finished for cycle 1
2026-02-24 16:31:23,754 [WARNING] FORCE STOP button pressed!
2026-02-24 16:31:23,965 [INFO] Starting cycle 2 / 12
2026-02-24 16:31:24,036 [WARNING] Force stop detected. Exiting run loop.
2026-02-24 16:31:24,540 [INFO] Run completed safely.
2026-02-24 16:31:24,544 [INFO] System state: IDLE
2026-02-24 16:31:24,545 [INFO] Button states reset.
2026-02-24 16:31:24,547 [INFO] System reset. Waiting for next START.
2026-02-24 16:31:25,050 [INFO] Waiting for START button...
2026-02-24 16:31:25,052 [INFO] Waiting for START button...
2026-02-24 16:31:25,279 [INFO] START button pressed.
2026-02-24 16:31:25,284 [INFO] Start signal received.
2026-02-24 16:31:25,286 [INFO] System state: RUNNING
2026-02-24 16:31:25,288 [INFO] START pressed. Running main loop.
2026-02-24 16:31:25,289 [INFO] All systems operational.
2026-02-24 16:31:25,328 [INFO] Loading YOLO model from /home/raspberrypi/cocoon_system/cocoon/models/cocoon_model_v2.pt...
2026-02-24 16:31:26,397 [INFO] YOLO Model loaded successfully.
2026-02-24 16:31:26,456 [INFO] Inference completed.
2026-02-24 16:31:26,457 [INFO] Starting cycle 1 / 12
2026-02-24 16:31:26,480 [INFO] Starting servo for cycle 1
2026-02-24 16:31:26,482 [INFO] Servo finished for cycle 1
2026-02-24 16:31:29,484 [INFO] Starting cycle 2 / 12
2026-02-24 16:31:29,504 [INFO] Starting servo for cycle 2
2026-02-24 16:31:29,505 [INFO] Servo finished for cycle 2
2026-02-24 16:31:29,760 [INFO] System state: IDLE
2026-02-24 16:31:29,761 [INFO] Button states reset.
2026-02-24 16:31:29,761 [INFO] System reset. Waiting for next START.
2026-02-24 16:31:29,762 [WARNING] Program terminated by user.
2026-02-24 16:31:29,763 [INFO] Button GPIO cleaned up.
2026-02-24 16:31:29,763 [INFO] GPIO cleaned up. Program exited safely.
2026-02-24 16:33:36,441 [INFO] Loading YOLO model from /home/raspberrypi/cocoon_system/cocoon/models/cocoon_model_v2.pt...
2026-02-24 16:33:36,776 [INFO] YOLO Model loaded successfully.
2026-02-24 16:33:36,778 [INFO] Buttons initialized using polling (no edge detection).
2026-02-24 16:33:36,779 [INFO] System booting...
2026-02-24 16:33:36,779 [INFO] Waiting for START button...
2026-02-24 16:33:36,780 [INFO] Waiting for START button...
2026-02-24 16:33:42,746 [INFO] START button pressed.
2026-02-24 16:33:42,747 [INFO] Start signal received.
2026-02-24 16:33:42,748 [INFO] System state: RUNNING
2026-02-24 16:33:42,749 [INFO] START pressed. Running main loop.
2026-02-24 16:33:42,750 [INFO] All systems operational.
2026-02-24 16:33:42,771 [INFO] Loading YOLO model from /home/raspberrypi/cocoon_system/cocoon/models/cocoon_model_v2.pt...
2026-02-24 16:33:43,084 [INFO] YOLO Model loaded successfully.
2026-02-24 16:33:43,127 [INFO] Inference completed.
2026-02-24 16:33:43,127 [INFO] Starting cycle 1 / 12
2026-02-24 16:33:43,144 [INFO] Starting servo for cycle 1
2026-02-24 16:33:43,145 [INFO] Servo finished for cycle 1
2026-02-24 16:33:46,145 [INFO] Starting cycle 2 / 12
2026-02-24 16:33:46,165 [INFO] Starting servo for cycle 2
2026-02-24 16:33:46,166 [INFO] Servo finished for cycle 2
2026-02-24 16:33:49,167 [INFO] Starting cycle 3 / 12
2026-02-24 16:33:49,186 [INFO] Starting servo for cycle 3
2026-02-24 16:33:49,187 [INFO] Servo finished for cycle 3
2026-02-24 16:33:52,187 [INFO] Starting cycle 4 / 12
2026-02-24 16:33:52,204 [INFO] Starting servo for cycle 4
2026-02-24 16:33:52,205 [INFO] Servo finished for cycle 4
2026-02-24 16:33:55,207 [INFO] Starting cycle 5 / 12
2026-02-24 16:33:55,224 [INFO] Starting servo for cycle 5
2026-02-24 16:33:55,225 [INFO] Servo finished for cycle 5
2026-02-24 16:33:58,225 [INFO] Starting cycle 6 / 12
2026-02-24 16:33:58,243 [INFO] Starting servo for cycle 6
2026-02-24 16:33:58,244 [INFO] Servo finished for cycle 6
2026-02-24 16:34:01,245 [INFO] Starting cycle 7 / 12
2026-02-24 16:34:01,262 [INFO] Starting servo for cycle 7
2026-02-24 16:34:01,263 [INFO] Servo finished for cycle 7
2026-02-24 16:34:02,477 [WARNING] START button pressed but system already running (ignored).
2026-02-24 16:34:03,534 [WARNING] FORCE STOP button pressed!
2026-02-24 16:34:04,264 [INFO] Starting cycle 8 / 12
2026-02-24 16:34:04,280 [WARNING] Force stop detected. Exiting run loop.
2026-02-24 16:34:04,780 [INFO] Run completed safely.
2026-02-24 16:34:04,781 [INFO] System state: IDLE
2026-02-24 16:34:04,781 [INFO] Button states reset.
2026-02-24 16:34:04,781 [INFO] System reset. Waiting for next START.
2026-02-24 16:34:05,281 [INFO] Waiting for START button...
2026-02-24 16:34:05,282 [INFO] Waiting for START button...
2026-02-24 16:34:05,790 [WARNING] STOP button pressed but no script is running.
2026-02-24 16:34:07,695 [INFO] START button pressed.
2026-02-24 16:34:07,696 [INFO] Start signal received.
2026-02-24 16:34:07,697 [INFO] System state: RUNNING
2026-02-24 16:34:07,697 [INFO] START pressed. Running main loop.
2026-02-24 16:34:07,698 [INFO] All systems operational.
2026-02-24 16:34:07,713 [INFO] Loading YOLO model from /home/raspberrypi/cocoon_system/cocoon/models/cocoon_model_v2.pt...
2026-02-24 16:34:08,024 [INFO] YOLO Model loaded successfully.
2026-02-24 16:34:08,063 [INFO] Inference completed.
2026-02-24 16:34:08,064 [INFO] Starting cycle 1 / 12
2026-02-24 16:34:08,080 [INFO] Starting servo for cycle 1
2026-02-24 16:34:08,081 [INFO] Servo finished for cycle 1
2026-02-24 16:34:11,082 [INFO] Starting cycle 2 / 12
2026-02-24 16:34:11,097 [INFO] Starting servo for cycle 2
2026-02-24 16:34:11,098 [INFO] Servo finished for cycle 2
2026-02-24 16:34:14,098 [INFO] Starting cycle 3 / 12
2026-02-24 16:34:14,115 [INFO] Starting servo for cycle 3
2026-02-24 16:34:14,116 [INFO] Servo finished for cycle 3
2026-02-24 16:34:17,117 [INFO] Starting cycle 4 / 12
2026-02-24 16:34:17,133 [INFO] Starting servo for cycle 4
2026-02-24 16:34:17,134 [INFO] Servo finished for cycle 4
2026-02-24 16:34:17,736 [WARNING] START button pressed but system already running (ignored).
2026-02-24 16:34:20,135 [INFO] Starting cycle 5 / 12
2026-02-24 16:34:20,150 [INFO] Starting servo for cycle 5
2026-02-24 16:34:20,151 [INFO] Servo finished for cycle 5
2026-02-24 16:34:23,151 [INFO] Starting cycle 6 / 12
2026-02-24 16:34:23,167 [INFO] Starting servo for cycle 6
2026-02-24 16:34:23,168 [INFO] Servo finished for cycle 6
2026-02-24 16:34:25,415 [WARNING] FORCE STOP button pressed!
2026-02-24 16:34:26,168 [INFO] Starting cycle 7 / 12
2026-02-24 16:34:26,185 [WARNING] Force stop detected. Exiting run loop.
2026-02-24 16:34:26,687 [INFO] Run completed safely.
2026-02-24 16:34:26,688 [INFO] System state: IDLE
2026-02-24 16:34:26,689 [INFO] Button states reset.
2026-02-24 16:34:26,689 [INFO] System reset. Waiting for next START.
2026-02-24 16:34:27,190 [INFO] Waiting for START button...
2026-02-24 16:34:27,191 [INFO] Waiting for START button...
2026-02-24 16:34:57,999 [INFO] START button pressed.
2026-02-24 16:34:57,999 [INFO] Start signal received.
2026-02-24 16:34:58,000 [INFO] System state: RUNNING
2026-02-24 16:34:58,000 [INFO] START pressed. Running main loop.
2026-02-24 16:34:58,000 [INFO] All systems operational.
2026-02-24 16:34:58,013 [INFO] Loading YOLO model from /home/raspberrypi/cocoon_system/cocoon/models/cocoon_model_v2.pt...
2026-02-24 16:34:58,170 [INFO] YOLO Model loaded successfully.
2026-02-24 16:34:58,188 [INFO] Inference completed.
2026-02-24 16:34:58,188 [INFO] Starting cycle 1 / 12
2026-02-24 16:34:58,197 [INFO] Starting servo for cycle 1
2026-02-24 16:34:58,198 [INFO] Servo finished for cycle 1
2026-02-24 16:35:00,161 [WARNING] START button pressed but system already running (ignored).
2026-02-24 16:35:01,200 [INFO] Starting cycle 2 / 12
2026-02-24 16:35:01,216 [INFO] Starting servo for cycle 2
2026-02-24 16:35:01,216 [INFO] Servo finished for cycle 2
2026-02-24 16:35:04,219 [INFO] Starting cycle 3 / 12
2026-02-24 16:35:04,239 [INFO] Starting servo for cycle 3
2026-02-24 16:35:04,240 [INFO] Servo finished for cycle 3
2026-02-24 16:35:07,241 [INFO] Starting cycle 4 / 12
2026-02-24 16:35:07,257 [INFO] Starting servo for cycle 4
2026-02-24 16:35:07,258 [INFO] Servo finished for cycle 4
2026-02-24 16:35:08,538 [WARNING] START button pressed but system already running (ignored).
2026-02-24 16:35:10,258 [INFO] Starting cycle 5 / 12
2026-02-24 16:35:10,276 [INFO] Starting servo for cycle 5
2026-02-24 16:35:10,277 [INFO] Servo finished for cycle 5
2026-02-24 16:35:12,049 [WARNING] FORCE STOP button pressed!
2026-02-24 16:35:13,278 [INFO] Starting cycle 6 / 12
2026-02-24 16:35:13,294 [WARNING] Force stop detected. Exiting run loop.
2026-02-24 16:35:13,795 [INFO] Run completed safely.
2026-02-24 16:35:13,796 [INFO] System state: IDLE
2026-02-24 16:35:13,797 [INFO] Button states reset.
2026-02-24 16:35:13,797 [INFO] System reset. Waiting for next START.
2026-02-24 16:35:14,298 [INFO] Waiting for START button...
2026-02-24 16:35:14,299 [INFO] Waiting for START button...
2026-02-24 16:35:18,281 [INFO] START button pressed.
2026-02-24 16:35:18,282 [INFO] Start signal received.
2026-02-24 16:35:18,283 [INFO] System state: RUNNING
2026-02-24 16:35:18,284 [INFO] START pressed. Running main loop.
2026-02-24 16:35:18,285 [INFO] All systems operational.
2026-02-24 16:35:18,301 [INFO] Loading YOLO model from /home/raspberrypi/cocoon_system/cocoon/models/cocoon_model_v2.pt...
2026-02-24 16:35:18,591 [INFO] YOLO Model loaded successfully.
2026-02-24 16:35:18,631 [INFO] Inference completed.
2026-02-24 16:35:18,631 [INFO] Starting cycle 1 / 12
2026-02-24 16:35:18,647 [INFO] Starting servo for cycle 1
2026-02-24 16:35:18,648 [INFO] Servo finished for cycle 1
2026-02-24 16:35:21,649 [INFO] Starting cycle 2 / 12
2026-02-24 16:35:21,666 [INFO] Starting servo for cycle 2
2026-02-24 16:35:21,666 [INFO] Servo finished for cycle 2
2026-02-24 16:35:22,400 [WARNING] START button pressed but system already running (ignored).
2026-02-24 16:35:24,667 [INFO] Starting cycle 3 / 12
2026-02-24 16:35:24,682 [INFO] Starting servo for cycle 3
2026-02-24 16:35:24,683 [INFO] Servo finished for cycle 3
2026-02-24 16:35:27,683 [INFO] Starting cycle 4 / 12
2026-02-24 16:35:27,699 [INFO] Starting servo for cycle 4
2026-02-24 16:35:27,699 [INFO] Servo finished for cycle 4
2026-02-24 16:35:30,120 [WARNING] FORCE STOP button pressed!
2026-02-24 16:35:30,700 [INFO] Starting cycle 5 / 12
2026-02-24 16:35:30,717 [WARNING] Force stop detected. Exiting run loop.
2026-02-24 16:35:31,218 [INFO] Run completed safely.
2026-02-24 16:35:31,219 [INFO] System state: IDLE
2026-02-24 16:35:31,219 [INFO] Button states reset.
2026-02-24 16:35:31,220 [INFO] System reset. Waiting for next START.
2026-02-24 16:35:31,720 [INFO] Waiting for START button...
2026-02-24 16:35:31,721 [INFO] Waiting for START button...
2026-02-24 16:35:41,055 [INFO] START button pressed.
2026-02-24 16:35:41,055 [INFO] Start signal received.
2026-02-24 16:35:41,056 [INFO] System state: RUNNING
2026-02-24 16:35:41,056 [INFO] START pressed. Running main loop.
2026-02-24 16:35:41,056 [INFO] All systems operational.
2026-02-24 16:35:41,064 [INFO] Loading YOLO model from /home/raspberrypi/cocoon_system/cocoon/models/cocoon_model_v2.pt...
2026-02-24 16:35:41,295 [INFO] YOLO Model loaded successfully.
2026-02-24 16:35:41,333 [INFO] Inference completed.
2026-02-24 16:35:41,334 [INFO] Starting cycle 1 / 12
2026-02-24 16:35:41,350 [INFO] Starting servo for cycle 1
2026-02-24 16:35:41,351 [INFO] Servo finished for cycle 1
2026-02-24 16:35:44,351 [INFO] Starting cycle 2 / 12
2026-02-24 16:35:44,367 [INFO] Starting servo for cycle 2
2026-02-24 16:35:44,368 [INFO] Servo finished for cycle 2
2026-02-24 16:35:47,369 [INFO] Starting cycle 3 / 12
2026-02-24 16:35:47,376 [INFO] Starting servo for cycle 3
2026-02-24 16:35:47,376 [INFO] Servo finished for cycle 3
2026-02-24 16:35:50,376 [INFO] Starting cycle 4 / 12
2026-02-24 16:35:50,393 [INFO] Starting servo for cycle 4
2026-02-24 16:35:50,394 [INFO] Servo finished for cycle 4
2026-02-24 16:35:53,395 [INFO] Starting cycle 5 / 12
2026-02-24 16:35:53,421 [INFO] Starting servo for cycle 5
2026-02-24 16:35:53,423 [INFO] Servo finished for cycle 5
2026-02-24 16:35:56,424 [INFO] Starting cycle 6 / 12
2026-02-24 16:35:56,441 [INFO] Starting servo for cycle 6
2026-02-24 16:35:56,442 [INFO] Servo finished for cycle 6
2026-02-24 16:35:59,443 [INFO] Starting cycle 7 / 12
2026-02-24 16:35:59,459 [INFO] Starting servo for cycle 7
2026-02-24 16:35:59,459 [INFO] Servo finished for cycle 7
2026-02-24 16:36:02,460 [INFO] Starting cycle 8 / 12
2026-02-24 16:36:02,476 [INFO] Starting servo for cycle 8
2026-02-24 16:36:02,477 [INFO] Servo finished for cycle 8
2026-02-24 16:36:05,477 [INFO] Starting cycle 9 / 12
2026-02-24 16:36:05,496 [INFO] Starting servo for cycle 9
2026-02-24 16:36:05,496 [INFO] Servo finished for cycle 9
2026-02-24 16:36:08,497 [INFO] Starting cycle 10 / 12
2026-02-24 16:36:08,513 [INFO] Starting servo for cycle 10
2026-02-24 16:36:08,514 [INFO] Servo finished for cycle 10
2026-02-24 16:36:11,515 [INFO] Starting cycle 11 / 12
2026-02-24 16:36:11,531 [INFO] Starting servo for cycle 11
2026-02-24 16:36:11,531 [INFO] Servo finished for cycle 11
2026-02-24 16:36:14,532 [INFO] Starting cycle 12 / 12
2026-02-24 16:36:14,548 [INFO] Starting servo for cycle 12
2026-02-24 16:36:14,549 [INFO] Servo finished for cycle 12
2026-02-24 16:36:14,905 [WARNING] START button pressed but system already running (ignored).
2026-02-24 16:36:18,050 [INFO] Run completed safely.
2026-02-24 16:36:18,050 [INFO] System state: IDLE
2026-02-24 16:36:18,051 [INFO] Button states reset.
2026-02-24 16:36:18,051 [INFO] System reset. Waiting for next START.
2026-02-24 16:36:18,552 [INFO] Waiting for START button...
2026-02-24 16:36:18,552 [INFO] Waiting for START button...
2026-02-24 16:36:18,764 [WARNING] STOP button pressed but no script is running.
2026-02-24 16:36:20,720 [INFO] START button pressed.
2026-02-24 16:36:20,720 [INFO] Start signal received.
2026-02-24 16:36:20,721 [INFO] System state: RUNNING
2026-02-24 16:36:20,722 [INFO] START pressed. Running main loop.
2026-02-24 16:36:20,723 [INFO] All systems operational.
2026-02-24 16:36:20,739 [INFO] Loading YOLO model from /home/raspberrypi/cocoon_system/cocoon/models/cocoon_model_v2.pt...
2026-02-24 16:36:20,899 [INFO] YOLO Model loaded successfully.
2026-02-24 16:36:20,918 [INFO] Inference completed.
2026-02-24 16:36:20,918 [INFO] Starting cycle 1 / 12
2026-02-24 16:36:20,926 [INFO] Starting servo for cycle 1
2026-02-24 16:36:20,926 [INFO] Servo finished for cycle 1
2026-02-24 16:36:23,927 [INFO] Starting cycle 2 / 12
2026-02-24 16:36:23,943 [INFO] Starting servo for cycle 2
2026-02-24 16:36:23,943 [INFO] Servo finished for cycle 2
2026-02-24 16:36:26,944 [INFO] Starting cycle 3 / 12
2026-02-24 16:36:26,959 [INFO] Starting servo for cycle 3
2026-02-24 16:36:26,960 [INFO] Servo finished for cycle 3
2026-02-24 16:36:29,961 [INFO] Starting cycle 4 / 12
2026-02-24 16:36:29,977 [INFO] Starting servo for cycle 4
2026-02-24 16:36:29,977 [INFO] Servo finished for cycle 4
2026-02-24 16:36:32,978 [INFO] Starting cycle 5 / 12
2026-02-24 16:36:32,994 [INFO] Starting servo for cycle 5
2026-02-24 16:36:32,994 [INFO] Servo finished for cycle 5
2026-02-24 16:36:34,460 [WARNING] FORCE STOP button pressed!
2026-02-24 16:36:35,995 [INFO] Starting cycle 6 / 12
2026-02-24 16:36:36,010 [WARNING] Force stop detected. Exiting run loop.
2026-02-24 16:36:36,511 [INFO] Run completed safely.
2026-02-24 16:36:36,512 [INFO] System state: IDLE
2026-02-24 16:36:36,513 [INFO] Button states reset.
2026-02-24 16:36:36,514 [INFO] System reset. Waiting for next START.
2026-02-24 16:36:37,015 [INFO] Waiting for START button...
2026-02-24 16:36:37,016 [INFO] Waiting for START button...
2026-02-24 16:36:37,922 [WARNING] STOP button pressed but no script is running.
2026-02-24 16:36:41,330 [WARNING] STOP button pressed but no script is running.
2026-02-24 16:36:44,490 [INFO] START button pressed.
2026-02-24 16:36:44,491 [INFO] Start signal received.
2026-02-24 16:36:44,499 [INFO] System state: RUNNING
2026-02-24 16:36:44,500 [INFO] START pressed. Running main loop.
2026-02-24 16:36:44,500 [INFO] All systems operational.
2026-02-24 16:36:44,515 [INFO] Loading YOLO model from /home/raspberrypi/cocoon_system/cocoon/models/cocoon_model_v2.pt...
2026-02-24 16:36:44,797 [INFO] YOLO Model loaded successfully.
2026-02-24 16:36:44,836 [INFO] Inference completed.
2026-02-24 16:36:44,836 [INFO] Starting cycle 1 / 12
2026-02-24 16:36:44,854 [INFO] Starting servo for cycle 1
2026-02-24 16:36:44,855 [INFO] Servo finished for cycle 1
2026-02-24 16:36:47,855 [INFO] Starting cycle 2 / 12
2026-02-24 16:36:47,872 [INFO] Starting servo for cycle 2
2026-02-24 16:36:47,873 [INFO] Servo finished for cycle 2
2026-02-24 16:36:50,874 [INFO] Starting cycle 3 / 12
2026-02-24 16:36:50,890 [INFO] Starting servo for cycle 3
2026-02-24 16:36:50,890 [INFO] Servo finished for cycle 3
2026-02-24 16:36:53,891 [INFO] Starting cycle 4 / 12
2026-02-24 16:36:53,898 [INFO] Starting servo for cycle 4
2026-02-24 16:36:53,898 [INFO] Servo finished for cycle 4
2026-02-24 16:36:56,898 [INFO] Starting cycle 5 / 12
2026-02-24 16:36:56,915 [INFO] Starting servo for cycle 5
2026-02-24 16:36:56,915 [INFO] Servo finished for cycle 5
2026-02-24 16:36:59,916 [INFO] Starting cycle 6 / 12
2026-02-24 16:36:59,932 [INFO] Starting servo for cycle 6
2026-02-24 16:36:59,932 [INFO] Servo finished for cycle 6
2026-02-24 16:37:02,933 [INFO] Starting cycle 7 / 12
2026-02-24 16:37:02,949 [INFO] Starting servo for cycle 7
2026-02-24 16:37:02,950 [INFO] Servo finished for cycle 7
2026-02-24 16:37:05,950 [INFO] Starting cycle 8 / 12
2026-02-24 16:37:05,966 [INFO] Starting servo for cycle 8
2026-02-24 16:37:05,967 [INFO] Servo finished for cycle 8
2026-02-24 16:37:08,967 [INFO] Starting cycle 9 / 12
2026-02-24 16:37:08,976 [INFO] Starting servo for cycle 9
2026-02-24 16:37:08,976 [INFO] Servo finished for cycle 9
2026-02-24 16:37:11,977 [INFO] Starting cycle 10 / 12
2026-02-24 16:37:11,994 [INFO] Starting servo for cycle 10
2026-02-24 16:37:11,995 [INFO] Servo finished for cycle 10
2026-02-24 16:37:14,996 [INFO] Starting cycle 11 / 12
2026-02-24 16:37:15,012 [INFO] Starting servo for cycle 11
2026-02-24 16:37:15,013 [INFO] Servo finished for cycle 11
2026-02-24 16:37:18,015 [INFO] Starting cycle 12 / 12
2026-02-24 16:37:18,031 [INFO] Starting servo for cycle 12
2026-02-24 16:37:18,032 [INFO] Servo finished for cycle 12
2026-02-24 16:37:21,533 [INFO] Run completed safely.
2026-02-24 16:37:21,533 [INFO] System state: IDLE
2026-02-24 16:37:21,534 [INFO] Button states reset.
2026-02-24 16:37:21,534 [INFO] System reset. Waiting for next START.
2026-02-24 16:37:22,034 [INFO] Waiting for START button...
2026-02-24 16:37:22,035 [INFO] Waiting for START button...
2026-02-24 16:37:23,847 [INFO] START button pressed.
2026-02-24 16:37:23,847 [INFO] Start signal received.
2026-02-24 16:37:23,848 [INFO] System state: RUNNING
2026-02-24 16:37:23,849 [INFO] START pressed. Running main loop.
2026-02-24 16:37:23,849 [INFO] All systems operational.
2026-02-24 16:37:23,864 [INFO] Loading YOLO model from /home/raspberrypi/cocoon_system/cocoon/models/cocoon_model_v2.pt...
2026-02-24 16:37:24,153 [INFO] YOLO Model loaded successfully.
2026-02-24 16:37:24,191 [INFO] Inference completed.
2026-02-24 16:37:24,192 [INFO] Starting cycle 1 / 12
2026-02-24 16:37:24,208 [INFO] Starting servo for cycle 1
2026-02-24 16:37:24,209 [INFO] Servo finished for cycle 1
2026-02-24 16:37:27,210 [INFO] Starting cycle 2 / 12
2026-02-24 16:37:27,225 [INFO] Starting servo for cycle 2
2026-02-24 16:37:27,226 [INFO] Servo finished for cycle 2
2026-02-24 16:37:28,764 [WARNING] START button pressed but system already running (ignored).
2026-02-24 16:37:30,227 [INFO] Starting cycle 3 / 12
2026-02-24 16:37:30,242 [INFO] Starting servo for cycle 3
2026-02-24 16:37:30,243 [INFO] Servo finished for cycle 3
2026-02-24 16:37:33,243 [INFO] Starting cycle 4 / 12
2026-02-24 16:37:33,251 [INFO] Starting servo for cycle 4
2026-02-24 16:37:33,251 [INFO] Servo finished for cycle 4
2026-02-24 16:37:36,252 [INFO] Starting cycle 5 / 12
2026-02-24 16:37:36,268 [INFO] Starting servo for cycle 5
2026-02-24 16:37:36,268 [INFO] Servo finished for cycle 5
2026-02-24 16:37:39,269 [INFO] Starting cycle 6 / 12
2026-02-24 16:37:39,285 [INFO] Starting servo for cycle 6
2026-02-24 16:37:39,286 [INFO] Servo finished for cycle 6
2026-02-24 16:37:42,286 [INFO] Starting cycle 7 / 12
2026-02-24 16:37:42,302 [INFO] Starting servo for cycle 7
2026-02-24 16:37:42,303 [INFO] Servo finished for cycle 7
2026-02-24 16:37:45,303 [INFO] Starting cycle 8 / 12
2026-02-24 16:37:45,320 [INFO] Starting servo for cycle 8
2026-02-24 16:37:45,321 [INFO] Servo finished for cycle 8
2026-02-24 16:37:48,322 [INFO] Starting cycle 9 / 12
2026-02-24 16:37:48,338 [INFO] Starting servo for cycle 9
2026-02-24 16:37:48,339 [INFO] Servo finished for cycle 9
2026-02-24 16:37:51,339 [INFO] Starting cycle 10 / 12
2026-02-24 16:37:51,355 [INFO] Starting servo for cycle 10
2026-02-24 16:37:51,356 [INFO] Servo finished for cycle 10
2026-02-24 16:37:54,356 [INFO] Starting cycle 11 / 12
2026-02-24 16:37:54,372 [INFO] Starting servo for cycle 11
2026-02-24 16:37:54,373 [INFO] Servo finished for cycle 11
2026-02-24 16:37:55,646 [WARNING] FORCE STOP button pressed!
2026-02-24 16:37:57,374 [INFO] Starting cycle 12 / 12
2026-02-24 16:37:57,389 [WARNING] Force stop detected. Exiting run loop.
2026-02-24 16:37:57,890 [INFO] Run completed safely.
2026-02-24 16:37:57,891 [INFO] System state: IDLE
2026-02-24 16:37:57,891 [INFO] Button states reset.
2026-02-24 16:37:57,892 [INFO] System reset. Waiting for next START.
2026-02-24 16:37:58,392 [INFO] Waiting for START button...
2026-02-24 16:37:58,393 [INFO] Waiting for START button...
2026-02-24 16:37:59,505 [INFO] START button pressed.
2026-02-24 16:37:59,506 [INFO] Start signal received.
2026-02-24 16:37:59,507 [INFO] System state: RUNNING
2026-02-24 16:37:59,508 [INFO] START pressed. Running main loop.
2026-02-24 16:37:59,508 [INFO] All systems operational.
2026-02-24 16:37:59,529 [INFO] Loading YOLO model from /home/raspberrypi/cocoon_system/cocoon/models/cocoon_model_v2.pt...
2026-02-24 16:37:59,692 [INFO] YOLO Model loaded successfully.
2026-02-24 16:37:59,713 [INFO] Inference completed.
2026-02-24 16:37:59,714 [INFO] Starting cycle 1 / 12
2026-02-24 16:37:59,730 [INFO] Starting servo for cycle 1
2026-02-24 16:37:59,731 [INFO] Servo finished for cycle 1
2026-02-24 16:38:01,361 [WARNING] START button pressed but system already running (ignored).
2026-02-24 16:38:02,731 [INFO] Starting cycle 2 / 12
2026-02-24 16:38:02,748 [INFO] Starting servo for cycle 2
2026-02-24 16:38:02,749 [INFO] Servo finished for cycle 2
2026-02-24 16:38:05,750 [INFO] Starting cycle 3 / 12
2026-02-24 16:38:05,766 [INFO] Starting servo for cycle 3
2026-02-24 16:38:05,766 [INFO] Servo finished for cycle 3
2026-02-24 16:38:07,226 [WARNING] FORCE STOP button pressed!
2026-02-24 16:38:08,767 [INFO] Starting cycle 4 / 12
2026-02-24 16:38:08,782 [WARNING] Force stop detected. Exiting run loop.
2026-02-24 16:38:09,283 [INFO] Run completed safely.
2026-02-24 16:38:09,284 [INFO] System state: IDLE
2026-02-24 16:38:09,284 [INFO] Button states reset.
2026-02-24 16:38:09,285 [INFO] System reset. Waiting for next START.
2026-02-24 16:38:09,785 [INFO] Waiting for START button...
2026-02-24 16:38:09,786 [INFO] Waiting for START button...
2026-02-24 16:38:30,340 [WARNING] STOP button pressed but no script is running.
2026-02-24 16:38:34,550 [WARNING] STOP button pressed but no script is running.
2026-02-24 16:38:38,659 [WARNING] STOP button pressed but no script is running.
2026-02-24 16:38:44,723 [INFO] START button pressed.
2026-02-24 16:38:44,725 [INFO] Start signal received.
2026-02-24 16:38:44,726 [INFO] System state: RUNNING
2026-02-24 16:38:44,726 [INFO] START pressed. Running main loop.
2026-02-24 16:38:44,727 [INFO] All systems operational.
2026-02-24 16:38:44,744 [INFO] Loading YOLO model from /home/raspberrypi/cocoon_system/cocoon/models/cocoon_model_v2.pt...
2026-02-24 16:38:44,909 [INFO] YOLO Model loaded successfully.
2026-02-24 16:38:44,927 [INFO] Inference completed.
2026-02-24 16:38:44,927 [INFO] Starting cycle 1 / 12
2026-02-24 16:38:44,934 [INFO] Starting servo for cycle 1
2026-02-24 16:38:44,935 [INFO] Servo finished for cycle 1
2026-02-24 16:38:47,935 [INFO] Starting cycle 2 / 12
2026-02-24 16:38:47,951 [INFO] Starting servo for cycle 2
2026-02-24 16:38:47,951 [INFO] Servo finished for cycle 2
2026-02-24 16:38:50,952 [INFO] Starting cycle 3 / 12
2026-02-24 16:38:50,963 [INFO] Starting servo for cycle 3
2026-02-24 16:38:50,963 [INFO] Servo finished for cycle 3
2026-02-24 16:38:53,045 [WARNING] FORCE STOP button pressed!
2026-02-24 16:38:53,964 [INFO] Starting cycle 4 / 12
2026-02-24 16:38:53,976 [WARNING] Force stop detected. Exiting run loop.
2026-02-24 16:38:54,477 [INFO] Run completed safely.
2026-02-24 16:38:54,478 [INFO] System state: IDLE
2026-02-24 16:38:54,478 [INFO] Button states reset.
2026-02-24 16:38:54,479 [INFO] System reset. Waiting for next START.
2026-02-24 16:38:54,979 [INFO] Waiting for START button...
2026-02-24 16:38:54,980 [INFO] Waiting for START button...
2026-02-24 16:38:55,358 [WARNING] STOP button pressed but no script is running.
2026-02-24 16:39:03,383 [INFO] START button pressed.
2026-02-24 16:39:03,383 [INFO] Start signal received.
2026-02-24 16:39:03,384 [INFO] System state: RUNNING
2026-02-24 16:39:03,385 [INFO] START pressed. Running main loop.
2026-02-24 16:39:03,386 [INFO] All systems operational.
2026-02-24 16:39:03,401 [INFO] Loading YOLO model from /home/raspberrypi/cocoon_system/cocoon/models/cocoon_model_v2.pt...
2026-02-24 16:39:03,686 [INFO] YOLO Model loaded successfully.
2026-02-24 16:39:03,726 [INFO] Inference completed.
2026-02-24 16:39:03,727 [INFO] Starting cycle 1 / 12
2026-02-24 16:39:03,742 [INFO] Starting servo for cycle 1
2026-02-24 16:39:03,743 [INFO] Servo finished for cycle 1
2026-02-24 16:39:06,744 [INFO] Starting cycle 2 / 12
2026-02-24 16:39:06,759 [INFO] Starting servo for cycle 2
2026-02-24 16:39:06,760 [INFO] Servo finished for cycle 2
2026-02-24 16:39:09,761 [INFO] Starting cycle 3 / 12
2026-02-24 16:39:09,777 [INFO] Starting servo for cycle 3
2026-02-24 16:39:09,778 [INFO] Servo finished for cycle 3
2026-02-24 16:39:12,055 [WARNING] FORCE STOP button pressed!
2026-02-24 16:39:12,779 [INFO] Starting cycle 4 / 12
2026-02-24 16:39:12,796 [WARNING] Force stop detected. Exiting run loop.
2026-02-24 16:39:13,297 [INFO] Run completed safely.
2026-02-24 16:39:13,297 [INFO] System state: IDLE
2026-02-24 16:39:13,298 [INFO] Button states reset.
2026-02-24 16:39:13,298 [INFO] System reset. Waiting for next START.
2026-02-24 16:39:13,799 [INFO] Waiting for START button...
2026-02-24 16:39:13,799 [INFO] Waiting for START button...
2026-02-24 16:39:15,717 [WARNING] STOP button pressed but no script is running.
2026-02-24 16:39:22,734 [WARNING] STOP button pressed but no script is running.
2026-02-24 16:39:37,019 [WARNING] STOP button pressed but no script is running.
2026-02-24 16:39:58,267 [INFO] START button pressed.
2026-02-24 16:39:58,268 [INFO] Start signal received.
2026-02-24 16:39:58,269 [INFO] System state: RUNNING
2026-02-24 16:39:58,269 [INFO] START pressed. Running main loop.
2026-02-24 16:39:58,270 [INFO] All systems operational.
2026-02-24 16:39:58,287 [INFO] Loading YOLO model from /home/raspberrypi/cocoon_system/cocoon/models/cocoon_model_v2.pt...
2026-02-24 16:39:58,450 [INFO] YOLO Model loaded successfully.
2026-02-24 16:39:58,469 [INFO] Inference completed.
2026-02-24 16:39:58,471 [INFO] Starting cycle 1 / 12
2026-02-24 16:39:58,489 [INFO] Starting servo for cycle 1
2026-02-24 16:39:58,490 [INFO] Servo finished for cycle 1
2026-02-24 16:39:59,422 [INFO] System state: IDLE
2026-02-24 16:39:59,424 [INFO] Button states reset.
2026-02-24 16:39:59,425 [INFO] System reset. Waiting for next START.
2026-02-24 16:39:59,426 [WARNING] Program terminated by user.
2026-02-24 16:39:59,427 [INFO] Button GPIO cleaned up.
2026-02-24 16:39:59,428 [INFO] GPIO cleaned up. Program exited safely.
2026-02-24 16:49:23,320 [INFO] Loading YOLO model from /home/raspberrypi/cocoon_system/cocoon/models/cocoon_model_v2.pt...
2026-02-24 16:49:23,655 [INFO] YOLO Model loaded successfully.
2026-02-24 16:49:23,657 [INFO] Buttons initialized using polling (no edge detection).
2026-02-24 16:49:23,658 [INFO] System booting...
2026-02-24 16:49:23,658 [INFO] Waiting for START button...
2026-02-24 16:49:23,659 [INFO] Waiting for START button...
2026-02-24 16:49:40,662 [WARNING] STOP button pressed but no script is running.
2026-02-24 16:49:45,175 [INFO] START button pressed.
2026-02-24 16:49:45,176 [INFO] Start signal received.
2026-02-24 16:49:45,185 [INFO] System state: RUNNING
2026-02-24 16:49:45,185 [INFO] START pressed. Running main loop.
2026-02-24 16:49:45,186 [INFO] All systems operational.
2026-02-24 16:49:45,203 [INFO] Loading YOLO model from /home/raspberrypi/cocoon_system/cocoon/models/cocoon_model_v2.pt...
2026-02-24 16:49:45,451 [INFO] YOLO Model loaded successfully.
2026-02-24 16:49:45,494 [INFO] Inference completed.
2026-02-24 16:49:45,495 [INFO] Starting cycle 1 / 12
2026-02-24 16:49:45,513 [INFO] Starting servo for cycle 1
2026-02-24 16:49:45,514 [INFO] Servo finished for cycle 1
2026-02-24 16:49:48,340 [WARNING] START button pressed but system already running (ignored).
2026-02-24 16:49:48,514 [INFO] Starting cycle 2 / 12
2026-02-24 16:49:48,522 [INFO] Starting servo for cycle 2
2026-02-24 16:49:48,523 [INFO] Servo finished for cycle 2
2026-02-24 16:49:51,523 [INFO] Starting cycle 3 / 12
2026-02-24 16:49:51,540 [INFO] Starting servo for cycle 3
2026-02-24 16:49:51,541 [INFO] Servo finished for cycle 3
2026-02-24 16:49:54,541 [INFO] Starting cycle 4 / 12
2026-02-24 16:49:54,558 [INFO] Starting servo for cycle 4
2026-02-24 16:49:54,560 [INFO] Servo finished for cycle 4
2026-02-24 16:49:57,561 [INFO] Starting cycle 5 / 12
2026-02-24 16:49:57,580 [INFO] Starting servo for cycle 5
2026-02-24 16:49:57,581 [INFO] Servo finished for cycle 5
2026-02-24 16:50:00,581 [INFO] Starting cycle 6 / 12
2026-02-24 16:50:00,598 [INFO] Starting servo for cycle 6
2026-02-24 16:50:00,600 [INFO] Servo finished for cycle 6
2026-02-24 16:50:01,280 [WARNING] FORCE STOP button pressed!
2026-02-24 16:50:03,601 [INFO] Starting cycle 7 / 12
2026-02-24 16:50:03,618 [WARNING] Force stop detected. Exiting run loop.
2026-02-24 16:50:04,119 [INFO] Run completed safely.
2026-02-24 16:50:04,120 [INFO] System state: IDLE
2026-02-24 16:50:04,121 [INFO] Button states reset.
2026-02-24 16:50:04,121 [INFO] System reset. Waiting for next START.
2026-02-24 16:50:04,622 [INFO] Waiting for START button...
2026-02-24 16:50:04,623 [INFO] Waiting for START button...
2026-02-24 16:50:08,704 [WARNING] STOP button pressed but no script is running.
2026-02-24 16:50:13,924 [INFO] START button pressed.
2026-02-24 16:50:13,924 [INFO] Start signal received.
2026-02-24 16:50:13,925 [INFO] System state: RUNNING
2026-02-24 16:50:13,926 [INFO] START pressed. Running main loop.
2026-02-24 16:50:13,926 [INFO] All systems operational.
2026-02-24 16:50:13,942 [INFO] Loading YOLO model from /home/raspberrypi/cocoon_system/cocoon/models/cocoon_model_v2.pt...
2026-02-24 16:50:14,203 [INFO] YOLO Model loaded successfully.
2026-02-24 16:50:14,244 [INFO] Inference completed.
2026-02-24 16:50:14,245 [INFO] Starting cycle 1 / 12
2026-02-24 16:50:14,260 [INFO] Starting servo for cycle 1
2026-02-24 16:50:14,261 [INFO] Servo finished for cycle 1
2026-02-24 16:50:15,838 [WARNING] FORCE STOP button pressed!
2026-02-24 16:50:17,262 [INFO] Starting cycle 2 / 12
2026-02-24 16:50:17,277 [WARNING] Force stop detected. Exiting run loop.
2026-02-24 16:50:17,778 [INFO] Run completed safely.
2026-02-24 16:50:17,779 [INFO] System state: IDLE
2026-02-24 16:50:17,779 [INFO] Button states reset.
2026-02-24 16:50:17,780 [INFO] System reset. Waiting for next START.
2026-02-24 16:50:18,195 [WARNING] STOP button pressed but no script is running.
2026-02-24 16:50:18,280 [INFO] Waiting for START button...
2026-02-24 16:50:18,281 [INFO] Waiting for START button...
2026-02-24 16:50:20,050 [WARNING] STOP button pressed but no script is running.
2026-02-24 16:50:36,294 [INFO] START button pressed.
2026-02-24 16:50:36,295 [INFO] Start signal received.
2026-02-24 16:50:36,296 [INFO] System state: RUNNING
2026-02-24 16:50:36,297 [INFO] START pressed. Running main loop.
2026-02-24 16:50:36,298 [INFO] All systems operational.
2026-02-24 16:50:36,319 [INFO] Loading YOLO model from /home/raspberrypi/cocoon_system/cocoon/models/cocoon_model_v2.pt...
2026-02-24 16:50:36,586 [INFO] YOLO Model loaded successfully.
2026-02-24 16:50:36,626 [INFO] Inference completed.
2026-02-24 16:50:36,627 [INFO] Starting cycle 1 / 12
2026-02-24 16:50:36,642 [INFO] Starting servo for cycle 1
2026-02-24 16:50:36,643 [INFO] Servo finished for cycle 1
2026-02-24 16:50:39,644 [INFO] Starting cycle 2 / 12
2026-02-24 16:50:39,662 [INFO] Starting servo for cycle 2
2026-02-24 16:50:39,663 [INFO] Servo finished for cycle 2
2026-02-24 16:50:42,663 [INFO] Starting cycle 3 / 12
2026-02-24 16:50:42,672 [INFO] Starting servo for cycle 3
2026-02-24 16:50:42,672 [INFO] Servo finished for cycle 3
2026-02-24 16:50:45,673 [INFO] Starting cycle 4 / 12
2026-02-24 16:50:45,689 [INFO] Starting servo for cycle 4
2026-02-24 16:50:45,689 [INFO] Servo finished for cycle 4
2026-02-24 16:50:48,690 [INFO] Starting cycle 5 / 12
2026-02-24 16:50:48,706 [INFO] Starting servo for cycle 5
2026-02-24 16:50:48,707 [INFO] Servo finished for cycle 5
2026-02-24 16:50:48,737 [WARNING] START button pressed but system already running (ignored).
2026-02-24 16:50:50,642 [WARNING] START button pressed but system already running (ignored).
2026-02-24 16:50:51,707 [INFO] Starting cycle 6 / 12
2026-02-24 16:50:51,723 [INFO] Starting servo for cycle 6
2026-02-24 16:50:51,723 [INFO] Servo finished for cycle 6
2026-02-24 16:50:54,724 [INFO] Starting cycle 7 / 12
2026-02-24 16:50:54,740 [INFO] Starting servo for cycle 7
2026-02-24 16:50:54,741 [INFO] Servo finished for cycle 7
2026-02-24 16:50:54,802 [WARNING] FORCE STOP button pressed!
2026-02-24 16:50:57,742 [INFO] Starting cycle 8 / 12
2026-02-24 16:50:57,757 [WARNING] Force stop detected. Exiting run loop.
2026-02-24 16:50:58,258 [INFO] Run completed safely.
2026-02-24 16:50:58,260 [INFO] System state: IDLE
2026-02-24 16:50:58,260 [INFO] Button states reset.
2026-02-24 16:50:58,261 [INFO] System reset. Waiting for next START.
2026-02-24 16:50:58,762 [INFO] Waiting for START button...
2026-02-24 16:50:58,763 [INFO] Waiting for START button...
2026-02-24 16:51:02,825 [WARNING] STOP button pressed but no script is running.
2026-02-24 16:51:07,337 [INFO] START button pressed.
2026-02-24 16:51:07,337 [INFO] Start signal received.
2026-02-24 16:51:07,338 [INFO] System state: RUNNING
2026-02-24 16:51:07,338 [INFO] START pressed. Running main loop.
2026-02-24 16:51:07,339 [INFO] All systems operational.
2026-02-24 16:51:07,352 [INFO] Loading YOLO model from /home/raspberrypi/cocoon_system/cocoon/models/cocoon_model_v2.pt...
2026-02-24 16:51:07,651 [INFO] YOLO Model loaded successfully.
2026-02-24 16:51:07,699 [INFO] Inference completed.
2026-02-24 16:51:07,702 [INFO] Starting cycle 1 / 12
2026-02-24 16:51:07,719 [INFO] Starting servo for cycle 1
2026-02-24 16:51:07,719 [INFO] Servo finished for cycle 1
2026-02-24 16:51:10,720 [INFO] Starting cycle 2 / 12
2026-02-24 16:51:10,727 [INFO] Starting servo for cycle 2
2026-02-24 16:51:10,728 [INFO] Servo finished for cycle 2
2026-02-24 16:51:13,728 [INFO] Starting cycle 3 / 12
2026-02-24 16:51:13,743 [INFO] Starting servo for cycle 3
2026-02-24 16:51:13,744 [INFO] Servo finished for cycle 3
2026-02-24 16:51:16,745 [INFO] Starting cycle 4 / 12
2026-02-24 16:51:16,761 [INFO] Starting servo for cycle 4
2026-02-24 16:51:16,763 [INFO] Servo finished for cycle 4
2026-02-24 16:51:19,764 [INFO] Starting cycle 5 / 12
2026-02-24 16:51:19,780 [INFO] Starting servo for cycle 5
2026-02-24 16:51:19,781 [INFO] Servo finished for cycle 5
2026-02-24 16:51:22,781 [INFO] Starting cycle 6 / 12
2026-02-24 16:51:22,798 [INFO] Starting servo for cycle 6
2026-02-24 16:51:22,799 [INFO] Servo finished for cycle 6
2026-02-24 16:51:25,799 [INFO] Starting cycle 7 / 12
2026-02-24 16:51:25,815 [INFO] Starting servo for cycle 7
2026-02-24 16:51:25,816 [INFO] Servo finished for cycle 7
2026-02-24 16:51:28,816 [INFO] Starting cycle 8 / 12
2026-02-24 16:51:28,834 [INFO] Starting servo for cycle 8
2026-02-24 16:51:28,835 [INFO] Servo finished for cycle 8
2026-02-24 16:51:31,836 [INFO] Starting cycle 9 / 12
2026-02-24 16:51:31,853 [INFO] Starting servo for cycle 9
2026-02-24 16:51:31,854 [INFO] Servo finished for cycle 9
2026-02-24 16:51:32,023 [WARNING] START button pressed but system already running (ignored).
2026-02-24 16:51:33,728 [WARNING] START button pressed but system already running (ignored).
2026-02-24 16:51:34,854 [INFO] Starting cycle 10 / 12
2026-02-24 16:51:34,871 [INFO] Starting servo for cycle 10
2026-02-24 16:51:34,872 [INFO] Servo finished for cycle 10
2026-02-24 16:51:37,873 [INFO] Starting cycle 11 / 12
2026-02-24 16:51:37,890 [INFO] Starting servo for cycle 11
2026-02-24 16:51:37,891 [INFO] Servo finished for cycle 11
2026-02-24 16:51:40,892 [INFO] Starting cycle 12 / 12
2026-02-24 16:51:40,907 [INFO] Starting servo for cycle 12
2026-02-24 16:51:40,908 [INFO] Servo finished for cycle 12
2026-02-24 16:51:44,409 [INFO] Run completed safely.
2026-02-24 16:51:44,410 [INFO] System state: IDLE
2026-02-24 16:51:44,410 [INFO] Button states reset.
2026-02-24 16:51:44,411 [INFO] System reset. Waiting for next START.
2026-02-24 16:51:44,912 [INFO] Waiting for START button...
2026-02-24 16:51:44,913 [INFO] Waiting for START button...
2026-02-24 16:51:51,574 [INFO] START button pressed.
2026-02-24 16:51:51,575 [INFO] Start signal received.
2026-02-24 16:51:51,576 [INFO] System state: RUNNING
2026-02-24 16:51:51,577 [INFO] START pressed. Running main loop.
2026-02-24 16:51:51,578 [INFO] All systems operational.
2026-02-24 16:51:51,594 [INFO] Loading YOLO model from /home/raspberrypi/cocoon_system/cocoon/models/cocoon_model_v2.pt...
2026-02-24 16:51:51,893 [INFO] YOLO Model loaded successfully.
2026-02-24 16:51:51,935 [INFO] Inference completed.
2026-02-24 16:51:51,935 [INFO] Starting cycle 1 / 12
2026-02-24 16:51:51,953 [INFO] Starting servo for cycle 1
2026-02-24 16:51:51,954 [INFO] Servo finished for cycle 1
2026-02-24 16:51:54,955 [INFO] Starting cycle 2 / 12
2026-02-24 16:51:54,972 [INFO] Starting servo for cycle 2
2026-02-24 16:51:54,972 [INFO] Servo finished for cycle 2
2026-02-24 16:51:57,973 [INFO] Starting cycle 3 / 12
2026-02-24 16:51:57,989 [INFO] Starting servo for cycle 3
2026-02-24 16:51:57,989 [INFO] Servo finished for cycle 3
2026-02-24 16:52:00,990 [INFO] Starting cycle 4 / 12
2026-02-24 16:52:01,006 [INFO] Starting servo for cycle 4
2026-02-24 16:52:01,007 [INFO] Servo finished for cycle 4
2026-02-24 16:52:04,007 [INFO] Starting cycle 5 / 12
2026-02-24 16:52:04,027 [INFO] Starting servo for cycle 5
2026-02-24 16:52:04,028 [INFO] Servo finished for cycle 5
2026-02-24 16:52:06,718 [INFO] System state: IDLE
2026-02-24 16:52:06,719 [INFO] Button states reset.
2026-02-24 16:52:06,720 [INFO] System reset. Waiting for next START.
2026-02-24 16:52:06,720 [WARNING] Program terminated by user.
2026-02-24 16:52:06,721 [INFO] Button GPIO cleaned up.
2026-02-24 16:52:06,722 [INFO] GPIO cleaned up. Program exited safely.
2026-02-24 16:52:34,946 [INFO] Loading YOLO model from /home/raspberrypi/cocoon_system/cocoon/models/cocoon_model_v2.pt...
2026-02-24 16:52:35,301 [INFO] YOLO Model loaded successfully.
2026-02-24 16:52:35,303 [INFO] Buttons initialized using polling (no edge detection).
2026-02-24 16:52:35,303 [INFO] System booting...
2026-02-24 16:52:35,304 [INFO] Waiting for START button...
2026-02-24 16:52:35,304 [INFO] Waiting for START button...
2026-02-24 16:53:17,080 [WARNING] STOP button pressed but no script is running.
2026-02-24 16:53:18,284 [INFO] START button pressed.
2026-02-24 16:53:18,290 [INFO] Start signal received.
2026-02-24 16:53:18,290 [INFO] System state: RUNNING
2026-02-24 16:53:18,291 [INFO] START pressed. Running main loop.
2026-02-24 16:53:18,292 [INFO] All systems operational.
2026-02-24 16:53:18,313 [INFO] Loading YOLO model from /home/raspberrypi/cocoon_system/cocoon/models/cocoon_model_v2.pt...
2026-02-24 16:53:18,630 [INFO] YOLO Model loaded successfully.
2026-02-24 16:53:18,673 [INFO] Inference completed.
2026-02-24 16:53:18,673 [INFO] Starting cycle 1 / 12
2026-02-24 16:53:18,690 [INFO] Starting servo for cycle 1
2026-02-24 16:53:18,691 [INFO] Servo finished for cycle 1
2026-02-24 16:53:21,692 [INFO] Starting cycle 2 / 12
2026-02-24 16:53:21,712 [INFO] Starting servo for cycle 2
2026-02-24 16:53:21,713 [INFO] Servo finished for cycle 2
2026-02-24 16:53:24,714 [INFO] Starting cycle 3 / 12
2026-02-24 16:53:24,732 [INFO] Starting servo for cycle 3
2026-02-24 16:53:24,732 [INFO] Servo finished for cycle 3
2026-02-24 16:53:27,733 [INFO] Starting cycle 4 / 12
2026-02-24 16:53:27,750 [INFO] Starting servo for cycle 4
2026-02-24 16:53:27,751 [INFO] Servo finished for cycle 4
2026-02-24 16:53:30,752 [INFO] Starting cycle 5 / 12
2026-02-24 16:53:30,773 [INFO] Starting servo for cycle 5
2026-02-24 16:53:30,773 [INFO] Servo finished for cycle 5
2026-02-24 16:53:33,774 [INFO] Starting cycle 6 / 12
2026-02-24 16:53:33,792 [INFO] Starting servo for cycle 6
2026-02-24 16:53:33,793 [INFO] Servo finished for cycle 6
2026-02-24 16:53:36,795 [INFO] Starting cycle 7 / 12
2026-02-24 16:53:36,809 [INFO] Starting servo for cycle 7
2026-02-24 16:53:36,810 [INFO] Servo finished for cycle 7
2026-02-24 16:53:39,810 [INFO] Starting cycle 8 / 12
2026-02-24 16:53:39,826 [INFO] Starting servo for cycle 8
2026-02-24 16:53:39,827 [INFO] Servo finished for cycle 8
2026-02-24 16:53:42,828 [INFO] Starting cycle 9 / 12
2026-02-24 16:53:42,844 [INFO] Starting servo for cycle 9
2026-02-24 16:53:42,844 [INFO] Servo finished for cycle 9
2026-02-24 16:53:45,578 [WARNING] FORCE STOP button pressed!
2026-02-24 16:53:45,845 [INFO] Starting cycle 10 / 12
2026-02-24 16:53:45,863 [WARNING] Force stop detected. Exiting run loop.
2026-02-24 16:53:46,364 [INFO] Run completed safely.
2026-02-24 16:53:46,365 [INFO] System state: IDLE
2026-02-24 16:53:46,366 [INFO] Button states reset.
2026-02-24 16:53:46,367 [INFO] System reset. Waiting for next START.
2026-02-24 16:53:46,867 [INFO] Waiting for START button...
2026-02-24 16:53:46,869 [INFO] Waiting for START button...
2026-02-24 16:53:58,371 [WARNING] STOP button pressed but no script is running.
2026-02-24 16:54:11,319 [INFO] START button pressed.
2026-02-24 16:54:11,320 [INFO] Start signal received.
2026-02-24 16:54:11,320 [INFO] System state: RUNNING
2026-02-24 16:54:11,321 [INFO] START pressed. Running main loop.
2026-02-24 16:54:11,321 [INFO] All systems operational.
2026-02-24 16:54:11,338 [INFO] Loading YOLO model from /home/raspberrypi/cocoon_system/cocoon/models/cocoon_model_v2.pt...
2026-02-24 16:54:11,527 [INFO] YOLO Model loaded successfully.
2026-02-24 16:54:11,545 [INFO] Inference completed.
2026-02-24 16:54:11,546 [INFO] Starting cycle 1 / 12
2026-02-24 16:54:11,562 [INFO] Starting servo for cycle 1
2026-02-24 16:54:11,563 [INFO] Servo finished for cycle 1
2026-02-24 16:54:14,564 [INFO] Starting cycle 2 / 12
2026-02-24 16:54:14,585 [INFO] Starting servo for cycle 2
2026-02-24 16:54:14,586 [INFO] Servo finished for cycle 2
2026-02-24 16:54:15,582 [WARNING] START button pressed but system already running (ignored).
2026-02-24 16:54:17,538 [WARNING] FORCE STOP button pressed!
2026-02-24 16:54:17,587 [INFO] Starting cycle 3 / 12
2026-02-24 16:54:17,603 [WARNING] Force stop detected. Exiting run loop.
2026-02-24 16:54:18,104 [INFO] Run completed safely.
2026-02-24 16:54:18,105 [INFO] System state: IDLE
2026-02-24 16:54:18,105 [INFO] Button states reset.
2026-02-24 16:54:18,106 [INFO] System reset. Waiting for next START.
2026-02-24 16:54:18,606 [INFO] Waiting for START button...
2026-02-24 16:54:18,607 [INFO] Waiting for START button...
2026-02-24 16:54:31,730 [WARNING] STOP button pressed but no script is running.
2026-02-24 16:54:52,107 [WARNING] STOP button pressed but no script is running.
2026-02-24 16:54:55,821 [INFO] START button pressed.
2026-02-24 16:54:55,822 [INFO] Start signal received.
2026-02-24 16:54:55,822 [INFO] System state: RUNNING
2026-02-24 16:54:55,822 [INFO] START pressed. Running main loop.
2026-02-24 16:54:55,822 [INFO] All systems operational.
2026-02-24 16:54:55,830 [INFO] Loading YOLO model from /home/raspberrypi/cocoon_system/cocoon/models/cocoon_model_v2.pt...
2026-02-24 16:54:55,943 [INFO] YOLO Model loaded successfully.
2026-02-24 16:54:55,965 [INFO] Inference completed.
2026-02-24 16:54:55,965 [INFO] Starting cycle 1 / 12
2026-02-24 16:54:55,975 [INFO] Starting servo for cycle 1
2026-02-24 16:54:55,975 [INFO] Servo finished for cycle 1
2026-02-24 16:54:58,976 [INFO] Starting cycle 2 / 12
2026-02-24 16:54:58,993 [INFO] Starting servo for cycle 2
2026-02-24 16:54:58,994 [INFO] Servo finished for cycle 2
2026-02-24 16:55:01,994 [INFO] Starting cycle 3 / 12
2026-02-24 16:55:02,010 [INFO] Starting servo for cycle 3
2026-02-24 16:55:02,012 [INFO] Servo finished for cycle 3
2026-02-24 16:55:05,012 [INFO] Starting cycle 4 / 12
2026-02-24 16:55:05,033 [INFO] Starting servo for cycle 4
2026-02-24 16:55:05,035 [INFO] Servo finished for cycle 4
2026-02-24 16:55:08,037 [INFO] Starting cycle 5 / 12
2026-02-24 16:55:08,058 [INFO] Starting servo for cycle 5
2026-02-24 16:55:08,059 [INFO] Servo finished for cycle 5
2026-02-24 16:55:11,060 [INFO] Starting cycle 6 / 12
2026-02-24 16:55:11,067 [INFO] Starting servo for cycle 6
2026-02-24 16:55:11,068 [INFO] Servo finished for cycle 6
2026-02-24 16:55:14,068 [INFO] Starting cycle 7 / 12
2026-02-24 16:55:14,084 [INFO] Starting servo for cycle 7
2026-02-24 16:55:14,085 [INFO] Servo finished for cycle 7
2026-02-24 16:55:17,085 [INFO] Starting cycle 8 / 12
2026-02-24 16:55:17,101 [INFO] Starting servo for cycle 8
2026-02-24 16:55:17,102 [INFO] Servo finished for cycle 8
2026-02-24 16:55:20,102 [INFO] Starting cycle 9 / 12
2026-02-24 16:55:20,120 [INFO] Starting servo for cycle 9
2026-02-24 16:55:20,121 [INFO] Servo finished for cycle 9
2026-02-24 16:55:23,122 [INFO] Starting cycle 10 / 12
2026-02-24 16:55:23,139 [INFO] Starting servo for cycle 10
2026-02-24 16:55:23,139 [INFO] Servo finished for cycle 10
2026-02-24 16:55:26,140 [INFO] Starting cycle 11 / 12
2026-02-24 16:55:26,157 [INFO] Starting servo for cycle 11
2026-02-24 16:55:26,157 [INFO] Servo finished for cycle 11
2026-02-24 16:55:29,158 [INFO] Starting cycle 12 / 12
2026-02-24 16:55:29,165 [INFO] Starting servo for cycle 12
2026-02-24 16:55:29,166 [INFO] Servo finished for cycle 12
2026-02-24 16:55:32,667 [INFO] Run completed safely.
2026-02-24 16:55:32,667 [INFO] System state: IDLE
2026-02-24 16:55:32,668 [INFO] Button states reset.
2026-02-24 16:55:32,668 [INFO] System reset. Waiting for next START.
2026-02-24 16:55:33,169 [INFO] Waiting for START button...
2026-02-24 16:55:33,170 [INFO] Waiting for START button...
2026-02-24 16:55:41,927 [WARNING] STOP button pressed but no script is running.
2026-02-24 16:56:15,416 [WARNING] STOP button pressed but no script is running.
2026-02-24 16:57:21,274 [INFO] START button pressed.
2026-02-24 16:57:21,275 [INFO] Start signal received.
2026-02-24 16:57:21,276 [INFO] System state: RUNNING
2026-02-24 16:57:21,277 [INFO] START pressed. Running main loop.
2026-02-24 16:57:21,277 [INFO] All systems operational.
2026-02-24 16:57:21,293 [INFO] Loading YOLO model from /home/raspberrypi/cocoon_system/cocoon/models/cocoon_model_v2.pt...
2026-02-24 16:57:21,592 [INFO] YOLO Model loaded successfully.
2026-02-24 16:57:21,637 [INFO] Inference completed.
2026-02-24 16:57:21,637 [INFO] Starting cycle 1 / 12
2026-02-24 16:57:21,655 [INFO] Starting servo for cycle 1
2026-02-24 16:57:21,655 [INFO] Servo finished for cycle 1
2026-02-24 16:57:24,656 [INFO] Starting cycle 2 / 12
2026-02-24 16:57:24,672 [INFO] Starting servo for cycle 2
2026-02-24 16:57:24,673 [INFO] Servo finished for cycle 2
2026-02-24 16:57:27,673 [INFO] Starting cycle 3 / 12
2026-02-24 16:57:27,689 [INFO] Starting servo for cycle 3
2026-02-24 16:57:27,690 [INFO] Servo finished for cycle 3
2026-02-24 16:57:30,691 [INFO] Starting cycle 4 / 12
2026-02-24 16:57:30,708 [INFO] Starting servo for cycle 4
2026-02-24 16:57:30,709 [INFO] Servo finished for cycle 4
2026-02-24 16:57:33,710 [INFO] Starting cycle 5 / 12
2026-02-24 16:57:33,731 [INFO] Starting servo for cycle 5
2026-02-24 16:57:33,733 [INFO] Servo finished for cycle 5
2026-02-24 16:57:36,734 [INFO] Starting cycle 6 / 12
2026-02-24 16:57:36,742 [INFO] Starting servo for cycle 6
2026-02-24 16:57:36,742 [INFO] Servo finished for cycle 6
2026-02-24 16:57:39,743 [INFO] Starting cycle 7 / 12
2026-02-24 16:57:39,759 [INFO] Starting servo for cycle 7
2026-02-24 16:57:39,760 [INFO] Servo finished for cycle 7
2026-02-24 16:57:40,989 [WARNING] START button pressed but system already running (ignored).
2026-02-24 16:57:42,762 [INFO] Starting cycle 8 / 12
2026-02-24 16:57:42,778 [INFO] Starting servo for cycle 8
2026-02-24 16:57:42,778 [INFO] Servo finished for cycle 8
2026-02-24 16:57:45,779 [INFO] Starting cycle 9 / 12
2026-02-24 16:57:45,795 [INFO] Starting servo for cycle 9
2026-02-24 16:57:45,796 [INFO] Servo finished for cycle 9
2026-02-24 16:57:48,797 [INFO] Starting cycle 10 / 12
2026-02-24 16:57:48,813 [INFO] Starting servo for cycle 10
2026-02-24 16:57:48,814 [INFO] Servo finished for cycle 10
2026-02-24 16:57:51,814 [INFO] Starting cycle 11 / 12
2026-02-24 16:57:51,831 [INFO] Starting servo for cycle 11
2026-02-24 16:57:51,832 [INFO] Servo finished for cycle 11
2026-02-24 16:57:54,833 [INFO] Starting cycle 12 / 12
2026-02-24 16:57:54,851 [INFO] Starting servo for cycle 12
2026-02-24 16:57:54,852 [INFO] Servo finished for cycle 12
2026-02-24 16:57:58,354 [INFO] Run completed safely.
2026-02-24 16:57:58,355 [INFO] System state: IDLE
2026-02-24 16:57:58,356 [INFO] Button states reset.
2026-02-24 16:57:58,356 [INFO] System reset. Waiting for next START.
2026-02-24 16:57:58,857 [INFO] Waiting for START button...
2026-02-24 16:57:58,858 [INFO] Waiting for START button...
2026-02-24 16:58:18,161 [INFO] START button pressed.
2026-02-24 16:58:18,163 [INFO] Start signal received.
2026-02-24 16:58:18,164 [INFO] System state: RUNNING
2026-02-24 16:58:18,164 [INFO] START pressed. Running main loop.
2026-02-24 16:58:18,165 [INFO] All systems operational.
2026-02-24 16:58:18,180 [INFO] Loading YOLO model from /home/raspberrypi/cocoon_system/cocoon/models/cocoon_model_v2.pt...
2026-02-24 16:58:18,478 [INFO] YOLO Model loaded successfully.
2026-02-24 16:58:18,517 [INFO] Inference completed.
2026-02-24 16:58:18,518 [INFO] Starting cycle 1 / 12
2026-02-24 16:58:18,534 [INFO] Starting servo for cycle 1
2026-02-24 16:58:18,534 [INFO] Servo finished for cycle 1
2026-02-24 16:58:21,535 [INFO] Starting cycle 2 / 12
2026-02-24 16:58:21,550 [INFO] Starting servo for cycle 2
2026-02-24 16:58:21,551 [INFO] Servo finished for cycle 2
2026-02-24 16:58:24,552 [INFO] Starting cycle 3 / 12
2026-02-24 16:58:24,568 [INFO] Starting servo for cycle 3
2026-02-24 16:58:24,569 [INFO] Servo finished for cycle 3
2026-02-24 16:58:27,570 [INFO] Starting cycle 4 / 12
2026-02-24 16:58:27,577 [INFO] Starting servo for cycle 4
2026-02-24 16:58:27,577 [INFO] Servo finished for cycle 4
2026-02-24 16:58:30,578 [INFO] Starting cycle 5 / 12
2026-02-24 16:58:30,594 [INFO] Starting servo for cycle 5
2026-02-24 16:58:30,595 [INFO] Servo finished for cycle 5
2026-02-24 16:58:33,596 [INFO] Starting cycle 6 / 12
2026-02-24 16:58:33,603 [INFO] Starting servo for cycle 6
2026-02-24 16:58:33,603 [INFO] Servo finished for cycle 6
2026-02-24 16:58:35,724 [WARNING] START button pressed but system already running (ignored).
2026-02-24 16:58:36,604 [INFO] Starting cycle 7 / 12
2026-02-24 16:58:36,612 [INFO] Starting servo for cycle 7
2026-02-24 16:58:36,612 [INFO] Servo finished for cycle 7
2026-02-24 16:58:39,613 [INFO] Starting cycle 8 / 12
2026-02-24 16:58:39,629 [INFO] Starting servo for cycle 8
2026-02-24 16:58:39,630 [INFO] Servo finished for cycle 8
2026-02-24 16:58:42,631 [INFO] Starting cycle 9 / 12
2026-02-24 16:58:42,647 [INFO] Starting servo for cycle 9
2026-02-24 16:58:42,648 [INFO] Servo finished for cycle 9
2026-02-24 16:58:45,648 [INFO] Starting cycle 10 / 12
2026-02-24 16:58:45,664 [INFO] Starting servo for cycle 10
2026-02-24 16:58:45,665 [INFO] Servo finished for cycle 10
2026-02-24 16:58:45,705 [WARNING] FORCE STOP button pressed!
2026-02-24 16:58:48,665 [INFO] Starting cycle 11 / 12
2026-02-24 16:58:48,681 [WARNING] Force stop detected. Exiting run loop.
2026-02-24 16:58:49,182 [INFO] Run completed safely.
2026-02-24 16:58:49,182 [INFO] System state: IDLE
2026-02-24 16:58:49,184 [INFO] Button states reset.
2026-02-24 16:58:49,184 [INFO] System reset. Waiting for next START.
2026-02-24 16:58:49,685 [INFO] Waiting for START button...
2026-02-24 16:58:49,686 [INFO] Waiting for START button...
2026-02-24 16:58:53,227 [WARNING] STOP button pressed but no script is running.
2026-02-24 16:59:11,228 [INFO] START button pressed.
2026-02-24 16:59:11,229 [INFO] Start signal received.
2026-02-24 16:59:11,230 [INFO] System state: RUNNING
2026-02-24 16:59:11,230 [INFO] START pressed. Running main loop.
2026-02-24 16:59:11,231 [INFO] All systems operational.
2026-02-24 16:59:11,248 [INFO] Loading YOLO model from /home/raspberrypi/cocoon_system/cocoon/models/cocoon_model_v2.pt...
2026-02-24 16:59:11,544 [INFO] YOLO Model loaded successfully.
2026-02-24 16:59:11,583 [INFO] Inference completed.
2026-02-24 16:59:11,584 [INFO] Starting cycle 1 / 12
2026-02-24 16:59:11,599 [INFO] Starting servo for cycle 1
2026-02-24 16:59:11,600 [INFO] Servo finished for cycle 1
2026-02-24 16:59:12,685 [WARNING] FORCE STOP button pressed!
2026-02-24 16:59:14,601 [INFO] Starting cycle 2 / 12
2026-02-24 16:59:14,617 [WARNING] Force stop detected. Exiting run loop.
2026-02-24 16:59:15,118 [INFO] Run completed safely.
2026-02-24 16:59:15,119 [INFO] System state: IDLE
2026-02-24 16:59:15,120 [INFO] Button states reset.
2026-02-24 16:59:15,121 [INFO] System reset. Waiting for next START.
2026-02-24 16:59:15,622 [INFO] Waiting for START button...
2026-02-24 16:59:15,623 [INFO] Waiting for START button...
2026-02-24 16:59:38,506 [INFO] START button pressed.
2026-02-24 16:59:38,507 [INFO] Start signal received.
2026-02-24 16:59:38,507 [INFO] System state: RUNNING
2026-02-24 16:59:38,508 [INFO] START pressed. Running main loop.
2026-02-24 16:59:38,508 [INFO] All systems operational.
2026-02-24 16:59:38,523 [INFO] Loading YOLO model from /home/raspberrypi/cocoon_system/cocoon/models/cocoon_model_v2.pt...
2026-02-24 16:59:38,666 [INFO] YOLO Model loaded successfully.
2026-02-24 16:59:38,706 [INFO] Inference completed.
2026-02-24 16:59:38,707 [INFO] Starting cycle 1 / 12
2026-02-24 16:59:38,723 [INFO] Starting servo for cycle 1
2026-02-24 16:59:38,724 [INFO] Servo finished for cycle 1
2026-02-24 16:59:41,328 [WARNING] FORCE STOP button pressed!
2026-02-24 16:59:41,725 [INFO] Starting cycle 2 / 12
2026-02-24 16:59:41,742 [WARNING] Force stop detected. Exiting run loop.
2026-02-24 16:59:42,243 [INFO] Run completed safely.
2026-02-24 16:59:42,244 [INFO] System state: IDLE
2026-02-24 16:59:42,245 [INFO] Button states reset.
2026-02-24 16:59:42,246 [INFO] System reset. Waiting for next START.
2026-02-24 16:59:42,747 [INFO] Waiting for START button...
2026-02-24 16:59:42,748 [INFO] Waiting for START button...
2026-02-24 16:59:50,755 [WARNING] STOP button pressed but no script is running.
2026-02-24 16:59:56,124 [WARNING] STOP button pressed but no script is running.
2026-02-24 17:00:23,693 [INFO] START button pressed.
2026-02-24 17:00:23,693 [INFO] Start signal received.
2026-02-24 17:00:23,694 [INFO] System state: RUNNING
2026-02-24 17:00:23,694 [INFO] START pressed. Running main loop.
2026-02-24 17:00:23,696 [INFO] All systems operational.
2026-02-24 17:00:23,714 [INFO] Loading YOLO model from /home/raspberrypi/cocoon_system/cocoon/models/cocoon_model_v2.pt...
2026-02-24 17:00:23,879 [INFO] YOLO Model loaded successfully.
2026-02-24 17:00:23,898 [INFO] Inference completed.
2026-02-24 17:00:23,898 [INFO] Starting cycle 1 / 12
2026-02-24 17:00:23,909 [INFO] Starting servo for cycle 1
2026-02-24 17:00:23,910 [INFO] Servo finished for cycle 1
2026-02-24 17:00:26,911 [INFO] Starting cycle 2 / 12
2026-02-24 17:00:26,926 [INFO] Starting servo for cycle 2
2026-02-24 17:00:26,927 [INFO] Servo finished for cycle 2
2026-02-24 17:00:29,927 [INFO] Starting cycle 3 / 12
2026-02-24 17:00:29,944 [INFO] Starting servo for cycle 3
2026-02-24 17:00:29,944 [INFO] Servo finished for cycle 3
2026-02-24 17:00:32,945 [INFO] Starting cycle 4 / 12
2026-02-24 17:00:32,962 [INFO] Starting servo for cycle 4
2026-02-24 17:00:32,963 [INFO] Servo finished for cycle 4
2026-02-24 17:00:35,963 [INFO] Starting cycle 5 / 12
2026-02-24 17:00:35,979 [INFO] Starting servo for cycle 5
2026-02-24 17:00:35,980 [INFO] Servo finished for cycle 5
2026-02-24 17:00:38,981 [INFO] Starting cycle 6 / 12
2026-02-24 17:00:38,997 [INFO] Starting servo for cycle 6
2026-02-24 17:00:38,998 [INFO] Servo finished for cycle 6
2026-02-24 17:00:40,333 [INFO] System state: IDLE
2026-02-24 17:00:40,334 [INFO] Button states reset.
2026-02-24 17:00:40,334 [INFO] System reset. Waiting for next START.
2026-02-24 17:00:40,335 [WARNING] Program terminated by user.
2026-02-24 17:00:40,336 [INFO] Button GPIO cleaned up.
2026-02-24 17:00:40,337 [INFO] GPIO cleaned up. Program exited safely.
2026-02-24 17:36:45,363 [INFO] Loading YOLO model from /home/raspberrypi/cocoon_system/cocoon/models/cocoon_model_v2.pt...
2026-02-24 17:36:45,793 [INFO] YOLO Model loaded successfully.
2026-02-24 17:36:45,795 [INFO] Buttons initialized using polling (no edge detection).
2026-02-24 17:36:45,825 [INFO] System booting...
2026-02-24 17:36:45,826 [INFO] Waiting for START button...
2026-02-24 17:36:45,826 [INFO] Waiting for START button...
2026-02-24 17:37:12,067 [INFO] START button pressed.
2026-02-24 17:37:12,068 [INFO] Start signal received.
2026-02-24 17:37:12,069 [INFO] System state: RUNNING
2026-02-24 17:37:12,069 [INFO] START pressed. Running main loop.
2026-02-24 17:37:12,070 [INFO] All systems operational.
2026-02-24 17:37:12,105 [INFO] Loading YOLO model from /home/raspberrypi/cocoon_system/cocoon/models/cocoon_model_v2.pt...
2026-02-24 17:37:12,430 [INFO] YOLO Model loaded successfully.
2026-02-24 17:37:12,431 [INFO] Opening camera interface...
2026-02-24 17:37:14,738 [WARNING] START button pressed but system already running (ignored).
2026-02-24 17:37:15,951 [INFO] Image captured successfully.
2026-02-24 17:37:16,100 [INFO] Captured frame saved: /home/raspberrypi/cocoon_system/cocoon/../output/frame_20260224_173715.jpg
2026-02-24 17:37:16,101 [INFO] Running YOLO Inference on captured frame...
2026-02-24 17:37:19,885 [INFO] System state: IDLE
2026-02-24 17:37:19,886 [INFO] Button states reset.
2026-02-24 17:37:19,887 [INFO] System reset. Waiting for next START.
2026-02-24 17:37:20,387 [INFO] Waiting for START button...
2026-02-24 17:37:20,388 [INFO] Waiting for START button...
2026-02-24 17:38:03,465 [WARNING] Program terminated by user.
2026-02-24 17:38:03,466 [INFO] Button GPIO cleaned up.
2026-02-24 17:38:03,467 [INFO] GPIO cleaned up. Program exited safely.
2026-02-24 17:38:33,259 [INFO] Loading YOLO model from /home/raspberrypi/cocoon_system/cocoon/models/cocoon_model_v2.pt...
2026-02-24 17:38:33,600 [INFO] YOLO Model loaded successfully.
2026-02-24 17:38:33,602 [INFO] Buttons initialized using polling (no edge detection).
2026-02-24 17:38:33,603 [INFO] System booting...
2026-02-24 17:38:33,603 [INFO] Waiting for START button...
2026-02-24 17:38:33,604 [INFO] Waiting for START button...
2026-02-24 17:39:09,448 [WARNING] STOP button pressed but no script is running.
2026-02-24 17:39:40,929 [WARNING] STOP button pressed but no script is running.
2026-02-24 17:40:00,533 [WARNING] STOP button pressed but no script is running.
2026-02-24 17:40:07,654 [INFO] START button pressed.
2026-02-24 17:40:07,655 [INFO] Start signal received.
2026-02-24 17:40:07,655 [INFO] System state: RUNNING
2026-02-24 17:40:07,656 [INFO] START pressed. Running main loop.
2026-02-24 17:40:07,656 [INFO] All systems operational.
2026-02-24 17:40:07,684 [INFO] Loading YOLO model from /home/raspberrypi/cocoon_system/cocoon/models/cocoon_model_v2.pt...
2026-02-24 17:40:08,030 [INFO] YOLO Model loaded successfully.
2026-02-24 17:40:08,031 [INFO] Opening camera interface...
2026-02-24 17:40:08,814 [WARNING] START button pressed but system already running (ignored).
2026-02-24 17:40:11,365 [INFO] Image captured successfully.
2026-02-24 17:40:11,456 [INFO] Captured frame saved: /home/raspberrypi/cocoon_system/cocoon/../output/frame_20260224_174011.jpg
2026-02-24 17:40:11,457 [INFO] Running YOLO Inference on captured frame...
2026-02-24 17:40:14,699 [INFO] Inferred frame saved: /home/raspberrypi/cocoon_system/cocoon/../output/frame_inferred_20260224_174011.jpg
2026-02-24 17:40:14,700 [INFO] Grid mapping and classification complete.
2026-02-24 17:40:14,734 [INFO] Inference completed.
2026-02-24 17:40:14,735 [INFO] Starting cycle 1 / 12
2026-02-24 17:40:14,752 [INFO] Starting servo for cycle 1
2026-02-24 17:40:14,752 [INFO] Servo finished for cycle 1
2026-02-24 17:40:17,753 [INFO] Starting cycle 2 / 12
2026-02-24 17:40:17,771 [INFO] Starting servo for cycle 2
2026-02-24 17:40:17,772 [INFO] Servo finished for cycle 2
2026-02-24 17:40:20,773 [INFO] Starting cycle 3 / 12
2026-02-24 17:40:20,792 [INFO] Starting servo for cycle 3
2026-02-24 17:40:20,793 [INFO] Servo finished for cycle 3
2026-02-24 17:40:23,793 [INFO] Starting cycle 4 / 12
2026-02-24 17:40:23,812 [INFO] Starting servo for cycle 4
2026-02-24 17:40:23,813 [INFO] Servo finished for cycle 4
2026-02-24 17:40:26,813 [INFO] Starting cycle 5 / 12
2026-02-24 17:40:26,829 [INFO] Starting servo for cycle 5
2026-02-24 17:40:26,831 [INFO] Servo finished for cycle 5
2026-02-24 17:40:29,832 [INFO] Starting cycle 6 / 12
2026-02-24 17:40:29,848 [INFO] Starting servo for cycle 6
2026-02-24 17:40:29,849 [INFO] Servo finished for cycle 6
2026-02-24 17:40:32,850 [INFO] Starting cycle 7 / 12
2026-02-24 17:40:32,867 [INFO] Starting servo for cycle 7
2026-02-24 17:40:32,868 [INFO] Servo finished for cycle 7
2026-02-24 17:40:35,870 [INFO] Starting cycle 8 / 12
2026-02-24 17:40:35,886 [INFO] Starting servo for cycle 8
2026-02-24 17:40:35,886 [INFO] Servo finished for cycle 8
2026-02-24 17:40:38,887 [INFO] Starting cycle 9 / 12
2026-02-24 17:40:38,903 [INFO] Starting servo for cycle 9
2026-02-24 17:40:38,904 [INFO] Servo finished for cycle 9
2026-02-24 17:40:41,904 [INFO] Starting cycle 10 / 12
2026-02-24 17:40:41,922 [INFO] Starting servo for cycle 10
2026-02-24 17:40:41,923 [INFO] Servo finished for cycle 10
2026-02-24 17:40:44,923 [INFO] Starting cycle 11 / 12
2026-02-24 17:40:44,940 [INFO] Starting servo for cycle 11
2026-02-24 17:40:44,941 [INFO] Servo finished for cycle 11
2026-02-24 17:40:47,942 [INFO] Starting cycle 12 / 12
2026-02-24 17:40:47,959 [INFO] Starting servo for cycle 12
2026-02-24 17:40:47,960 [INFO] Servo finished for cycle 12
2026-02-24 17:40:51,460 [INFO] Run completed safely.
2026-02-24 17:40:51,462 [INFO] System state: IDLE
2026-02-24 17:40:51,462 [INFO] Button states reset.
2026-02-24 17:40:51,463 [INFO] System reset. Waiting for next START.
2026-02-24 17:40:51,964 [INFO] Waiting for START button...
2026-02-24 17:40:51,965 [INFO] Waiting for START button...
2026-02-24 17:40:56,258 [WARNING] Program terminated by user.
2026-02-24 17:40:56,259 [INFO] Button GPIO cleaned up.
2026-02-24 17:40:56,260 [INFO] GPIO cleaned up. Program exited safely.
2026-02-24 17:47:46,371 [INFO] Loading YOLO model from /home/raspberrypi/cocoon_system/cocoon/models/cocoon_model_v2.pt...
2026-02-24 17:47:46,698 [INFO] YOLO Model loaded successfully.
2026-02-24 17:47:46,700 [INFO] Buttons initialized using polling (no edge detection).
2026-02-24 17:47:46,701 [INFO] System booting...
2026-02-24 17:47:46,701 [INFO] Waiting for START button...
2026-02-24 17:47:46,702 [INFO] Waiting for START button...
2026-02-24 17:49:40,087 [INFO] START button pressed.
2026-02-24 17:49:40,088 [INFO] Start signal received.
2026-02-24 17:49:40,089 [INFO] System state: RUNNING
2026-02-24 17:49:40,089 [INFO] START pressed. Running main loop.
2026-02-24 17:49:40,090 [INFO] All systems operational.
2026-02-24 17:49:40,129 [INFO] Loading YOLO model from /home/raspberrypi/cocoon_system/cocoon/models/cocoon_model_v2.pt...
2026-02-24 17:49:40,469 [INFO] YOLO Model loaded successfully.
2026-02-24 17:49:40,470 [INFO] Opening camera interface...
2026-02-24 17:49:42,701 [WARNING] FORCE STOP button pressed!
2026-02-24 17:49:43,671 [INFO] Image captured successfully.
2026-02-24 17:49:43,763 [INFO] Captured frame saved: /home/raspberrypi/cocoon_system/cocoon/../output/frame_20260224_174943.jpg
2026-02-24 17:49:43,763 [INFO] Running YOLO Inference on captured frame...
2026-02-24 17:49:45,971 [WARNING] START button pressed but system already running (ignored).
2026-02-24 17:49:47,100 [INFO] Inferred frame saved: /home/raspberrypi/cocoon_system/cocoon/../output/frame_inferred_20260224_174943.jpg
2026-02-24 17:49:47,101 [INFO] Grid mapping and classification complete.
2026-02-24 17:49:47,134 [INFO] Inference completed.
2026-02-24 17:49:47,135 [INFO] Starting cycle 1 / 12
2026-02-24 17:49:47,151 [WARNING] Force stop detected. Exiting run loop.
2026-02-24 17:49:47,652 [INFO] Run completed safely.
2026-02-24 17:49:47,653 [INFO] System state: IDLE
2026-02-24 17:49:47,653 [INFO] Button states reset.
2026-02-24 17:49:47,654 [INFO] System reset. Waiting for next START.
2026-02-24 17:49:48,154 [INFO] Waiting for START button...
2026-02-24 17:49:48,155 [INFO] Waiting for START button...
2026-02-24 17:49:51,670 [INFO] START button pressed.
2026-02-24 17:49:51,671 [INFO] Start signal received.
2026-02-24 17:49:51,671 [INFO] System state: RUNNING
2026-02-24 17:49:51,672 [INFO] START pressed. Running main loop.
2026-02-24 17:49:51,673 [INFO] All systems operational.
2026-02-24 17:49:51,689 [INFO] Loading YOLO model from /home/raspberrypi/cocoon_system/cocoon/models/cocoon_model_v2.pt...
2026-02-24 17:49:51,977 [INFO] YOLO Model loaded successfully.
2026-02-24 17:49:51,978 [INFO] Opening camera interface...
2026-02-24 17:49:55,446 [INFO] Image captured successfully.
2026-02-24 17:49:55,539 [INFO] Captured frame saved: /home/raspberrypi/cocoon_system/cocoon/../output/frame_20260224_174955.jpg
2026-02-24 17:49:55,540 [INFO] Running YOLO Inference on captured frame...
2026-02-24 17:49:58,573 [INFO] Inferred frame saved: /home/raspberrypi/cocoon_system/cocoon/../output/frame_inferred_20260224_174955.jpg
2026-02-24 17:49:58,574 [INFO] Grid mapping and classification complete.
2026-02-24 17:49:58,613 [INFO] Inference completed.
2026-02-24 17:49:58,614 [INFO] Starting cycle 1 / 12
2026-02-24 17:49:58,630 [INFO] Starting servo for cycle 1
2026-02-24 17:49:58,630 [INFO] Servo finished for cycle 1
2026-02-24 17:50:01,631 [INFO] Starting cycle 2 / 12
2026-02-24 17:50:01,648 [INFO] Starting servo for cycle 2
2026-02-24 17:50:01,648 [INFO] Servo finished for cycle 2
2026-02-24 17:50:04,649 [INFO] Starting cycle 3 / 12
2026-02-24 17:50:04,665 [INFO] Starting servo for cycle 3
2026-02-24 17:50:04,665 [INFO] Servo finished for cycle 3
2026-02-24 17:50:07,666 [INFO] Starting cycle 4 / 12
2026-02-24 17:50:07,688 [INFO] Starting servo for cycle 4
2026-02-24 17:50:07,689 [INFO] Servo finished for cycle 4
2026-02-24 17:50:10,690 [INFO] Starting cycle 5 / 12
2026-02-24 17:50:10,708 [INFO] Starting servo for cycle 5
2026-02-24 17:50:10,708 [INFO] Servo finished for cycle 5
2026-02-24 17:50:13,709 [INFO] Starting cycle 6 / 12
2026-02-24 17:50:13,730 [INFO] Starting servo for cycle 6
2026-02-24 17:50:13,732 [INFO] Servo finished for cycle 6
2026-02-24 17:50:16,734 [INFO] Starting cycle 7 / 12
2026-02-24 17:50:16,750 [INFO] Starting servo for cycle 7
2026-02-24 17:50:16,750 [INFO] Servo finished for cycle 7
2026-02-24 17:50:19,751 [INFO] Starting cycle 8 / 12
2026-02-24 17:50:19,767 [INFO] Starting servo for cycle 8
2026-02-24 17:50:19,768 [INFO] Servo finished for cycle 8
2026-02-24 17:50:22,768 [INFO] Starting cycle 9 / 12
2026-02-24 17:50:22,784 [INFO] Starting servo for cycle 9
2026-02-24 17:50:22,785 [INFO] Servo finished for cycle 9
2026-02-24 17:50:25,785 [INFO] Starting cycle 10 / 12
2026-02-24 17:50:25,802 [INFO] Starting servo for cycle 10
2026-02-24 17:50:25,802 [INFO] Servo finished for cycle 10
2026-02-24 17:50:25,951 [INFO] System state: IDLE
2026-02-24 17:50:25,952 [INFO] Button states reset.
2026-02-24 17:50:25,953 [INFO] System reset. Waiting for next START.
2026-02-24 17:50:25,953 [WARNING] Program terminated by user.
2026-02-24 17:50:25,954 [INFO] Button GPIO cleaned up.
2026-02-24 17:50:25,954 [INFO] GPIO cleaned up. Program exited safely.
2026-02-24 17:54:14,941 [INFO] Loading YOLO model from /home/raspberrypi/cocoon_system/cocoon/models/cocoon_model_v2.pt...
2026-02-24 17:54:15,284 [INFO] YOLO Model loaded successfully.
2026-02-24 17:54:15,286 [INFO] Buttons initialized using polling (no edge detection).
2026-02-24 17:54:15,287 [INFO] System booting...
2026-02-24 17:54:15,287 [INFO] Waiting for START button...
2026-02-24 17:54:15,288 [INFO] Waiting for START button...
2026-02-24 17:54:36,400 [INFO] START button pressed.
2026-02-24 17:54:36,401 [INFO] Start signal received.
2026-02-24 17:54:36,402 [INFO] System state: RUNNING
2026-02-24 17:54:36,402 [INFO] START pressed. Running main loop.
2026-02-24 17:54:36,403 [INFO] All systems operational.
2026-02-24 17:54:36,426 [INFO] Loading YOLO model from /home/raspberrypi/cocoon_system/cocoon/models/cocoon_model_v2.pt...
2026-02-24 17:54:36,745 [INFO] YOLO Model loaded successfully.
2026-02-24 17:54:36,746 [INFO] Opening camera interface...
2026-02-24 17:54:40,083 [INFO] Image captured successfully.
2026-02-24 17:54:40,181 [INFO] Captured frame saved: /home/raspberrypi/cocoon_system/cocoon/../output/frame_20260224_175440.jpg
2026-02-24 17:54:40,181 [INFO] Running YOLO Inference on captured frame...
2026-02-24 17:54:43,546 [INFO] Inferred frame saved: /home/raspberrypi/cocoon_system/cocoon/../output/frame_inferred_20260224_175440.jpg
2026-02-24 17:54:43,547 [INFO] Grid mapping and classification complete.
2026-02-24 17:54:43,585 [INFO] Inference completed.
2026-02-24 17:54:43,586 [INFO] Starting cycle 1 / 12
2026-02-24 17:54:43,604 [INFO] Starting servo for cycle 1
2026-02-24 17:54:43,605 [INFO] Servo finished for cycle 1
2026-02-24 17:54:46,605 [INFO] Starting cycle 2 / 12
2026-02-24 17:54:46,624 [INFO] Starting servo for cycle 2
2026-02-24 17:54:46,625 [INFO] Servo finished for cycle 2
2026-02-24 17:54:49,626 [INFO] Starting cycle 3 / 12
2026-02-24 17:54:49,642 [INFO] Starting servo for cycle 3
2026-02-24 17:54:49,643 [INFO] Servo finished for cycle 3
2026-02-24 17:54:52,644 [INFO] Starting cycle 4 / 12
2026-02-24 17:54:52,661 [INFO] Starting servo for cycle 4
2026-02-24 17:54:52,662 [INFO] Servo finished for cycle 4
2026-02-24 17:54:55,662 [INFO] Starting cycle 5 / 12
2026-02-24 17:54:55,678 [INFO] Starting servo for cycle 5
2026-02-24 17:54:55,679 [INFO] Servo finished for cycle 5
2026-02-24 17:54:58,681 [INFO] Starting cycle 6 / 12
2026-02-24 17:54:58,697 [INFO] Starting servo for cycle 6
2026-02-24 17:54:58,698 [INFO] Servo finished for cycle 6
2026-02-24 17:55:01,699 [INFO] Starting cycle 7 / 12
2026-02-24 17:55:01,715 [INFO] Starting servo for cycle 7
2026-02-24 17:55:01,715 [INFO] Servo finished for cycle 7
2026-02-24 17:55:04,716 [INFO] Starting cycle 8 / 12
2026-02-24 17:55:04,732 [INFO] Starting servo for cycle 8
2026-02-24 17:55:04,733 [INFO] Servo finished for cycle 8
2026-02-24 17:55:07,733 [INFO] Starting cycle 9 / 12
2026-02-24 17:55:07,749 [INFO] Starting servo for cycle 9
2026-02-24 17:55:07,750 [INFO] Servo finished for cycle 9
2026-02-24 17:55:10,751 [INFO] Starting cycle 10 / 12
2026-02-24 17:55:10,769 [INFO] Starting servo for cycle 10
2026-02-24 17:55:10,770 [INFO] Servo finished for cycle 10
2026-02-24 17:55:13,771 [INFO] Starting cycle 11 / 12
2026-02-24 17:55:13,787 [INFO] Starting servo for cycle 11
2026-02-24 17:55:13,788 [INFO] Servo finished for cycle 11
2026-02-24 17:55:16,789 [INFO] Starting cycle 12 / 12
2026-02-24 17:55:16,804 [INFO] Starting servo for cycle 12
2026-02-24 17:55:16,805 [INFO] Servo finished for cycle 12
2026-02-24 17:55:20,306 [INFO] Run completed safely.
2026-02-24 17:55:20,306 [INFO] System state: IDLE
2026-02-24 17:55:20,307 [INFO] Button states reset.
2026-02-24 17:55:20,308 [INFO] System reset. Waiting for next START.
2026-02-24 17:55:20,808 [INFO] Waiting for START button...
2026-02-24 17:55:20,809 [INFO] Waiting for START button...
2026-02-24 17:56:43,729 [WARNING] Program terminated by user.
2026-02-24 17:56:43,730 [INFO] Button GPIO cleaned up.
2026-02-24 17:56:43,731 [INFO] GPIO cleaned up. Program exited safely.
2026-02-24 17:57:15,709 [INFO] Loading YOLO model from /home/raspberrypi/cocoon_system/cocoon/models/cocoon_model_v2.pt...
2026-02-24 17:57:16,046 [INFO] YOLO Model loaded successfully.
2026-02-24 17:57:16,048 [INFO] Buttons initialized using polling (no edge detection).
2026-02-24 17:57:16,048 [INFO] System booting...
2026-02-24 17:57:16,049 [INFO] Waiting for START button...
2026-02-24 17:57:16,049 [INFO] Waiting for START button...
2026-02-24 17:57:18,052 [INFO] START button pressed.
2026-02-24 17:57:18,053 [INFO] Start signal received.
2026-02-24 17:57:18,054 [INFO] System state: RUNNING
2026-02-24 17:57:18,055 [INFO] START pressed. Running main loop.
2026-02-24 17:57:18,055 [INFO] All systems operational.
2026-02-24 17:57:18,075 [INFO] Loading YOLO model from /home/raspberrypi/cocoon_system/cocoon/models/cocoon_model_v2.pt...
2026-02-24 17:57:18,390 [INFO] YOLO Model loaded successfully.
2026-02-24 17:57:18,391 [INFO] Opening camera interface...
2026-02-24 17:57:21,792 [INFO] Image captured successfully.
2026-02-24 17:57:21,888 [INFO] Captured frame saved: /home/raspberrypi/cocoon_system/cocoon/../output/frame_20260224_175721.jpg
2026-02-24 17:57:21,888 [INFO] Running YOLO Inference on captured frame...
2026-02-24 17:57:25,151 [INFO] Inferred frame saved: /home/raspberrypi/cocoon_system/cocoon/../output/frame_inferred_20260224_175721.jpg
2026-02-24 17:57:25,152 [INFO] Grid mapping and classification complete.
2026-02-24 17:57:25,184 [INFO] Inference completed.
2026-02-24 17:57:25,185 [INFO] Starting cycle 1 / 12
2026-02-24 17:57:25,202 [INFO] Starting servo for cycle 1
2026-02-24 17:57:25,202 [INFO] Servo finished for cycle 1
2026-02-24 17:57:28,203 [INFO] Starting cycle 2 / 12
2026-02-24 17:57:28,221 [INFO] Starting servo for cycle 2
2026-02-24 17:57:28,222 [INFO] Servo finished for cycle 2
2026-02-24 17:57:31,222 [INFO] Starting cycle 3 / 12
2026-02-24 17:57:31,247 [INFO] Starting servo for cycle 3
2026-02-24 17:57:31,248 [INFO] Servo finished for cycle 3
2026-02-24 17:57:34,248 [INFO] Starting cycle 4 / 12
2026-02-24 17:57:34,267 [INFO] Starting servo for cycle 4
2026-02-24 17:57:34,267 [INFO] Servo finished for cycle 4
2026-02-24 17:57:37,268 [INFO] Starting cycle 5 / 12
2026-02-24 17:57:37,284 [INFO] Starting servo for cycle 5
2026-02-24 17:57:37,284 [INFO] Servo finished for cycle 5
2026-02-24 17:57:40,285 [INFO] Starting cycle 6 / 12
2026-02-24 17:57:40,304 [INFO] Starting servo for cycle 6
2026-02-24 17:57:40,304 [INFO] Servo finished for cycle 6
2026-02-24 17:57:43,305 [INFO] Starting cycle 7 / 12
2026-02-24 17:57:43,320 [INFO] Starting servo for cycle 7
2026-02-24 17:57:43,321 [INFO] Servo finished for cycle 7
2026-02-24 17:57:46,321 [INFO] Starting cycle 8 / 12
2026-02-24 17:57:46,339 [INFO] Starting servo for cycle 8
2026-02-24 17:57:46,340 [INFO] Servo finished for cycle 8
2026-02-24 17:57:49,341 [INFO] Starting cycle 9 / 12
2026-02-24 17:57:49,357 [INFO] Starting servo for cycle 9
2026-02-24 17:57:49,357 [INFO] Servo finished for cycle 9
2026-02-24 17:57:52,358 [INFO] Starting cycle 10 / 12
2026-02-24 17:57:52,374 [INFO] Starting servo for cycle 10
2026-02-24 17:57:52,375 [INFO] Servo finished for cycle 10
2026-02-24 17:57:55,376 [INFO] Starting cycle 11 / 12
2026-02-24 17:57:55,393 [INFO] Starting servo for cycle 11
2026-02-24 17:57:55,393 [INFO] Servo finished for cycle 11
2026-02-24 17:57:58,394 [INFO] Starting cycle 12 / 12
2026-02-24 17:57:58,410 [INFO] Starting servo for cycle 12
2026-02-24 17:57:58,410 [INFO] Servo finished for cycle 12
2026-02-24 17:58:01,911 [INFO] Run completed safely.
2026-02-24 17:58:01,912 [INFO] System state: IDLE
2026-02-24 17:58:01,913 [INFO] Button states reset.
2026-02-24 17:58:01,914 [INFO] System reset. Waiting for next START.
2026-02-24 17:58:02,415 [INFO] Waiting for START button...
2026-02-24 17:58:02,415 [INFO] Waiting for START button...
2026-02-24 17:58:27,697 [WARNING] Program terminated by user.
2026-02-24 17:58:27,698 [INFO] Button GPIO cleaned up.
2026-02-24 17:58:27,699 [INFO] GPIO cleaned up. Program exited safely.
2026-02-24 17:59:44,541 [INFO] Loading YOLO model from /home/raspberrypi/cocoon_system/cocoon/models/cocoon_model_v2.pt...
2026-02-24 17:59:44,868 [INFO] YOLO Model loaded successfully.
2026-02-24 17:59:44,870 [INFO] Buttons initialized using polling (no edge detection).
2026-02-24 17:59:44,870 [INFO] System booting...
2026-02-24 17:59:44,871 [INFO] Waiting for START button...
2026-02-24 17:59:44,872 [INFO] Waiting for START button...
2026-02-24 17:59:50,893 [INFO] START button pressed.
2026-02-24 17:59:50,894 [INFO] Start signal received.
2026-02-24 17:59:50,895 [INFO] System state: RUNNING
2026-02-24 17:59:50,895 [INFO] START pressed. Running main loop.
2026-02-24 17:59:50,896 [INFO] All systems operational.
2026-02-24 17:59:50,917 [INFO] Loading YOLO model from /home/raspberrypi/cocoon_system/cocoon/models/cocoon_model_v2.pt...
2026-02-24 17:59:51,234 [INFO] YOLO Model loaded successfully.
2026-02-24 17:59:51,235 [INFO] Opening camera interface...
2026-02-24 17:59:54,436 [INFO] Image captured successfully.
2026-02-24 17:59:54,531 [INFO] Captured frame saved: /home/raspberrypi/cocoon_system/cocoon/../output/frame_20260224_175954.jpg
2026-02-24 17:59:54,531 [INFO] Running YOLO Inference on captured frame...
2026-02-24 17:59:57,941 [INFO] Inferred frame saved: /home/raspberrypi/cocoon_system/cocoon/../output/frame_inferred_20260224_175954.jpg
2026-02-24 17:59:57,942 [INFO] Grid mapping and classification complete.
2026-02-24 17:59:58,041 [INFO] Inference completed.
2026-02-24 17:59:58,042 [INFO] Starting cycle 1 / 12
2026-02-24 17:59:58,062 [INFO] Starting servo for cycle 1
2026-02-24 17:59:58,063 [INFO] Servo finished for cycle 1
2026-02-24 18:00:01,064 [INFO] Starting cycle 2 / 12
2026-02-24 18:00:01,081 [INFO] Starting servo for cycle 2
2026-02-24 18:00:01,082 [INFO] Servo finished for cycle 2
2026-02-24 18:00:04,083 [INFO] Starting cycle 3 / 12
2026-02-24 18:00:04,102 [INFO] Starting servo for cycle 3
2026-02-24 18:00:04,102 [INFO] Servo finished for cycle 3
2026-02-24 18:00:07,103 [INFO] Starting cycle 4 / 12
2026-02-24 18:00:07,120 [INFO] Starting servo for cycle 4
2026-02-24 18:00:07,121 [INFO] Servo finished for cycle 4
2026-02-24 18:00:10,122 [INFO] Starting cycle 5 / 12
2026-02-24 18:00:10,139 [INFO] Starting servo for cycle 5
2026-02-24 18:00:10,139 [INFO] Servo finished for cycle 5
2026-02-24 18:00:12,958 [INFO] System state: IDLE
2026-02-24 18:00:12,960 [INFO] Button states reset.
2026-02-24 18:00:12,960 [INFO] System reset. Waiting for next START.
2026-02-24 18:00:12,961 [WARNING] Program terminated by user.
2026-02-24 18:00:12,962 [INFO] Button GPIO cleaned up.
2026-02-24 18:00:12,962 [INFO] GPIO cleaned up. Program exited safely.
2026-02-24 18:12:22,133 [INFO] Loading YOLO model from /home/raspberrypi/cocoon_system/cocoon/models/cocoon_model_v2.pt...
2026-02-24 18:12:22,460 [INFO] YOLO Model loaded successfully.
2026-02-24 18:12:22,462 [INFO] Buttons initialized using polling (no edge detection).
2026-02-24 18:12:22,463 [INFO] System booting...
2026-02-24 18:12:22,464 [INFO] Waiting for START button...
2026-02-24 18:12:22,464 [INFO] Waiting for START button...
2026-02-24 18:13:24,108 [WARNING] Program terminated by user.
2026-02-24 18:13:24,110 [INFO] Button GPIO cleaned up.
2026-02-24 18:13:24,111 [INFO] GPIO cleaned up. Program exited safely.
2026-02-24 18:13:55,160 [INFO] Loading YOLO model from /home/raspberrypi/cocoon_system/cocoon/models/cocoon_model_v2.pt...
2026-02-24 18:13:55,494 [INFO] YOLO Model loaded successfully.
2026-02-24 18:13:55,496 [INFO] Buttons initialized using polling (no edge detection).
2026-02-24 18:13:55,497 [INFO] System booting...
2026-02-24 18:13:55,497 [INFO] Waiting for START button...
2026-02-24 18:13:55,498 [INFO] Waiting for START button...
2026-02-24 18:14:11,291 [INFO] START button pressed.
2026-02-24 18:14:11,292 [INFO] Start signal received.
2026-02-24 18:14:11,293 [INFO] System state: RUNNING
2026-02-24 18:14:11,293 [INFO] START pressed. Running main loop.
2026-02-24 18:14:11,294 [INFO] All systems operational.
2026-02-24 18:14:11,315 [INFO] Loading YOLO model from /home/raspberrypi/cocoon_system/cocoon/models/cocoon_model_v2.pt...
2026-02-24 18:14:11,631 [INFO] YOLO Model loaded successfully.
2026-02-24 18:14:11,631 [INFO] Opening camera interface...
2026-02-24 18:14:15,102 [INFO] Image captured successfully.
2026-02-24 18:14:15,192 [INFO] Captured frame saved: /home/raspberrypi/cocoon_system/cocoon/../output/frame_20260224_181415.jpg
2026-02-24 18:14:15,193 [INFO] Running YOLO Inference on captured frame...
2026-02-24 18:14:18,735 [INFO] Inferred frame saved: /home/raspberrypi/cocoon_system/cocoon/../output/frame_inferred_20260224_181415.jpg
2026-02-24 18:14:18,736 [INFO] Grid mapping and classification complete.
2026-02-24 18:14:18,792 [INFO] Inference completed.
2026-02-24 18:14:18,794 [INFO] Starting cycle 1 / 12
2026-02-24 18:14:18,816 [INFO] Starting servo for cycle 1
2026-02-24 18:14:18,818 [INFO] Servo finished for cycle 1
2026-02-24 18:14:21,819 [INFO] Starting cycle 2 / 12
2026-02-24 18:14:21,836 [INFO] Starting servo for cycle 2
2026-02-24 18:14:21,837 [INFO] Servo finished for cycle 2
2026-02-24 18:14:24,838 [INFO] Starting cycle 3 / 12
2026-02-24 18:14:24,855 [INFO] Starting servo for cycle 3
2026-02-24 18:14:24,855 [INFO] Servo finished for cycle 3
2026-02-24 18:14:27,856 [INFO] Starting cycle 4 / 12
2026-02-24 18:14:27,872 [INFO] Starting servo for cycle 4
2026-02-24 18:14:27,873 [INFO] Servo finished for cycle 4
2026-02-24 18:14:30,874 [INFO] Starting cycle 5 / 12
2026-02-24 18:14:30,891 [INFO] Starting servo for cycle 5
2026-02-24 18:14:30,892 [INFO] Servo finished for cycle 5
2026-02-24 18:14:33,893 [INFO] Starting cycle 6 / 12
2026-02-24 18:14:33,909 [INFO] Starting servo for cycle 6
2026-02-24 18:14:33,910 [INFO] Servo finished for cycle 6
2026-02-24 18:14:36,911 [INFO] Starting cycle 7 / 12
2026-02-24 18:14:36,927 [INFO] Starting servo for cycle 7
2026-02-24 18:14:36,927 [INFO] Servo finished for cycle 7
2026-02-24 18:14:39,928 [INFO] Starting cycle 8 / 12
2026-02-24 18:14:39,944 [INFO] Starting servo for cycle 8
2026-02-24 18:14:39,945 [INFO] Servo finished for cycle 8
2026-02-24 18:14:42,945 [INFO] Starting cycle 9 / 12
2026-02-24 18:14:42,961 [INFO] Starting servo for cycle 9
2026-02-24 18:14:42,962 [INFO] Servo finished for cycle 9
2026-02-24 18:14:45,963 [INFO] Starting cycle 10 / 12
2026-02-24 18:14:45,983 [INFO] Starting servo for cycle 10
2026-02-24 18:14:45,984 [INFO] Servo finished for cycle 10
2026-02-24 18:14:48,985 [INFO] Starting cycle 11 / 12
2026-02-24 18:14:49,000 [INFO] Starting servo for cycle 11
2026-02-24 18:14:49,001 [INFO] Servo finished for cycle 11
2026-02-24 18:14:52,002 [INFO] Starting cycle 12 / 12
2026-02-24 18:14:52,017 [INFO] Starting servo for cycle 12
2026-02-24 18:14:52,018 [INFO] Servo finished for cycle 12
2026-02-24 18:14:52,437 [WARNING] START button pressed but system already running (ignored).
2026-02-24 18:14:53,892 [WARNING] FORCE STOP button pressed!
2026-02-24 18:14:55,518 [INFO] Run completed safely.
2026-02-24 18:14:55,519 [INFO] System state: IDLE
2026-02-24 18:14:55,520 [INFO] Button states reset.
2026-02-24 18:14:55,520 [INFO] System reset. Waiting for next START.
2026-02-24 18:14:56,021 [INFO] Waiting for START button...
2026-02-24 18:14:56,021 [INFO] Waiting for START button...
2026-02-24 18:14:56,850 [INFO] START button pressed.
2026-02-24 18:14:56,851 [INFO] Start signal received.
2026-02-24 18:14:56,852 [INFO] System state: RUNNING
2026-02-24 18:14:56,852 [INFO] START pressed. Running main loop.
2026-02-24 18:14:56,852 [INFO] All systems operational.
2026-02-24 18:14:56,868 [INFO] Loading YOLO model from /home/raspberrypi/cocoon_system/cocoon/models/cocoon_model_v2.pt...
2026-02-24 18:14:57,250 [INFO] YOLO Model loaded successfully.
2026-02-24 18:14:57,251 [INFO] Opening camera interface...
2026-02-24 18:15:00,590 [INFO] Image captured successfully.
2026-02-24 18:15:00,687 [INFO] Captured frame saved: /home/raspberrypi/cocoon_system/cocoon/../output/frame_20260224_181500.jpg
2026-02-24 18:15:00,688 [INFO] Running YOLO Inference on captured frame...
2026-02-24 18:15:03,948 [INFO] Inferred frame saved: /home/raspberrypi/cocoon_system/cocoon/../output/frame_inferred_20260224_181500.jpg
2026-02-24 18:15:03,948 [INFO] Grid mapping and classification complete.
2026-02-24 18:15:03,987 [INFO] Inference completed.
2026-02-24 18:15:03,988 [INFO] Starting cycle 1 / 12
2026-02-24 18:15:04,004 [INFO] Starting servo for cycle 1
2026-02-24 18:15:04,004 [INFO] Servo finished for cycle 1
2026-02-24 18:15:07,005 [INFO] Starting cycle 2 / 12
2026-02-24 18:15:07,025 [INFO] Starting servo for cycle 2
2026-02-24 18:15:07,026 [INFO] Servo finished for cycle 2
2026-02-24 18:15:10,026 [INFO] Starting cycle 3 / 12
2026-02-24 18:15:10,042 [INFO] Starting servo for cycle 3
2026-02-24 18:15:10,042 [INFO] Servo finished for cycle 3
2026-02-24 18:15:13,043 [INFO] Starting cycle 4 / 12
2026-02-24 18:15:13,060 [INFO] Starting servo for cycle 4
2026-02-24 18:15:13,061 [INFO] Servo finished for cycle 4
2026-02-24 18:15:16,062 [INFO] Starting cycle 5 / 12
2026-02-24 18:15:16,078 [INFO] Starting servo for cycle 5
2026-02-24 18:15:16,079 [INFO] Servo finished for cycle 5
2026-02-24 18:15:19,080 [INFO] Starting cycle 6 / 12
2026-02-24 18:15:19,097 [INFO] Starting servo for cycle 6
2026-02-24 18:15:19,098 [INFO] Servo finished for cycle 6
2026-02-24 18:15:22,098 [INFO] Starting cycle 7 / 12
2026-02-24 18:15:22,114 [INFO] Starting servo for cycle 7
2026-02-24 18:15:22,115 [INFO] Servo finished for cycle 7
2026-02-24 18:15:25,115 [INFO] Starting cycle 8 / 12
2026-02-24 18:15:25,131 [INFO] Starting servo for cycle 8
2026-02-24 18:15:25,132 [INFO] Servo finished for cycle 8
2026-02-24 18:15:28,133 [INFO] Starting cycle 9 / 12
2026-02-24 18:15:28,148 [INFO] Starting servo for cycle 9
2026-02-24 18:15:28,149 [INFO] Servo finished for cycle 9
2026-02-24 18:15:31,149 [INFO] Starting cycle 10 / 12
2026-02-24 18:15:31,165 [INFO] Starting servo for cycle 10
2026-02-24 18:15:31,166 [INFO] Servo finished for cycle 10
2026-02-24 18:15:34,166 [INFO] Starting cycle 11 / 12
2026-02-24 18:15:34,182 [INFO] Starting servo for cycle 11
2026-02-24 18:15:34,182 [INFO] Servo finished for cycle 11
2026-02-24 18:15:37,183 [INFO] Starting cycle 12 / 12
2026-02-24 18:15:37,198 [INFO] Starting servo for cycle 12
2026-02-24 18:15:37,199 [INFO] Servo finished for cycle 12
2026-02-24 18:15:40,700 [INFO] Run completed safely.
2026-02-24 18:15:40,700 [INFO] System state: IDLE
2026-02-24 18:15:40,701 [INFO] Button states reset.
2026-02-24 18:15:40,701 [INFO] System reset. Waiting for next START.
2026-02-24 18:15:41,202 [INFO] Waiting for START button...
2026-02-24 18:15:41,203 [INFO] Waiting for START button...
2026-02-24 18:16:24,683 [WARNING] STOP button pressed but no script is running.
2026-02-24 18:17:14,718 [WARNING] STOP button pressed but no script is running.
2026-02-24 18:17:30,083 [INFO] START button pressed.
2026-02-24 18:17:30,084 [INFO] Start signal received.
2026-02-24 18:17:30,093 [INFO] System state: RUNNING
2026-02-24 18:17:30,094 [INFO] START pressed. Running main loop.
2026-02-24 18:17:30,095 [INFO] All systems operational.
2026-02-24 18:17:30,119 [INFO] Loading YOLO model from /home/raspberrypi/cocoon_system/cocoon/models/cocoon_model_v2.pt...
2026-02-24 18:17:30,496 [INFO] YOLO Model loaded successfully.
2026-02-24 18:17:30,498 [INFO] Opening camera interface...
2026-02-24 18:17:33,698 [INFO] Image captured successfully.
2026-02-24 18:17:33,788 [INFO] Captured frame saved: /home/raspberrypi/cocoon_system/cocoon/../output/frame_20260224_181733.jpg
2026-02-24 18:17:33,788 [INFO] Running YOLO Inference on captured frame...
2026-02-24 18:17:36,417 [WARNING] START button pressed but system already running (ignored).
2026-02-24 18:17:36,708 [INFO] Inferred frame saved: /home/raspberrypi/cocoon_system/cocoon/../output/frame_inferred_20260224_181733.jpg
2026-02-24 18:17:36,709 [INFO] Grid mapping and classification complete.
2026-02-24 18:17:36,749 [INFO] Inference completed.
2026-02-24 18:17:36,750 [INFO] Starting cycle 1 / 12
2026-02-24 18:17:36,767 [INFO] Starting servo for cycle 1
2026-02-24 18:17:36,768 [INFO] Servo finished for cycle 1
2026-02-24 18:17:39,769 [INFO] Starting cycle 2 / 12
2026-02-24 18:17:39,785 [INFO] Starting servo for cycle 2
2026-02-24 18:17:39,786 [INFO] Servo finished for cycle 2
2026-02-24 18:17:42,787 [INFO] Starting cycle 3 / 12
2026-02-24 18:17:42,803 [INFO] Starting servo for cycle 3
2026-02-24 18:17:42,803 [INFO] Servo finished for cycle 3
2026-02-24 18:17:45,807 [INFO] Starting cycle 4 / 12
2026-02-24 18:17:45,825 [INFO] Starting servo for cycle 4
2026-02-24 18:17:45,826 [INFO] Servo finished for cycle 4
2026-02-24 18:17:48,835 [INFO] Starting cycle 5 / 12
2026-02-24 18:17:48,853 [INFO] Starting servo for cycle 5
2026-02-24 18:17:48,854 [INFO] Servo finished for cycle 5
2026-02-24 18:17:51,855 [INFO] Starting cycle 6 / 12
2026-02-24 18:17:51,865 [INFO] Starting servo for cycle 6
2026-02-24 18:17:51,866 [INFO] Servo finished for cycle 6
2026-02-24 18:17:54,866 [INFO] Starting cycle 7 / 12
2026-02-24 18:17:54,875 [INFO] Starting servo for cycle 7
2026-02-24 18:17:54,876 [INFO] Servo finished for cycle 7
2026-02-24 18:17:57,876 [INFO] Starting cycle 8 / 12
2026-02-24 18:17:57,885 [INFO] Starting servo for cycle 8
2026-02-24 18:17:57,885 [INFO] Servo finished for cycle 8
2026-02-24 18:18:00,886 [INFO] Starting cycle 9 / 12
2026-02-24 18:18:00,895 [INFO] Starting servo for cycle 9
2026-02-24 18:18:00,896 [INFO] Servo finished for cycle 9
2026-02-24 18:18:03,896 [INFO] Starting cycle 10 / 12
2026-02-24 18:18:03,906 [INFO] Starting servo for cycle 10
2026-02-24 18:18:03,907 [INFO] Servo finished for cycle 10
2026-02-24 18:18:06,907 [INFO] Starting cycle 11 / 12
2026-02-24 18:18:06,928 [INFO] Starting servo for cycle 11
2026-02-24 18:18:06,929 [INFO] Servo finished for cycle 11
2026-02-24 18:18:09,930 [INFO] Starting cycle 12 / 12
2026-02-24 18:18:09,939 [INFO] Starting servo for cycle 12
2026-02-24 18:18:09,940 [INFO] Servo finished for cycle 12
2026-02-24 18:18:13,440 [INFO] Run completed safely.
2026-02-24 18:18:13,441 [INFO] System state: IDLE
2026-02-24 18:18:13,442 [INFO] Button states reset.
2026-02-24 18:18:13,443 [INFO] System reset. Waiting for next START.
2026-02-24 18:18:13,803 [INFO] START button pressed.
2026-02-24 18:18:13,944 [INFO] Waiting for START button...
2026-02-24 18:18:13,945 [INFO] Waiting for START button...
2026-02-24 18:18:13,945 [INFO] Start signal received.
2026-02-24 18:18:13,946 [INFO] System state: RUNNING
2026-02-24 18:18:13,946 [INFO] START pressed. Running main loop.
2026-02-24 18:18:13,947 [INFO] All systems operational.
2026-02-24 18:18:13,956 [INFO] Loading YOLO model from /home/raspberrypi/cocoon_system/cocoon/models/cocoon_model_v2.pt...
2026-02-24 18:18:14,239 [INFO] YOLO Model loaded successfully.
2026-02-24 18:18:14,240 [INFO] Opening camera interface...
2026-02-24 18:18:17,705 [INFO] Image captured successfully.
2026-02-24 18:18:17,800 [INFO] Captured frame saved: /home/raspberrypi/cocoon_system/cocoon/../output/frame_20260224_181817.jpg
2026-02-24 18:18:17,801 [INFO] Running YOLO Inference on captured frame...
2026-02-24 18:18:20,175 [ERROR] Not enough detections to establish grid pattern (Found <12 items).
2026-02-24 18:18:20,204 [INFO] Inference completed.
2026-02-24 18:18:20,205 [INFO] Starting cycle 1 / 12
2026-02-24 18:18:20,213 [INFO] Starting servo for cycle 1
2026-02-24 18:18:20,214 [INFO] Servo finished for cycle 1
2026-02-24 18:18:23,215 [INFO] Starting cycle 2 / 12
2026-02-24 18:18:23,223 [INFO] Starting servo for cycle 2
2026-02-24 18:18:23,224 [INFO] Servo finished for cycle 2
2026-02-24 18:18:26,225 [INFO] Starting cycle 3 / 12
2026-02-24 18:18:26,234 [INFO] Starting servo for cycle 3
2026-02-24 18:18:26,235 [INFO] Servo finished for cycle 3
2026-02-24 18:18:29,236 [INFO] Starting cycle 4 / 12
2026-02-24 18:18:29,248 [INFO] Starting servo for cycle 4
2026-02-24 18:18:29,249 [INFO] Servo finished for cycle 4
2026-02-24 18:18:32,249 [INFO] Starting cycle 5 / 12
2026-02-24 18:18:32,258 [INFO] Starting servo for cycle 5
2026-02-24 18:18:32,259 [INFO] Servo finished for cycle 5
2026-02-24 18:18:35,259 [INFO] Starting cycle 6 / 12
2026-02-24 18:18:35,269 [INFO] Starting servo for cycle 6
2026-02-24 18:18:35,269 [INFO] Servo finished for cycle 6
2026-02-24 18:18:38,270 [INFO] Starting cycle 7 / 12
2026-02-24 18:18:38,279 [INFO] Starting servo for cycle 7
2026-02-24 18:18:38,280 [INFO] Servo finished for cycle 7
2026-02-24 18:18:40,956 [INFO] System state: IDLE
2026-02-24 18:18:40,957 [INFO] Button states reset.
2026-02-24 18:18:40,958 [INFO] System reset. Waiting for next START.
2026-02-24 18:18:40,958 [WARNING] Program terminated by user.
2026-02-24 18:18:40,959 [INFO] Button GPIO cleaned up.
2026-02-24 18:18:40,959 [INFO] GPIO cleaned up. Program exited safely.
2026-02-24 19:13:57,677 [INFO] Loading YOLO model from /home/raspberrypi/cocoon_system/cocoon/models/cocoon_model_v2.pt...
2026-02-24 19:13:58,100 [INFO] YOLO Model loaded successfully.
2026-02-24 19:13:58,103 [INFO] Buttons initialized using polling (no edge detection).
2026-02-24 19:13:58,103 [INFO] System booting...
2026-02-24 19:13:58,104 [INFO] Waiting for START button...
2026-02-24 19:13:58,105 [INFO] Waiting for START button...
2026-02-24 19:14:04,122 [INFO] START button pressed.
2026-02-24 19:14:04,123 [INFO] Start signal received.
2026-02-24 19:14:04,123 [INFO] System state: RUNNING
2026-02-24 19:14:04,124 [INFO] START pressed. Running main loop.
2026-02-24 19:14:04,124 [INFO] All systems operational.
2026-02-24 19:14:04,144 [INFO] Loading YOLO model from /home/raspberrypi/cocoon_system/cocoon/models/cocoon_model_v2.pt...
2026-02-24 19:14:04,456 [INFO] YOLO Model loaded successfully.
2026-02-24 19:14:04,484 [INFO] Inference completed.
2026-02-24 19:14:04,484 [INFO] Starting cycle 1 / 12
2026-02-24 19:14:04,493 [INFO] Starting servo for cycle 1
2026-02-24 19:14:04,494 [INFO] Servo finished for cycle 1
2026-02-24 19:14:07,494 [INFO] Starting cycle 2 / 12
2026-02-24 19:14:07,503 [INFO] Starting servo for cycle 2
2026-02-24 19:14:07,504 [INFO] Servo finished for cycle 2
2026-02-24 19:14:10,505 [INFO] Starting cycle 3 / 12
2026-02-24 19:14:10,514 [INFO] Starting servo for cycle 3
2026-02-24 19:14:10,515 [INFO] Servo finished for cycle 3
2026-02-24 19:14:11,348 [WARNING] FORCE STOP button pressed!
2026-02-24 19:14:11,449 [WARNING] FORCE STOP button pressed!
2026-02-24 19:14:13,516 [INFO] Starting cycle 4 / 12
2026-02-24 19:14:13,527 [WARNING] Force stop detected. Exiting run loop.
2026-02-24 19:14:14,028 [INFO] Run completed safely.
2026-02-24 19:14:14,029 [INFO] System state: IDLE
2026-02-24 19:14:14,029 [INFO] Button states reset.
2026-02-24 19:14:14,030 [INFO] System reset. Waiting for next START.
2026-02-24 19:14:14,530 [INFO] Waiting for START button...
2026-02-24 19:14:14,531 [INFO] Waiting for START button...
2026-02-24 19:15:17,362 [INFO] START button pressed.
2026-02-24 19:15:17,363 [INFO] Start signal received.
2026-02-24 19:15:17,364 [INFO] System state: RUNNING
2026-02-24 19:15:17,365 [INFO] START pressed. Running main loop.
2026-02-24 19:15:17,366 [INFO] All systems operational.
2026-02-24 19:15:17,384 [INFO] Loading YOLO model from /home/raspberrypi/cocoon_system/cocoon/models/cocoon_model_v2.pt...
2026-02-24 19:15:17,701 [INFO] YOLO Model loaded successfully.
2026-02-24 19:15:17,744 [INFO] Inference completed.
2026-02-24 19:15:17,745 [INFO] Starting cycle 1 / 12
2026-02-24 19:15:17,762 [INFO] Starting servo for cycle 1
2026-02-24 19:15:17,762 [INFO] Servo finished for cycle 1
2026-02-24 19:15:20,763 [INFO] Starting cycle 2 / 12
2026-02-24 19:15:20,779 [INFO] Starting servo for cycle 2
2026-02-24 19:15:20,780 [INFO] Servo finished for cycle 2
2026-02-24 19:15:23,781 [INFO] Starting cycle 3 / 12
2026-02-24 19:15:23,798 [INFO] Starting servo for cycle 3
2026-02-24 19:15:23,800 [INFO] Servo finished for cycle 3
2026-02-24 19:15:26,801 [INFO] Starting cycle 4 / 12
2026-02-24 19:15:26,817 [INFO] Starting servo for cycle 4
2026-02-24 19:15:26,818 [INFO] Servo finished for cycle 4
2026-02-24 19:15:29,819 [INFO] Starting cycle 5 / 12
2026-02-24 19:15:29,836 [INFO] Starting servo for cycle 5
2026-02-24 19:15:29,837 [INFO] Servo finished for cycle 5
2026-02-24 19:15:32,837 [INFO] Starting cycle 6 / 12
2026-02-24 19:15:32,853 [INFO] Starting servo for cycle 6
2026-02-24 19:15:32,854 [INFO] Servo finished for cycle 6
2026-02-24 19:15:35,049 [WARNING] FORCE STOP button pressed!
2026-02-24 19:15:35,854 [INFO] Starting cycle 7 / 12
2026-02-24 19:15:35,876 [WARNING] Force stop detected. Exiting run loop.
2026-02-24 19:15:36,053 [WARNING] FORCE STOP button pressed!
2026-02-24 19:15:36,377 [INFO] Run completed safely.
2026-02-24 19:15:36,378 [INFO] System state: IDLE
2026-02-24 19:15:36,379 [INFO] Button states reset.
2026-02-24 19:15:36,379 [INFO] System reset. Waiting for next START.
2026-02-24 19:15:36,880 [INFO] Waiting for START button...
2026-02-24 19:15:36,881 [INFO] Waiting for START button...
2026-02-24 19:15:45,837 [INFO] START button pressed.
2026-02-24 19:15:45,838 [INFO] Start signal received.
2026-02-24 19:15:45,838 [INFO] System state: RUNNING
2026-02-24 19:15:45,839 [INFO] START pressed. Running main loop.
2026-02-24 19:15:45,839 [INFO] All systems operational.
2026-02-24 19:15:45,857 [INFO] Loading YOLO model from /home/raspberrypi/cocoon_system/cocoon/models/cocoon_model_v2.pt...
2026-02-24 19:15:46,172 [INFO] YOLO Model loaded successfully.
2026-02-24 19:15:46,216 [INFO] Inference completed.
2026-02-24 19:15:46,217 [INFO] Starting cycle 1 / 12
2026-02-24 19:15:46,235 [INFO] Starting servo for cycle 1
2026-02-24 19:15:46,236 [INFO] Servo finished for cycle 1
2026-02-24 19:15:49,237 [INFO] Starting cycle 2 / 12
2026-02-24 19:15:49,254 [INFO] Starting servo for cycle 2
2026-02-24 19:15:49,255 [INFO] Servo finished for cycle 2
2026-02-24 19:15:49,763 [WARNING] FORCE STOP button pressed!
2026-02-24 19:15:50,115 [WARNING] FORCE STOP button pressed!
2026-02-24 19:15:50,668 [WARNING] FORCE STOP button pressed!
2026-02-24 19:15:52,255 [INFO] Starting cycle 3 / 12
2026-02-24 19:15:52,271 [WARNING] Force stop detected. Exiting run loop.
2026-02-24 19:15:52,772 [INFO] Run completed safely.
2026-02-24 19:15:52,774 [INFO] System state: IDLE
2026-02-24 19:15:52,775 [INFO] Button states reset.
2026-02-24 19:15:52,776 [INFO] System reset. Waiting for next START.
2026-02-24 19:15:53,076 [INFO] START button pressed.
2026-02-24 19:15:53,277 [INFO] Waiting for START button...
2026-02-24 19:15:53,278 [INFO] Waiting for START button...
2026-02-24 19:15:53,279 [INFO] Start signal received.
2026-02-24 19:15:53,279 [INFO] System state: RUNNING
2026-02-24 19:15:53,279 [INFO] START pressed. Running main loop.
2026-02-24 19:15:53,280 [INFO] All systems operational.
2026-02-24 19:15:53,295 [INFO] Loading YOLO model from /home/raspberrypi/cocoon_system/cocoon/models/cocoon_model_v2.pt...
2026-02-24 19:15:53,591 [INFO] YOLO Model loaded successfully.
2026-02-24 19:15:53,635 [INFO] Inference completed.
2026-02-24 19:15:53,636 [INFO] Starting cycle 1 / 12
2026-02-24 19:15:53,654 [INFO] Starting servo for cycle 1
2026-02-24 19:15:53,655 [INFO] Servo finished for cycle 1
2026-02-24 19:15:55,940 [WARNING] FORCE STOP button pressed!
2026-02-24 19:15:56,242 [WARNING] FORCE STOP button pressed!
2026-02-24 19:15:56,656 [INFO] Starting cycle 2 / 12
2026-02-24 19:15:56,672 [WARNING] Force stop detected. Exiting run loop.
2026-02-24 19:15:57,172 [INFO] Run completed safely.
2026-02-24 19:15:57,174 [INFO] System state: IDLE
2026-02-24 19:15:57,175 [INFO] Button states reset.
2026-02-24 19:15:57,176 [INFO] System reset. Waiting for next START.
2026-02-24 19:15:57,677 [INFO] Waiting for START button...
2026-02-24 19:15:57,678 [INFO] Waiting for START button...
2026-02-24 19:15:57,948 [INFO] START button pressed.
2026-02-24 19:15:57,949 [INFO] Start signal received.
2026-02-24 19:15:57,949 [INFO] System state: RUNNING
2026-02-24 19:15:57,950 [INFO] START pressed. Running main loop.
2026-02-24 19:15:57,950 [INFO] All systems operational.
2026-02-24 19:15:57,965 [INFO] Loading YOLO model from /home/raspberrypi/cocoon_system/cocoon/models/cocoon_model_v2.pt...
2026-02-24 19:15:58,285 [INFO] YOLO Model loaded successfully.
2026-02-24 19:15:58,327 [INFO] Inference completed.
2026-02-24 19:15:58,329 [INFO] Starting cycle 1 / 12
2026-02-24 19:15:58,344 [INFO] Starting servo for cycle 1
2026-02-24 19:15:58,345 [INFO] Servo finished for cycle 1
2026-02-24 19:15:59,610 [WARNING] FORCE STOP button pressed!
2026-02-24 19:15:59,911 [WARNING] FORCE STOP button pressed!
2026-02-24 19:16:01,346 [INFO] Starting cycle 2 / 12
2026-02-24 19:16:01,362 [WARNING] Force stop detected. Exiting run loop.
2026-02-24 19:16:01,865 [INFO] Run completed safely.
2026-02-24 19:16:01,866 [INFO] System state: IDLE
2026-02-24 19:16:01,868 [INFO] Button states reset.
2026-02-24 19:16:01,870 [INFO] System reset. Waiting for next START.
2026-02-24 19:16:02,171 [INFO] START button pressed.
2026-02-24 19:16:02,371 [INFO] Waiting for START button...
2026-02-24 19:16:02,372 [INFO] Waiting for START button...
2026-02-24 19:16:02,373 [INFO] Start signal received.
2026-02-24 19:16:02,374 [INFO] System state: RUNNING
2026-02-24 19:16:02,374 [INFO] START pressed. Running main loop.
2026-02-24 19:16:02,375 [INFO] All systems operational.
2026-02-24 19:16:02,390 [INFO] Loading YOLO model from /home/raspberrypi/cocoon_system/cocoon/models/cocoon_model_v2.pt...
2026-02-24 19:16:02,704 [INFO] YOLO Model loaded successfully.
2026-02-24 19:16:02,749 [INFO] Inference completed.
2026-02-24 19:16:02,749 [INFO] Starting cycle 1 / 12
2026-02-24 19:16:02,765 [INFO] Starting servo for cycle 1
2026-02-24 19:16:02,766 [INFO] Servo finished for cycle 1
2026-02-24 19:16:03,582 [WARNING] FORCE STOP button pressed!
2026-02-24 19:16:03,884 [WARNING] FORCE STOP button pressed!
2026-02-24 19:16:05,439 [WARNING] START button pressed but system already running (ignored).
2026-02-24 19:16:05,767 [INFO] Starting cycle 2 / 12
2026-02-24 19:16:05,783 [WARNING] Force stop detected. Exiting run loop.
2026-02-24 19:16:06,284 [INFO] Run completed safely.
2026-02-24 19:16:06,285 [INFO] System state: IDLE
2026-02-24 19:16:06,286 [INFO] Button states reset.
2026-02-24 19:16:06,286 [INFO] System reset. Waiting for next START.
2026-02-24 19:16:06,787 [INFO] Waiting for START button...
2026-02-24 19:16:06,788 [INFO] Waiting for START button...
2026-02-24 19:16:09,750 [INFO] START button pressed.
2026-02-24 19:16:09,751 [INFO] Start signal received.
2026-02-24 19:16:09,752 [INFO] System state: RUNNING
2026-02-24 19:16:09,752 [INFO] START pressed. Running main loop.
2026-02-24 19:16:09,753 [INFO] All systems operational.
2026-02-24 19:16:09,772 [INFO] Loading YOLO model from /home/raspberrypi/cocoon_system/cocoon/models/cocoon_model_v2.pt...
2026-02-24 19:16:10,084 [INFO] YOLO Model loaded successfully.
2026-02-24 19:16:10,146 [INFO] Inference completed.
2026-02-24 19:16:10,148 [INFO] Starting cycle 1 / 12
2026-02-24 19:16:10,167 [INFO] Starting servo for cycle 1
2026-02-24 19:16:10,168 [INFO] Servo finished for cycle 1
2026-02-24 19:16:13,169 [INFO] Starting cycle 2 / 12
2026-02-24 19:16:13,185 [INFO] Starting servo for cycle 2
2026-02-24 19:16:13,185 [INFO] Servo finished for cycle 2
2026-02-24 19:16:14,570 [WARNING] FORCE STOP button pressed!
2026-02-24 19:16:16,186 [INFO] Starting cycle 3 / 12
2026-02-24 19:16:16,213 [WARNING] Force stop detected. Exiting run loop.
2026-02-24 19:16:16,714 [INFO] Run completed safely.
2026-02-24 19:16:16,714 [INFO] System state: IDLE
2026-02-24 19:16:16,715 [INFO] Button states reset.
2026-02-24 19:16:16,715 [INFO] System reset. Waiting for next START.
2026-02-24 19:16:17,216 [INFO] Waiting for START button...
2026-02-24 19:16:17,217 [INFO] Waiting for START button...
2026-02-24 19:16:18,136 [INFO] START button pressed.
2026-02-24 19:16:18,137 [INFO] Start signal received.
2026-02-24 19:16:18,137 [INFO] System state: RUNNING
2026-02-24 19:16:18,138 [INFO] START pressed. Running main loop.
2026-02-24 19:16:18,138 [INFO] All systems operational.
2026-02-24 19:16:18,154 [INFO] Loading YOLO model from /home/raspberrypi/cocoon_system/cocoon/models/cocoon_model_v2.pt...
2026-02-24 19:16:18,859 [INFO] YOLO Model loaded successfully.
2026-02-24 19:16:18,899 [INFO] Inference completed.
2026-02-24 19:16:18,900 [INFO] Starting cycle 1 / 12
2026-02-24 19:16:18,916 [INFO] Starting servo for cycle 1
2026-02-24 19:16:18,917 [INFO] Servo finished for cycle 1
2026-02-24 19:16:21,035 [WARNING] FORCE STOP button pressed!
2026-02-24 19:16:21,287 [WARNING] FORCE STOP button pressed!
2026-02-24 19:16:21,917 [INFO] Starting cycle 2 / 12
2026-02-24 19:16:21,935 [WARNING] Force stop detected. Exiting run loop.
2026-02-24 19:16:22,436 [INFO] Run completed safely.
2026-02-24 19:16:22,436 [INFO] System state: IDLE
2026-02-24 19:16:22,437 [INFO] Button states reset.
2026-02-24 19:16:22,437 [INFO] System reset. Waiting for next START.
2026-02-24 19:16:22,644 [INFO] START button pressed.
2026-02-24 19:16:22,938 [INFO] Waiting for START button...
2026-02-24 19:16:22,939 [INFO] Waiting for START button...
2026-02-24 19:16:22,940 [INFO] Start signal received.
2026-02-24 19:16:22,941 [INFO] System state: RUNNING
2026-02-24 19:16:22,941 [INFO] START pressed. Running main loop.
2026-02-24 19:16:22,942 [INFO] All systems operational.
2026-02-24 19:16:22,958 [INFO] Loading YOLO model from /home/raspberrypi/cocoon_system/cocoon/models/cocoon_model_v2.pt...
2026-02-24 19:16:23,275 [INFO] YOLO Model loaded successfully.
2026-02-24 19:16:23,314 [INFO] Inference completed.
2026-02-24 19:16:23,315 [INFO] Starting cycle 1 / 12
2026-02-24 19:16:23,330 [INFO] Starting servo for cycle 1
2026-02-24 19:16:23,331 [INFO] Servo finished for cycle 1
2026-02-24 19:16:25,409 [WARNING] FORCE STOP button pressed!
2026-02-24 19:16:25,611 [WARNING] FORCE STOP button pressed!
2026-02-24 19:16:26,331 [INFO] Starting cycle 2 / 12
2026-02-24 19:16:26,347 [WARNING] Force stop detected. Exiting run loop.
2026-02-24 19:16:26,848 [INFO] Run completed safely.
2026-02-24 19:16:26,849 [INFO] System state: IDLE
2026-02-24 19:16:26,851 [INFO] Button states reset.
2026-02-24 19:16:26,852 [INFO] System reset. Waiting for next START.
2026-02-24 19:16:27,353 [INFO] Waiting for START button...
2026-02-24 19:16:27,354 [INFO] Waiting for START button...
2026-02-24 19:16:27,366 [INFO] START button pressed.
2026-02-24 19:16:27,367 [INFO] Start signal received.
2026-02-24 19:16:27,368 [INFO] System state: RUNNING
2026-02-24 19:16:27,368 [INFO] START pressed. Running main loop.
2026-02-24 19:16:27,369 [INFO] All systems operational.
2026-02-24 19:16:27,384 [INFO] Loading YOLO model from /home/raspberrypi/cocoon_system/cocoon/models/cocoon_model_v2.pt...
2026-02-24 19:16:27,677 [INFO] YOLO Model loaded successfully.
2026-02-24 19:16:27,719 [INFO] Inference completed.
2026-02-24 19:16:27,720 [INFO] Starting cycle 1 / 12
2026-02-24 19:16:27,735 [INFO] Starting servo for cycle 1
2026-02-24 19:16:27,736 [INFO] Servo finished for cycle 1
2026-02-24 19:16:28,829 [WARNING] FORCE STOP button pressed!
2026-02-24 19:16:30,737 [INFO] Starting cycle 2 / 12
2026-02-24 19:16:30,752 [WARNING] Force stop detected. Exiting run loop.
2026-02-24 19:16:31,253 [INFO] Run completed safely.
2026-02-24 19:16:31,254 [INFO] System state: IDLE
2026-02-24 19:16:31,255 [INFO] Button states reset.
2026-02-24 19:16:31,256 [INFO] System reset. Waiting for next START.
2026-02-24 19:16:31,757 [INFO] Waiting for START button...
2026-02-24 19:16:31,758 [INFO] Waiting for START button...
2026-02-24 19:16:34,637 [WARNING] Program terminated by user.
2026-02-24 19:16:34,639 [INFO] Button GPIO cleaned up.
2026-02-24 19:16:34,640 [INFO] GPIO cleaned up. Program exited safely.
2026-02-24 20:01:47,517 [INFO] Loading YOLO model from /home/raspberrypi/cocoon_system/cocoon/models/cocoon_model_v2.pt...
2026-02-24 20:01:47,792 [INFO] YOLO Model loaded successfully.
2026-02-24 20:01:47,794 [INFO] MotorSystem initialized (2 drivers, 4 motors).
2026-02-24 20:02:30,827 [INFO] Loading YOLO model from /home/raspberrypi/cocoon_system/cocoon/models/cocoon_model_v2.pt...
2026-02-24 20:02:30,963 [INFO] YOLO Model loaded successfully.
2026-02-24 20:02:30,964 [INFO] MotorSystem initialized (2 drivers, 4 motors).
2026-02-24 20:02:53,723 [INFO] Loading YOLO model from /home/raspberrypi/cocoon_system/cocoon/models/cocoon_model_v2.pt...
2026-02-24 20:02:54,060 [INFO] YOLO Model loaded successfully.
2026-02-24 20:02:54,062 [INFO] MotorSystem initialized (2 drivers, 4 motors).
2026-02-24 20:03:59,749 [INFO] Loading YOLO model from /home/raspberrypi/cocoon_system/cocoon/models/cocoon_model_v2.pt...
2026-02-24 20:03:59,882 [INFO] YOLO Model loaded successfully.
2026-02-24 20:03:59,883 [INFO] MotorSystem initialized (2 drivers, 4 motors).
2026-02-24 20:04:43,660 [INFO] Loading YOLO model from /home/raspberrypi/cocoon_system/cocoon/models/cocoon_model_v2.pt...
2026-02-24 20:04:43,804 [INFO] YOLO Model loaded successfully.
2026-02-24 20:04:43,805 [INFO] MotorSystem initialized (2 drivers, 4 motors).
2026-02-24 20:04:43,827 [INFO] Buttons initialized using polling (no edge detection).
2026-02-24 20:04:43,828 [INFO] System booting...
2026-02-24 20:04:43,828 [INFO] Waiting for START button...
2026-02-24 20:04:43,829 [INFO] Waiting for START button...
2026-02-24 20:05:17,689 [INFO] START button pressed.
2026-02-24 20:05:17,689 [INFO] Start signal received.
2026-02-24 20:05:17,690 [INFO] System state: RUNNING
2026-02-24 20:05:17,691 [INFO] START pressed. Running main loop.
2026-02-24 20:05:17,691 [INFO] All systems operational.
2026-02-24 20:05:17,727 [INFO] Loading YOLO model from /home/raspberrypi/cocoon_system/cocoon/models/cocoon_model_v2.pt...
2026-02-24 20:05:17,899 [INFO] YOLO Model loaded successfully.
2026-02-24 20:05:17,921 [INFO] Inference completed.
2026-02-24 20:05:17,921 [INFO] Starting cycle 1 / 12
2026-02-24 20:05:17,930 [INFO] IRMotorController started (target_color=0)
2026-02-24 20:05:19,094 [WARNING] START button pressed but system already running (ignored).
2026-02-24 20:05:25,950 [INFO] IRMotorController finished safely.
2026-02-24 20:05:25,950 [INFO] Starting servo for cycle 1
2026-02-24 20:05:28,951 [ERROR] Unexpected error: 'ServoController' object has no attribute '_activate_servo'
Traceback (most recent call last):
  File "/home/raspberrypi/cocoon_system/main.py", line 157, in main
    run_main_loop(button_controller)
  File "/home/raspberrypi/cocoon_system/main.py", line 128, in run_main_loop
    servo_controller._activate_servo(servo_array)
    ^^^^^^^^^^^^^^^^^^^^^^^^^^^^^^^^
AttributeError: 'ServoController' object has no attribute '_activate_servo'
2026-02-24 20:05:28,954 [INFO] System state: IDLE
2026-02-24 20:05:28,955 [INFO] Button states reset.
2026-02-24 20:05:28,956 [INFO] System reset. Waiting for next START.
2026-02-24 20:05:29,457 [INFO] Waiting for START button...
2026-02-24 20:05:29,458 [INFO] Waiting for START button...
2026-02-24 20:05:55,959 [WARNING] Program terminated by user.
2026-02-24 20:05:55,963 [INFO] Button GPIO cleaned up.
2026-02-24 20:05:55,966 [INFO] GPIO cleaned up. Program exited safely.
2026-02-24 20:08:39,620 [INFO] Loading YOLO model from /home/raspberrypi/cocoon_system/cocoon/models/cocoon_model_v2.pt...
2026-02-24 20:08:39,752 [INFO] YOLO Model loaded successfully.
2026-02-24 20:08:39,753 [INFO] MotorSystem initialized (2 drivers, 4 motors).
2026-02-24 20:08:39,766 [INFO] Buttons initialized using polling (no edge detection).
2026-02-24 20:08:39,766 [INFO] System booting...
2026-02-24 20:08:39,767 [INFO] Waiting for START button...
2026-02-24 20:08:39,767 [INFO] Waiting for START button...
2026-02-24 20:08:41,920 [INFO] START button pressed.
2026-02-24 20:08:41,921 [INFO] Start signal received.
2026-02-24 20:08:41,921 [INFO] System state: RUNNING
2026-02-24 20:08:41,922 [INFO] START pressed. Running main loop.
2026-02-24 20:08:41,922 [INFO] All systems operational.
2026-02-24 20:08:41,945 [INFO] Opening camera interface...
2026-02-24 20:08:45,611 [INFO] Image captured successfully.
2026-02-24 20:08:45,749 [INFO] Captured frame saved: /home/raspberrypi/cocoon_system/cocoon/../output/frame_20260224_200845.jpg
2026-02-24 20:08:45,750 [INFO] Running YOLO Inference on captured frame...
2026-02-24 20:08:48,015 [ERROR] Not enough detections to establish grid pattern (Found <12 items).
2026-02-24 20:08:48,032 [INFO] Inference completed.
2026-02-24 20:08:48,032 [INFO] Starting cycle 1 / 12
2026-02-24 20:08:48,043 [INFO] IRMotorController started (target_color=0)
2026-02-24 20:08:52,328 [INFO] IRMotorController finished safely.
2026-02-24 20:08:52,328 [INFO] Starting servo for cycle 1
2026-02-24 20:08:55,849 [INFO] Servo finished for cycle 1
2026-02-24 20:08:58,850 [INFO] Starting cycle 2 / 12
2026-02-24 20:08:58,858 [INFO] IRMotorController started (target_color=1)
2026-02-24 20:09:00,338 [INFO] IRMotorController finished safely.
2026-02-24 20:09:00,338 [INFO] Starting servo for cycle 2
2026-02-24 20:09:03,850 [INFO] Servo finished for cycle 2
2026-02-24 20:09:06,851 [INFO] Starting cycle 3 / 12
2026-02-24 20:09:06,873 [INFO] IRMotorController started (target_color=0)
2026-02-24 20:09:08,537 [INFO] IRMotorController finished safely.
2026-02-24 20:09:08,537 [INFO] Starting servo for cycle 3
2026-02-24 20:09:12,054 [INFO] Servo finished for cycle 3
2026-02-24 20:09:15,056 [INFO] Starting cycle 4 / 12
2026-02-24 20:09:15,066 [INFO] IRMotorController started (target_color=1)
2026-02-24 20:09:16,709 [INFO] IRMotorController finished safely.
2026-02-24 20:09:16,709 [INFO] Starting servo for cycle 4
2026-02-24 20:09:20,222 [INFO] Servo finished for cycle 4
2026-02-24 20:09:23,223 [INFO] Starting cycle 5 / 12
2026-02-24 20:09:23,231 [INFO] IRMotorController started (target_color=0)
2026-02-24 20:09:27,337 [INFO] IRMotorController finished safely.
2026-02-24 20:09:27,338 [INFO] Starting servo for cycle 5
2026-02-24 20:09:30,843 [INFO] Servo finished for cycle 5
2026-02-24 20:09:33,843 [INFO] Starting cycle 6 / 12
2026-02-24 20:09:33,851 [INFO] IRMotorController started (target_color=1)
2026-02-24 20:09:36,298 [INFO] IRMotorController finished safely.
2026-02-24 20:09:36,299 [INFO] Starting servo for cycle 6
2026-02-24 20:09:39,813 [INFO] Servo finished for cycle 6
2026-02-24 20:09:42,813 [INFO] Starting cycle 7 / 12
2026-02-24 20:09:42,831 [INFO] IRMotorController started (target_color=0)
2026-02-24 20:09:43,346 [INFO] IRMotorController finished safely.
2026-02-24 20:09:43,347 [INFO] Starting servo for cycle 7
2026-02-24 20:09:46,854 [INFO] Servo finished for cycle 7
2026-02-24 20:09:49,855 [INFO] Starting cycle 8 / 12
2026-02-24 20:09:49,863 [INFO] IRMotorController started (target_color=1)
2026-02-24 20:09:54,609 [INFO] IRMotorController finished safely.
2026-02-24 20:09:54,610 [INFO] Starting servo for cycle 8
2026-02-24 20:09:58,119 [INFO] Servo finished for cycle 8
2026-02-24 20:10:01,119 [INFO] Starting cycle 9 / 12
2026-02-24 20:10:01,127 [INFO] IRMotorController started (target_color=0)
2026-02-24 20:10:05,480 [INFO] IRMotorController finished safely.
2026-02-24 20:10:05,481 [INFO] Starting servo for cycle 9
2026-02-24 20:10:08,992 [INFO] Servo finished for cycle 9
2026-02-24 20:10:11,993 [INFO] Starting cycle 10 / 12
2026-02-24 20:10:12,010 [INFO] IRMotorController started (target_color=1)
2026-02-24 20:10:13,964 [INFO] IRMotorController finished safely.
2026-02-24 20:10:13,965 [INFO] Starting servo for cycle 10
2026-02-24 20:10:17,475 [INFO] Servo finished for cycle 10
2026-02-24 20:10:20,476 [INFO] Starting cycle 11 / 12
2026-02-24 20:10:20,483 [INFO] IRMotorController started (target_color=0)
2026-02-24 20:10:21,903 [INFO] IRMotorController finished safely.
2026-02-24 20:10:21,904 [INFO] Starting servo for cycle 11
2026-02-24 20:10:25,411 [INFO] Servo finished for cycle 11
2026-02-24 20:10:28,412 [INFO] Starting cycle 12 / 12
2026-02-24 20:10:28,419 [INFO] IRMotorController started (target_color=1)
2026-02-24 20:10:30,083 [INFO] IRMotorController finished safely.
2026-02-24 20:10:30,083 [INFO] Starting servo for cycle 12
2026-02-24 20:10:33,593 [INFO] Servo finished for cycle 12
2026-02-24 20:10:37,093 [INFO] Run completed safely.
2026-02-24 20:10:37,094 [INFO] System state: IDLE
2026-02-24 20:10:37,094 [INFO] Button states reset.
2026-02-24 20:10:37,094 [INFO] System reset. Waiting for next START.
2026-02-24 20:10:37,595 [INFO] Waiting for START button...
2026-02-24 20:10:37,595 [INFO] Waiting for START button...
2026-02-24 20:11:45,642 [INFO] START button pressed.
2026-02-24 20:11:45,642 [INFO] Start signal received.
2026-02-24 20:11:45,643 [INFO] System state: RUNNING
2026-02-24 20:11:45,643 [INFO] START pressed. Running main loop.
2026-02-24 20:11:45,643 [INFO] All systems operational.
2026-02-24 20:11:45,650 [INFO] Opening camera interface...
2026-02-24 20:11:48,942 [INFO] Image captured successfully.
2026-02-24 20:11:49,028 [INFO] Captured frame saved: /home/raspberrypi/cocoon_system/cocoon/../output/frame_20260224_201148.jpg
2026-02-24 20:11:49,029 [INFO] Running YOLO Inference on captured frame...
2026-02-24 20:11:50,399 [ERROR] Not enough detections to establish grid pattern (Found <12 items).
2026-02-24 20:11:50,439 [INFO] Inference completed.
2026-02-24 20:11:50,439 [INFO] Starting cycle 1 / 12
2026-02-24 20:11:50,457 [INFO] IRMotorController started (target_color=0)
2026-02-24 20:12:08,246 [WARNING] FORCE STOP button pressed!
2026-02-24 20:12:08,447 [WARNING] FORCE STOP button pressed!
2026-02-24 20:12:08,648 [WARNING] FORCE STOP button pressed!
2026-02-24 20:12:14,023 [INFO] IRMotorController finished safely.
2026-02-24 20:12:14,023 [INFO] Starting servo for cycle 1
2026-02-24 20:12:16,016 [WARNING] FORCE STOP button pressed!
2026-02-24 20:12:16,217 [WARNING] FORCE STOP button pressed!
2026-02-24 20:12:17,533 [INFO] Servo finished for cycle 1
2026-02-24 20:12:19,173 [WARNING] FORCE STOP button pressed!
2026-02-24 20:12:19,324 [WARNING] FORCE STOP button pressed!
2026-02-24 20:12:19,576 [WARNING] FORCE STOP button pressed!
2026-02-24 20:12:20,277 [WARNING] FORCE STOP button pressed!
2026-02-24 20:12:20,529 [WARNING] FORCE STOP button pressed!
2026-02-24 20:12:20,534 [INFO] Starting cycle 2 / 12
2026-02-24 20:12:20,541 [WARNING] Force stop detected. Exiting run loop.
2026-02-24 20:12:20,880 [WARNING] FORCE STOP button pressed!
2026-02-24 20:12:21,042 [INFO] Run completed safely.
2026-02-24 20:12:21,043 [INFO] System state: IDLE
2026-02-24 20:12:21,044 [INFO] Button states reset.
2026-02-24 20:12:21,045 [INFO] System reset. Waiting for next START.
2026-02-24 20:12:21,546 [INFO] Waiting for START button...
2026-02-24 20:12:21,546 [INFO] Waiting for START button...
2026-02-24 20:23:41,176 [INFO] Loading YOLO model from /home/raspberrypi/cocoon_system/cocoon/models/cocoon_model_v2.pt...
2026-02-24 20:23:41,311 [INFO] YOLO Model loaded successfully.
2026-02-24 20:23:41,312 [INFO] MotorSystem initialized (2 drivers, 4 motors).
2026-02-24 20:23:41,324 [INFO] Buttons initialized using polling (no edge detection).
2026-02-24 20:23:41,325 [INFO] System booting...
2026-02-24 20:23:41,325 [INFO] Waiting for START button...
2026-02-24 20:23:41,325 [INFO] Waiting for START button...
2026-02-24 20:24:23,414 [INFO] START button pressed.
2026-02-24 20:24:23,415 [INFO] Start signal received.
2026-02-24 20:24:23,416 [INFO] System state: RUNNING
2026-02-24 20:24:23,416 [INFO] START pressed. Running main loop.
2026-02-24 20:24:23,417 [INFO] All systems operational.
2026-02-24 20:24:23,433 [INFO] Opening camera interface...
2026-02-24 20:24:23,610 [INFO] System state: IDLE
2026-02-24 20:24:23,610 [INFO] Button states reset.
2026-02-24 20:24:23,611 [INFO] System reset. Waiting for next START.
2026-02-24 20:24:23,611 [WARNING] Program terminated by user.
2026-02-24 20:24:23,612 [INFO] Button GPIO cleaned up.
2026-02-24 20:24:23,612 [INFO] GPIO cleaned up. Program exited safely.
2026-02-24 20:24:33,676 [INFO] START button pressed.
2026-02-24 20:24:33,677 [INFO] Start signal received.
2026-02-24 20:24:33,677 [INFO] System state: RUNNING
2026-02-24 20:24:33,677 [INFO] START pressed. Running main loop.
2026-02-24 20:24:33,678 [INFO] All systems operational.
2026-02-24 20:24:33,688 [INFO] Opening camera interface...
2026-02-24 20:24:34,883 [WARNING] START button pressed but system already running (ignored).
2026-02-24 20:24:36,902 [INFO] Image captured successfully.
2026-02-24 20:24:36,999 [INFO] Captured frame saved: /home/raspberrypi/cocoon_system/cocoon/../output/frame_20260224_202436.jpg
2026-02-24 20:24:37,000 [INFO] Running YOLO Inference on captured frame...
2026-02-24 20:24:39,567 [ERROR] Not enough detections to establish grid pattern (Found <12 items).
2026-02-24 20:24:39,605 [INFO] Inference completed.
2026-02-24 20:24:39,606 [INFO] Starting cycle 1 / 12
2026-02-24 20:24:39,624 [INFO] IRMotorController started (target_color=0)
2026-02-24 20:24:45,441 [WARNING] START button pressed but system already running (ignored).
2026-02-24 20:24:46,443 [INFO] Loading YOLO model from /home/raspberrypi/cocoon_system/cocoon/models/cocoon_model_v2.pt...
2026-02-24 20:24:46,577 [INFO] YOLO Model loaded successfully.
2026-02-24 20:24:46,578 [INFO] MotorSystem initialized (2 drivers, 4 motors).
2026-02-24 20:24:46,590 [INFO] Buttons initialized using polling (no edge detection).
2026-02-24 20:24:46,591 [INFO] System booting...
2026-02-24 20:24:46,591 [INFO] Waiting for START button...
2026-02-24 20:24:46,591 [INFO] Waiting for START button...
2026-02-24 20:25:30,769 [WARNING] STOP button pressed but no script is running.
2026-02-24 20:25:30,778 [WARNING] FORCE STOP button pressed!
2026-02-24 20:25:31,871 [WARNING] STOP button pressed but no script is running.
2026-02-24 20:25:31,880 [WARNING] FORCE STOP button pressed!
2026-02-24 20:25:38,773 [INFO] IRMotorController finished safely.
2026-02-24 20:25:38,773 [INFO] Starting servo for cycle 1
2026-02-24 20:25:42,287 [INFO] Servo finished for cycle 1
2026-02-24 20:25:43,391 [WARNING] STOP button pressed but no script is running.
2026-02-24 20:25:43,397 [WARNING] FORCE STOP button pressed!
2026-02-24 20:25:43,541 [WARNING] STOP button pressed but no script is running.
2026-02-24 20:25:43,547 [WARNING] FORCE STOP button pressed!
2026-02-24 20:25:43,998 [WARNING] FORCE STOP button pressed!
2026-02-24 20:25:44,042 [WARNING] STOP button pressed but no script is running.
2026-02-24 20:25:44,143 [WARNING] STOP button pressed but no script is running.
2026-02-24 20:25:44,149 [WARNING] FORCE STOP button pressed!
2026-02-24 20:25:44,344 [WARNING] STOP button pressed but no script is running.
2026-02-24 20:25:44,350 [WARNING] FORCE STOP button pressed!
2026-02-24 20:25:44,496 [WARNING] STOP button pressed but no script is running.
2026-02-24 20:25:44,501 [WARNING] FORCE STOP button pressed!
2026-02-24 20:25:44,647 [WARNING] STOP button pressed but no script is running.
2026-02-24 20:25:44,652 [WARNING] FORCE STOP button pressed!
2026-02-24 20:25:44,798 [WARNING] STOP button pressed but no script is running.
2026-02-24 20:25:44,803 [WARNING] FORCE STOP button pressed!
2026-02-24 20:25:45,000 [WARNING] STOP button pressed but no script is running.
2026-02-24 20:25:45,005 [WARNING] FORCE STOP button pressed!
2026-02-24 20:25:45,110 [WARNING] FORCE STOP button pressed!
2026-02-24 20:25:45,157 [WARNING] STOP button pressed but no script is running.
2026-02-24 20:25:45,258 [WARNING] STOP button pressed but no script is running.
2026-02-24 20:25:45,262 [WARNING] FORCE STOP button pressed!
2026-02-24 20:25:45,287 [INFO] Starting cycle 2 / 12
2026-02-24 20:25:45,304 [WARNING] Force stop detected. Exiting run loop.
2026-02-24 20:25:45,414 [WARNING] FORCE STOP button pressed!
2026-02-24 20:25:45,459 [WARNING] STOP button pressed but no script is running.
2026-02-24 20:25:45,805 [INFO] Run completed safely.
2026-02-24 20:25:45,805 [INFO] System state: IDLE
2026-02-24 20:25:45,806 [INFO] Button states reset.
2026-02-24 20:25:45,806 [INFO] System reset. Waiting for next START.
2026-02-24 20:25:46,307 [INFO] Waiting for START button...
2026-02-24 20:25:46,308 [INFO] Waiting for START button...
2026-02-24 20:26:32,501 [INFO] START button pressed.
2026-02-24 20:26:32,501 [INFO] START button pressed.
2026-02-24 20:26:32,502 [INFO] Start signal received.
2026-02-24 20:26:32,502 [INFO] Start signal received.
2026-02-24 20:26:32,503 [INFO] System state: RUNNING
2026-02-24 20:26:32,503 [INFO] System state: RUNNING
2026-02-24 20:26:32,503 [INFO] START pressed. Running main loop.
2026-02-24 20:26:32,503 [INFO] START pressed. Running main loop.
2026-02-24 20:26:32,503 [INFO] All systems operational.
2026-02-24 20:26:32,503 [INFO] All systems operational.
2026-02-24 20:26:32,525 [INFO] Opening camera interface...
2026-02-24 20:26:32,528 [INFO] Opening camera interface...
2026-02-24 20:26:32,758 [ERROR] Could not access the camera. Check ribbon cable or USB connection.
2026-02-24 20:26:32,793 [INFO] Inference completed.
2026-02-24 20:26:32,793 [INFO] Starting cycle 1 / 12
2026-02-24 20:26:32,810 [INFO] IRMotorController started (target_color=0)
2026-02-24 20:26:35,988 [INFO] Image captured successfully.
2026-02-24 20:26:36,055 [INFO] Captured frame saved: /home/raspberrypi/cocoon_system/cocoon/../output/frame_20260224_202635.jpg
2026-02-24 20:26:36,055 [INFO] Running YOLO Inference on captured frame...
2026-02-24 20:26:37,516 [WARNING] FORCE STOP button pressed!
2026-02-24 20:26:37,519 [WARNING] FORCE STOP button pressed!
2026-02-24 20:26:37,718 [WARNING] FORCE STOP button pressed!
2026-02-24 20:26:37,722 [WARNING] FORCE STOP button pressed!
2026-02-24 20:26:37,920 [WARNING] FORCE STOP button pressed!
2026-02-24 20:26:37,924 [WARNING] FORCE STOP button pressed!
2026-02-24 20:26:38,056 [ERROR] Not enough detections to establish grid pattern (Found <12 items).
2026-02-24 20:26:38,073 [WARNING] FORCE STOP button pressed!
2026-02-24 20:26:38,082 [WARNING] FORCE STOP button pressed!
2026-02-24 20:26:38,093 [INFO] Inference completed.
2026-02-24 20:26:38,094 [INFO] Starting cycle 1 / 12
2026-02-24 20:26:38,109 [WARNING] Force stop detected. Exiting run loop.
2026-02-24 20:26:38,274 [WARNING] FORCE STOP button pressed!
2026-02-24 20:26:38,284 [WARNING] FORCE STOP button pressed!
2026-02-24 20:26:38,425 [WARNING] FORCE STOP button pressed!
2026-02-24 20:26:38,435 [WARNING] FORCE STOP button pressed!
2026-02-24 20:26:38,610 [INFO] Run completed safely.
2026-02-24 20:26:38,611 [INFO] System state: IDLE
2026-02-24 20:26:38,611 [INFO] Button states reset.
2026-02-24 20:26:38,611 [INFO] System reset. Waiting for next START.
2026-02-24 20:26:39,112 [INFO] Waiting for START button...
2026-02-24 20:26:39,112 [INFO] Waiting for START button...
2026-02-24 20:26:39,178 [WARNING] FORCE STOP button pressed!
2026-02-24 20:26:39,187 [WARNING] STOP button pressed but no script is running.
2026-02-24 20:26:39,379 [WARNING] FORCE STOP button pressed!
2026-02-24 20:26:39,388 [WARNING] STOP button pressed but no script is running.
2026-02-24 20:26:40,080 [WARNING] START button pressed but system already running (ignored).
2026-02-24 20:26:40,089 [INFO] START button pressed.
2026-02-24 20:26:40,090 [INFO] Start signal received.
2026-02-24 20:26:40,090 [INFO] System state: RUNNING
2026-02-24 20:26:40,090 [INFO] START pressed. Running main loop.
2026-02-24 20:26:40,090 [INFO] All systems operational.
2026-02-24 20:26:40,097 [INFO] Opening camera interface...
2026-02-24 20:26:43,419 [INFO] Image captured successfully.
2026-02-24 20:26:43,437 [WARNING] FORCE STOP button pressed!
2026-02-24 20:26:43,446 [WARNING] FORCE STOP button pressed!
2026-02-24 20:26:43,480 [INFO] Captured frame saved: /home/raspberrypi/cocoon_system/cocoon/../output/frame_20260224_202643.jpg
2026-02-24 20:26:43,481 [INFO] Running YOLO Inference on captured frame...
2026-02-24 20:26:43,639 [WARNING] FORCE STOP button pressed!
2026-02-24 20:26:43,648 [WARNING] FORCE STOP button pressed!
2026-02-24 20:26:44,142 [WARNING] START button pressed but system already running (ignored).
2026-02-24 20:26:44,153 [WARNING] START button pressed but system already running (ignored).
2026-02-24 20:26:45,283 [ERROR] Not enough detections to establish grid pattern (Found <12 items).
2026-02-24 20:26:45,317 [INFO] Inference completed.
2026-02-24 20:26:45,317 [INFO] Starting cycle 1 / 12
2026-02-24 20:26:45,334 [WARNING] Force stop detected. Exiting run loop.
2026-02-24 20:26:45,835 [INFO] Run completed safely.
2026-02-24 20:26:45,836 [INFO] System state: IDLE
2026-02-24 20:26:45,836 [INFO] Button states reset.
2026-02-24 20:26:45,837 [INFO] System reset. Waiting for next START.
2026-02-24 20:26:46,337 [INFO] Waiting for START button...
2026-02-24 20:26:46,338 [INFO] Waiting for START button...
2026-02-24 20:26:49,570 [INFO] IRMotorController finished safely.
2026-02-24 20:26:49,571 [INFO] Starting servo for cycle 1
2026-02-24 20:26:51,309 [WARNING] FORCE STOP button pressed!
2026-02-24 20:26:51,319 [WARNING] STOP button pressed but no script is running.
2026-02-24 20:26:51,511 [WARNING] FORCE STOP button pressed!
2026-02-24 20:26:51,520 [WARNING] STOP button pressed but no script is running.
2026-02-24 20:26:51,712 [WARNING] FORCE STOP button pressed!
2026-02-24 20:26:51,722 [WARNING] STOP button pressed but no script is running.
2026-02-24 20:26:51,863 [WARNING] FORCE STOP button pressed!
2026-02-24 20:26:51,872 [WARNING] STOP button pressed but no script is running.
2026-02-24 20:26:52,014 [WARNING] FORCE STOP button pressed!
2026-02-24 20:26:52,023 [WARNING] STOP button pressed but no script is running.
2026-02-24 20:26:52,114 [WARNING] FORCE STOP button pressed!
2026-02-24 20:26:52,124 [WARNING] STOP button pressed but no script is running.
2026-02-24 20:26:52,315 [WARNING] FORCE STOP button pressed!
2026-02-24 20:26:52,325 [WARNING] STOP button pressed but no script is running.
2026-02-24 20:26:52,576 [WARNING] STOP button pressed but no script is running.
2026-02-24 20:26:52,617 [WARNING] FORCE STOP button pressed!
2026-02-24 20:26:52,768 [WARNING] FORCE STOP button pressed!
2026-02-24 20:26:52,777 [WARNING] STOP button pressed but no script is running.
2026-02-24 20:26:52,919 [WARNING] FORCE STOP button pressed!
2026-02-24 20:26:52,928 [WARNING] STOP button pressed but no script is running.
2026-02-24 20:26:53,083 [INFO] Servo finished for cycle 1
2026-02-24 20:26:54,472 [WARNING] FORCE STOP button pressed!
2026-02-24 20:26:54,481 [WARNING] STOP button pressed but no script is running.
2026-02-24 20:26:54,673 [WARNING] FORCE STOP button pressed!
2026-02-24 20:26:54,682 [WARNING] STOP button pressed but no script is running.
2026-02-24 20:26:54,833 [WARNING] STOP button pressed but no script is running.
2026-02-24 20:26:54,875 [WARNING] FORCE STOP button pressed!
2026-02-24 20:26:55,025 [WARNING] FORCE STOP button pressed!
2026-02-24 20:26:55,034 [WARNING] STOP button pressed but no script is running.
2026-02-24 20:26:55,227 [WARNING] FORCE STOP button pressed!
2026-02-24 20:26:55,235 [WARNING] STOP button pressed but no script is running.
2026-02-24 20:26:55,428 [WARNING] FORCE STOP button pressed!
2026-02-24 20:26:55,436 [WARNING] STOP button pressed but no script is running.
2026-02-24 20:26:55,587 [WARNING] STOP button pressed but no script is running.
2026-02-24 20:26:56,084 [INFO] Starting cycle 2 / 12
2026-02-24 20:26:56,097 [WARNING] Force stop detected. Exiting run loop.
2026-02-24 20:26:56,597 [INFO] Run completed safely.
2026-02-24 20:26:56,598 [INFO] System state: IDLE
2026-02-24 20:26:56,598 [INFO] Button states reset.
2026-02-24 20:26:56,598 [INFO] System reset. Waiting for next START.
2026-02-24 20:26:57,099 [INFO] Waiting for START button...
2026-02-24 20:26:57,099 [INFO] Waiting for START button...
2026-02-24 20:27:00,289 [WARNING] STOP button pressed but no script is running.
2026-02-24 20:27:00,296 [WARNING] STOP button pressed but no script is running.
2026-02-24 20:27:00,590 [WARNING] STOP button pressed but no script is running.
2026-02-24 20:27:00,597 [WARNING] STOP button pressed but no script is running.
2026-02-25 00:09:50,136 [INFO] Loading YOLO model from /home/raspberrypi/cocoon_system/cocoon/models/cocoon_model_v2.pt...
2026-02-25 00:09:50,567 [INFO] YOLO Model loaded successfully.
2026-02-25 00:09:50,569 [INFO] MotorSystem initialized (2 drivers, 4 motors).
2026-02-25 00:09:50,597 [INFO] Buttons initialized using polling (no edge detection).
2026-02-25 00:09:50,598 [INFO] System booting...
2026-02-25 00:09:50,598 [INFO] Waiting for START button...
2026-02-25 00:09:50,599 [INFO] Waiting for START button...
2026-02-25 00:10:00,215 [WARNING] STOP button pressed but no script is running.
2026-02-25 00:10:01,268 [WARNING] STOP button pressed but no script is running.
2026-02-25 00:12:04,624 [INFO] START button pressed.
2026-02-25 00:12:04,625 [INFO] Start signal received.
2026-02-25 00:12:04,625 [INFO] System state: RUNNING
2026-02-25 00:12:04,625 [INFO] START pressed. Running main loop.
2026-02-25 00:12:04,626 [INFO] All systems operational.
2026-02-25 00:12:04,643 [INFO] Opening camera interface...
2026-02-25 00:12:08,304 [INFO] Image captured successfully.
2026-02-25 00:12:08,441 [INFO] Captured frame saved: /home/raspberrypi/cocoon_system/cocoon/../output/frame_20260225_001208.jpg
2026-02-25 00:12:08,442 [INFO] Running YOLO Inference on captured frame...
2026-02-25 00:12:12,401 [INFO] Inferred frame saved: /home/raspberrypi/cocoon_system/cocoon/../output/frame_inferred_20260225_001208.jpg
2026-02-25 00:12:12,402 [INFO] Grid mapping and classification complete.
2026-02-25 00:12:12,435 [INFO] Inference completed.
2026-02-25 00:12:12,435 [INFO] Starting cycle 1 / 12
2026-02-25 00:12:12,452 [INFO] IRMotorController started (target_color=0)
2026-02-25 00:12:13,757 [INFO] IRMotorController finished safely.
2026-02-25 00:12:13,759 [INFO] Starting servo for cycle 1
2026-02-25 00:12:17,269 [INFO] Servo finished for cycle 1
2026-02-25 00:12:20,269 [INFO] Starting cycle 2 / 12
2026-02-25 00:12:20,288 [INFO] IRMotorController started (target_color=1)
2026-02-25 00:12:39,287 [INFO] IRMotorController finished safely.
2026-02-25 00:12:39,288 [INFO] Starting servo for cycle 2
2026-02-25 00:12:41,452 [WARNING] FORCE STOP button pressed!
2026-02-25 00:12:41,603 [WARNING] FORCE STOP button pressed!
2026-02-25 00:12:41,854 [WARNING] FORCE STOP button pressed!
2026-02-25 00:12:42,055 [WARNING] FORCE STOP button pressed!
2026-02-25 00:12:42,207 [WARNING] FORCE STOP button pressed!
2026-02-25 00:12:42,608 [WARNING] FORCE STOP button pressed!
2026-02-25 00:12:42,800 [INFO] Servo finished for cycle 2
2026-02-25 00:12:42,809 [WARNING] FORCE STOP button pressed!
2026-02-25 00:12:43,010 [WARNING] FORCE STOP button pressed!
2026-02-25 00:12:43,411 [WARNING] FORCE STOP button pressed!
2026-02-25 00:12:43,913 [WARNING] FORCE STOP button pressed!
2026-02-25 00:12:45,801 [INFO] Starting cycle 3 / 12
2026-02-25 00:12:45,816 [WARNING] Force stop detected. Exiting run loop.
2026-02-25 00:12:46,317 [INFO] Run completed safely.
2026-02-25 00:12:46,319 [INFO] System state: IDLE
2026-02-25 00:12:46,320 [INFO] Button states reset.
2026-02-25 00:12:46,320 [INFO] System reset. Waiting for next START.
2026-02-25 00:12:46,820 [INFO] Waiting for START button...
2026-02-25 00:12:46,821 [INFO] Waiting for START button...
2026-02-25 00:12:47,020 [WARNING] STOP button pressed but no script is running.
2026-02-25 00:12:47,421 [WARNING] STOP button pressed but no script is running.
2026-02-25 00:12:48,573 [WARNING] STOP button pressed but no script is running.
2026-02-25 00:12:49,675 [WARNING] STOP button pressed but no script is running.
2026-02-25 00:12:50,026 [WARNING] STOP button pressed but no script is running.
2026-02-25 00:12:50,377 [WARNING] STOP button pressed but no script is running.
2026-02-25 00:12:50,678 [WARNING] STOP button pressed but no script is running.
2026-02-25 00:14:38,663 [INFO] Loading YOLO model from /home/raspberrypi/cocoon_system/cocoon/models/cocoon_model_v2.pt...
2026-02-25 00:14:39,024 [INFO] YOLO Model loaded successfully.
2026-02-25 00:14:39,026 [INFO] MotorSystem initialized (2 drivers, 4 motors).
2026-02-25 00:14:39,045 [INFO] Buttons initialized using polling (no edge detection).
2026-02-25 00:14:39,046 [INFO] System booting...
2026-02-25 00:14:39,046 [INFO] Waiting for START button...
2026-02-25 00:14:39,046 [INFO] Waiting for START button...
2026-02-25 00:17:33,305 [INFO] Loading YOLO model from /home/raspberrypi/cocoon_system/cocoon/models/cocoon_model_v2.pt...
2026-02-25 00:17:33,443 [INFO] YOLO Model loaded successfully.
2026-02-25 00:17:33,444 [INFO] MotorSystem initialized (2 drivers, 4 motors).
2026-02-25 00:17:33,456 [INFO] Buttons initialized using polling (no edge detection).
2026-02-25 00:17:33,457 [INFO] System booting...
2026-02-25 00:17:33,457 [INFO] Waiting for START button...
2026-02-25 00:17:33,457 [INFO] Waiting for START button...
2026-02-25 00:17:44,679 [INFO] START button pressed.
2026-02-25 00:17:44,680 [INFO] START button pressed.
2026-02-25 00:17:44,681 [INFO] Start signal received.
2026-02-25 00:17:44,681 [INFO] Start signal received.
2026-02-25 00:17:44,681 [INFO] System state: RUNNING
2026-02-25 00:17:44,681 [INFO] System state: RUNNING
2026-02-25 00:17:44,682 [INFO] START pressed. Running main loop.
2026-02-25 00:17:44,682 [INFO] START pressed. Running main loop.
2026-02-25 00:17:44,682 [INFO] All systems operational.
2026-02-25 00:17:44,682 [INFO] All systems operational.
2026-02-25 00:17:44,705 [INFO] START button pressed.
2026-02-25 00:17:44,707 [INFO] Start signal received.
2026-02-25 00:17:44,707 [INFO] System state: RUNNING
2026-02-25 00:17:44,711 [INFO] START pressed. Running main loop.
2026-02-25 00:17:44,713 [INFO] All systems operational.
2026-02-25 00:17:44,713 [INFO] Opening camera interface...
2026-02-25 00:17:44,714 [INFO] Opening camera interface...
2026-02-25 00:17:44,739 [INFO] Opening camera interface...
2026-02-25 00:17:44,973 [ERROR] Could not access the camera. Check ribbon cable or USB connection.
2026-02-25 00:17:44,974 [ERROR] Could not access the camera. Check ribbon cable or USB connection.
2026-02-25 00:17:45,012 [INFO] Inference completed.
2026-02-25 00:17:45,012 [INFO] Starting cycle 1 / 12
2026-02-25 00:17:45,021 [INFO] Inference completed.
2026-02-25 00:17:45,022 [INFO] Starting cycle 1 / 12
2026-02-25 00:17:45,034 [INFO] IRMotorController started (target_color=0)
2026-02-25 00:17:45,045 [INFO] IRMotorController started (target_color=0)
2026-02-25 00:17:48,182 [INFO] Image captured successfully.
2026-02-25 00:17:48,272 [INFO] Captured frame saved: /home/raspberrypi/cocoon_system/cocoon/../output/frame_20260225_001748.jpg
2026-02-25 00:17:48,273 [INFO] Running YOLO Inference on captured frame...
2026-02-25 00:17:51,405 [INFO] Inferred frame saved: /home/raspberrypi/cocoon_system/cocoon/../output/frame_inferred_20260225_001748.jpg
2026-02-25 00:17:51,405 [INFO] Grid mapping and classification complete.
2026-02-25 00:17:51,420 [INFO] Inference completed.
2026-02-25 00:17:51,420 [INFO] Starting cycle 1 / 12
2026-02-25 00:17:51,428 [INFO] IRMotorController started (target_color=0)
2026-02-25 00:17:58,114 [INFO] IRMotorController finished safely.
2026-02-25 00:17:58,115 [INFO] IRMotorController finished safely.
2026-02-25 00:17:58,115 [INFO] Starting servo for cycle 1
2026-02-25 00:17:58,118 [INFO] IRMotorController finished safely.
2026-02-25 00:17:58,117 [INFO] Starting servo for cycle 1
2026-02-25 00:17:58,119 [INFO] Starting servo for cycle 1
2026-02-25 00:18:01,121 [INFO] Servo finished for cycle 1
2026-02-25 00:18:01,128 [INFO] Servo finished for cycle 1
2026-02-25 00:18:01,128 [INFO] Servo finished for cycle 1
                                                                                                                                                                                                                                                                                                                                                                                                                                                                                                                                                                                                                                                                                                                                                                                 2026-02-25 00:32:31,104 [INFO] Loading YOLO model from /home/raspberrypi/cocoon_system/cocoon/models/cocoon_model_v2.pt...
2026-02-25 00:32:31,406 [INFO] YOLO Model loaded successfully.
2026-02-25 00:32:31,407 [INFO] MotorSystem initialized (2 drivers, 4 motors).
2026-02-25 00:32:31,430 [INFO] Buttons initialized using polling (no edge detection).
2026-02-25 00:32:31,430 [INFO] System booting...
2026-02-25 00:32:31,431 [INFO] Waiting for START button...
2026-02-25 00:32:31,431 [INFO] Waiting for START button...
2026-02-25 00:32:41,253 [INFO] START button pressed.
2026-02-25 00:32:41,255 [INFO] Start signal received.
2026-02-25 00:32:41,256 [INFO] System state: RUNNING
2026-02-25 00:32:41,258 [INFO] START pressed. Running main loop.
2026-02-25 00:32:41,263 [INFO] All systems operational.
2026-02-25 00:32:41,325 [INFO] Opening camera interface...
2026-02-25 00:32:44,565 [INFO] Image captured successfully.
2026-02-25 00:32:44,701 [INFO] Captured frame saved: /home/raspberrypi/cocoon_system/cocoon/../output/frame_20260225_003244.jpg
2026-02-25 00:32:44,703 [INFO] Running YOLO Inference on captured frame...
2026-02-25 00:32:47,556 [WARNING] YOLO detected 0 objects. Is the grid empty?
2026-02-25 00:32:47,576 [INFO] Inference completed.
2026-02-25 00:32:47,577 [INFO] Starting cycle 1 / 12
2026-02-25 00:32:47,588 [INFO] IRMotorController started (target_color=0)
2026-02-25 00:32:47,732 [INFO] IRMotorController finished safely.
2026-02-25 00:32:47,733 [INFO] Starting servo for cycle 1
2026-02-25 00:32:51,251 [INFO] Servo finished for cycle 1
2026-02-25 00:32:54,251 [INFO] Starting cycle 2 / 12
2026-02-25 00:32:54,267 [INFO] IRMotorController started (target_color=1)
2026-02-25 00:32:56,730 [INFO] IRMotorController finished safely.
2026-02-25 00:32:56,730 [INFO] Starting servo for cycle 2
2026-02-25 00:33:00,246 [INFO] Servo finished for cycle 2
2026-02-25 00:33:03,246 [INFO] Starting cycle 3 / 12
2026-02-25 00:33:03,256 [INFO] IRMotorController started (target_color=0)
2026-02-25 00:33:03,605 [INFO] IRMotorController finished safely.
2026-02-25 00:33:03,607 [INFO] Starting servo for cycle 3
2026-02-25 00:33:05,540 [WARNING] FORCE STOP button pressed!
2026-02-25 00:33:05,891 [WARNING] FORCE STOP button pressed!
2026-02-25 00:33:07,123 [INFO] Servo finished for cycle 3
2026-02-25 00:33:10,123 [INFO] Starting cycle 4 / 12
2026-02-25 00:33:10,133 [WARNING] Force stop detected. Exiting run loop.
2026-02-25 00:33:10,634 [INFO] Run completed safely.
2026-02-25 00:33:10,634 [INFO] System state: IDLE
2026-02-25 00:33:10,634 [INFO] Button states reset.
2026-02-25 00:33:10,634 [INFO] System reset. Waiting for next START.
2026-02-25 00:33:11,135 [INFO] Waiting for START button...
2026-02-25 00:33:11,135 [INFO] Waiting for START button...
2026-02-25 00:33:12,304 [WARNING] STOP button pressed but no script is running.
2026-02-25 00:33:12,456 [WARNING] STOP button pressed but no script is running.
2026-02-25 00:33:12,657 [WARNING] STOP button pressed but no script is running.
2026-02-25 00:33:12,859 [WARNING] STOP button pressed but no script is running.
2026-02-25 00:33:13,010 [WARNING] STOP button pressed but no script is running.
2026-02-25 00:33:13,162 [WARNING] STOP button pressed but no script is running.
2026-02-25 00:33:13,363 [WARNING] STOP button pressed but no script is running.
2026-02-25 00:33:13,564 [WARNING] STOP button pressed but no script is running.
2026-02-25 00:33:13,766 [WARNING] STOP button pressed but no script is running.
2026-02-25 00:33:13,917 [WARNING] STOP button pressed but no script is running.
2026-02-25 00:33:14,119 [WARNING] STOP button pressed but no script is running.
2026-02-25 00:33:27,646 [INFO] START button pressed.
2026-02-25 00:33:27,646 [INFO] Start signal received.
2026-02-25 00:33:27,647 [INFO] System state: RUNNING
2026-02-25 00:33:27,648 [INFO] START pressed. Running main loop.
2026-02-25 00:33:27,648 [INFO] All systems operational.
2026-02-25 00:33:27,658 [INFO] Opening camera interface...
2026-02-25 00:33:31,123 [INFO] Image captured successfully.
2026-02-25 00:33:31,214 [INFO] Captured frame saved: /home/raspberrypi/cocoon_system/cocoon/../output/frame_20260225_003331.jpg
2026-02-25 00:33:31,214 [INFO] Running YOLO Inference on captured frame...
2026-02-25 00:33:33,163 [WARNING] YOLO detected 0 objects. Is the grid empty?
2026-02-25 00:33:33,181 [INFO] Inference completed.
2026-02-25 00:33:33,182 [INFO] Starting cycle 1 / 12
2026-02-25 00:33:33,194 [INFO] IRMotorController started (target_color=0)
2026-02-25 00:33:33,349 [INFO] IRMotorController finished safely.
2026-02-25 00:33:33,350 [INFO] Starting servo for cycle 1
2026-02-25 00:33:36,863 [INFO] Servo finished for cycle 1
2026-02-25 00:33:39,864 [INFO] Starting cycle 2 / 12
2026-02-25 00:33:39,874 [INFO] IRMotorController started (target_color=1)
2026-02-25 00:33:56,893 [INFO] IRMotorController finished safely.
2026-02-25 00:33:56,894 [INFO] Starting servo for cycle 2
2026-02-25 00:34:00,405 [INFO] Servo finished for cycle 2
2026-02-25 00:34:03,406 [INFO] Starting cycle 3 / 12
2026-02-25 00:34:03,416 [INFO] IRMotorController started (target_color=0)
2026-02-25 00:34:03,539 [INFO] IRMotorController finished safely.
2026-02-25 00:34:03,541 [INFO] Starting servo for cycle 3
2026-02-25 00:34:07,058 [INFO] Servo finished for cycle 3
2026-02-25 00:34:10,059 [INFO] Starting cycle 4 / 12
2026-02-25 00:34:10,065 [INFO] IRMotorController started (target_color=1)
2026-02-25 00:34:10,207 [INFO] IRMotorController finished safely.
2026-02-25 00:34:10,209 [INFO] Starting servo for cycle 4
2026-02-25 00:34:13,730 [INFO] Servo finished for cycle 4
2026-02-25 00:34:16,730 [INFO] Starting cycle 5 / 12
2026-02-25 00:34:16,735 [INFO] IRMotorController started (target_color=0)
2026-02-25 00:34:17,596 [INFO] IRMotorController finished safely.
2026-02-25 00:34:17,598 [INFO] Starting servo for cycle 5
2026-02-25 00:34:21,110 [INFO] Servo finished for cycle 5
2026-02-25 00:34:24,111 [INFO] Starting cycle 6 / 12
2026-02-25 00:34:24,116 [INFO] IRMotorController started (target_color=1)
2026-02-25 00:34:28,792 [WARNING] FORCE STOP button pressed!
2026-02-25 00:34:28,993 [WARNING] FORCE STOP button pressed!
2026-02-25 00:34:29,145 [WARNING] FORCE STOP button pressed!
2026-02-25 00:34:29,296 [WARNING] FORCE STOP button pressed!
2026-02-25 00:34:29,497 [WARNING] FORCE STOP button pressed!
2026-02-25 00:34:29,649 [WARNING] FORCE STOP button pressed!
2026-02-25 00:34:29,850 [WARNING] FORCE STOP button pressed!
2026-02-25 00:34:30,002 [WARNING] FORCE STOP button pressed!
2026-02-25 00:34:30,153 [WARNING] FORCE STOP button pressed!
2026-02-25 00:34:30,354 [WARNING] FORCE STOP button pressed!
2026-02-25 00:34:30,556 [WARNING] FORCE STOP button pressed!
2026-02-25 00:34:31,623 [INFO] IRMotorController finished safely.
2026-02-25 00:34:31,623 [INFO] Starting servo for cycle 6
2026-02-25 00:34:33,964 [WARNING] FORCE STOP button pressed!
2026-02-25 00:34:34,165 [WARNING] FORCE STOP button pressed!
2026-02-25 00:34:34,316 [WARNING] FORCE STOP button pressed!
2026-02-25 00:34:34,517 [WARNING] FORCE STOP button pressed!
2026-02-25 00:34:34,718 [WARNING] FORCE STOP button pressed!
2026-02-25 00:34:35,132 [INFO] Servo finished for cycle 6
2026-02-25 00:34:36,823 [WARNING] FORCE STOP button pressed!
2026-02-25 00:34:37,023 [WARNING] FORCE STOP button pressed!
2026-02-25 00:34:37,174 [WARNING] FORCE STOP button pressed!
2026-02-25 00:34:37,325 [WARNING] FORCE STOP button pressed!
2026-02-25 00:34:37,525 [WARNING] FORCE STOP button pressed!
2026-02-25 00:34:37,676 [WARNING] FORCE STOP button pressed!
2026-02-25 00:34:37,827 [WARNING] FORCE STOP button pressed!
2026-02-25 00:34:38,130 [WARNING] FORCE STOP button pressed!
2026-02-25 00:34:38,132 [INFO] Starting cycle 7 / 12
2026-02-25 00:34:38,142 [WARNING] Force stop detected. Exiting run loop.
2026-02-25 00:34:38,331 [WARNING] FORCE STOP button pressed!
2026-02-25 00:34:38,643 [INFO] Run completed safely.
2026-02-25 00:34:38,643 [INFO] System state: IDLE
2026-02-25 00:34:38,644 [INFO] Button states reset.
2026-02-25 00:34:38,644 [INFO] System reset. Waiting for next START.
2026-02-25 00:34:38,834 [WARNING] STOP button pressed but no script is running.
2026-02-25 00:34:38,985 [WARNING] STOP button pressed but no script is running.
2026-02-25 00:34:39,137 [WARNING] STOP button pressed but no script is running.
2026-02-25 00:34:39,145 [INFO] Waiting for START button...
2026-02-25 00:34:39,146 [INFO] Waiting for START button...
2026-02-25 00:34:39,288 [WARNING] STOP button pressed but no script is running.
2026-02-25 00:34:39,439 [WARNING] STOP button pressed but no script is running.
2026-02-25 00:34:39,640 [WARNING] STOP button pressed but no script is running.
2026-02-25 00:34:39,941 [WARNING] STOP button pressed but no script is running.
2026-02-25 00:34:40,293 [WARNING] STOP button pressed but no script is running.
2026-02-25 00:34:40,494 [WARNING] STOP button pressed but no script is running.
2026-02-25 00:34:40,645 [WARNING] STOP button pressed but no script is running.
2026-02-25 00:34:40,746 [WARNING] STOP button pressed but no script is running.
2026-02-25 00:34:41,298 [WARNING] STOP button pressed but no script is running.
2026-02-25 00:34:41,448 [WARNING] STOP button pressed but no script is running.
2026-02-25 00:34:41,600 [WARNING] STOP button pressed but no script is running.
2026-02-25 00:34:41,751 [WARNING] STOP button pressed but no script is running.
2026-02-25 00:34:41,902 [WARNING] STOP button pressed but no script is running.
2026-02-25 00:34:42,103 [WARNING] STOP button pressed but no script is running.
2026-02-25 00:34:42,254 [WARNING] STOP button pressed but no script is running.
2026-02-25 00:34:42,405 [WARNING] STOP button pressed but no script is running.
2026-02-25 00:34:42,607 [WARNING] STOP button pressed but no script is running.
2026-02-25 00:34:42,758 [WARNING] STOP button pressed but no script is running.
2026-02-25 00:34:42,961 [WARNING] STOP button pressed but no script is running.
2026-02-25 00:34:43,112 [WARNING] STOP button pressed but no script is running.
2026-02-25 00:34:43,263 [WARNING] STOP button pressed but no script is running.
2026-02-25 00:34:43,465 [WARNING] STOP button pressed but no script is running.
2026-02-25 00:34:43,666 [WARNING] STOP button pressed but no script is running.
2026-02-25 00:34:43,868 [WARNING] STOP button pressed but no script is running.
2026-02-25 00:34:44,069 [WARNING] STOP button pressed but no script is running.
2026-02-25 00:34:44,270 [WARNING] STOP button pressed but no script is running.
2026-02-25 00:34:44,471 [WARNING] STOP button pressed but no script is running.
2026-02-25 00:34:44,622 [WARNING] STOP button pressed but no script is running.
2026-02-25 00:34:44,823 [WARNING] STOP button pressed but no script is running.
2026-02-25 00:34:45,024 [WARNING] STOP button pressed but no script is running.
2026-02-25 00:34:45,175 [WARNING] STOP button pressed but no script is running.
2026-02-25 00:34:45,577 [WARNING] STOP button pressed but no script is running.
2026-02-25 00:34:45,928 [WARNING] STOP button pressed but no script is running.
2026-02-25 00:34:46,079 [WARNING] STOP button pressed but no script is running.
2026-02-25 00:34:46,230 [WARNING] STOP button pressed but no script is running.
2026-02-25 00:34:46,631 [WARNING] STOP button pressed but no script is running.
2026-02-25 00:34:46,782 [WARNING] STOP button pressed but no script is running.
2026-02-25 00:35:21,459 [WARNING] Program terminated by user.
2026-02-25 00:35:21,460 [INFO] Button GPIO cleaned up.
2026-02-25 00:35:21,461 [INFO] GPIO cleaned up. Program exited safely.
2026-02-25 00:35:53,532 [INFO] Loading YOLO model from /home/raspberrypi/cocoon_system/cocoon/models/cocoon_model_v2.pt...
2026-02-25 00:35:53,859 [INFO] YOLO Model loaded successfully.
2026-02-25 00:35:53,861 [INFO] MotorSystem initialized (2 drivers, 4 motors).
2026-02-25 00:35:53,881 [INFO] Buttons initialized using polling (no edge detection).
2026-02-25 00:35:53,882 [INFO] System booting...
2026-02-25 00:35:53,882 [INFO] Waiting for START button...
2026-02-25 00:35:53,883 [INFO] Waiting for START button...
2026-02-25 00:36:08,059 [INFO] START button pressed.
2026-02-25 00:36:08,060 [INFO] Start signal received.
2026-02-25 00:36:08,086 [INFO] System state: RUNNING
2026-02-25 00:36:08,087 [INFO] START pressed. Running main loop.
2026-02-25 00:36:08,087 [INFO] All systems operational.
2026-02-25 00:36:08,099 [INFO] Opening camera interface...
2026-02-25 00:36:11,432 [INFO] Image captured successfully.
2026-02-25 00:36:11,521 [INFO] Captured frame saved: /home/raspberrypi/cocoon_system/cocoon/../output/frame_20260225_003611.jpg
2026-02-25 00:36:11,522 [INFO] Running YOLO Inference on captured frame...
2026-02-25 00:36:14,026 [WARNING] YOLO detected 0 objects. Is the grid empty?
2026-02-25 00:36:14,047 [INFO] Inference completed.
2026-02-25 00:36:14,047 [INFO] Starting cycle 1 / 12
2026-02-25 00:36:14,058 [INFO] IRMotorController started (target_color=0)
2026-02-25 00:37:42,419 [INFO] System state: IDLE
2026-02-25 00:37:42,421 [INFO] Button states reset.
2026-02-25 00:37:42,423 [INFO] System reset. Waiting for next START.
2026-02-25 00:37:42,425 [WARNING] Program terminated by user.
2026-02-25 00:37:42,426 [INFO] Button GPIO cleaned up.
2026-02-25 00:37:42,428 [INFO] GPIO cleaned up. Program exited safely.
2026-02-25 00:38:01,648 [INFO] Loading YOLO model from /home/raspberrypi/cocoon_system/cocoon/models/cocoon_model_v2.pt...
2026-02-25 00:38:01,781 [INFO] YOLO Model loaded successfully.
2026-02-25 00:38:01,782 [INFO] MotorSystem initialized (2 drivers, 4 motors).
2026-02-25 00:38:01,795 [INFO] Buttons initialized using polling (no edge detection).
2026-02-25 00:38:01,795 [INFO] System booting...
2026-02-25 00:38:01,795 [INFO] Waiting for START button...
2026-02-25 00:38:01,795 [INFO] Waiting for START button...
2026-02-25 00:38:05,703 [INFO] START button pressed.
2026-02-25 00:38:05,703 [INFO] Start signal received.
2026-02-25 00:38:05,704 [INFO] System state: RUNNING
2026-02-25 00:38:05,704 [INFO] START pressed. Running main loop.
2026-02-25 00:38:05,704 [INFO] All systems operational.
2026-02-25 00:38:05,709 [INFO] Opening camera interface...
2026-02-25 00:38:08,900 [INFO] Image captured successfully.
2026-02-25 00:38:08,985 [INFO] Captured frame saved: /home/raspberrypi/cocoon_system/cocoon/../output/frame_20260225_003808.jpg
2026-02-25 00:38:08,985 [INFO] Running YOLO Inference on captured frame...
2026-02-25 00:38:11,475 [WARNING] YOLO detected 0 objects. Is the grid empty?
2026-02-25 00:38:11,496 [INFO] Inference completed.
2026-02-25 00:38:11,497 [INFO] Starting cycle 1 / 12
2026-02-25 00:38:11,507 [INFO] IRMotorController started (target_color=0)
2026-02-25 00:38:11,672 [INFO] IRMotorController finished safely.
2026-02-25 00:38:11,673 [INFO] Starting servo for cycle 1
2026-02-25 00:38:15,202 [INFO] Servo finished for cycle 1
2026-02-25 00:38:18,203 [INFO] Starting cycle 2 / 12
2026-02-25 00:38:18,211 [INFO] IRMotorController started (target_color=1)
2026-02-25 00:38:18,393 [INFO] IRMotorController finished safely.
2026-02-25 00:38:18,393 [INFO] Starting servo for cycle 2
2026-02-25 00:38:21,910 [INFO] Servo finished for cycle 2
2026-02-25 00:38:24,911 [INFO] Starting cycle 3 / 12
2026-02-25 00:38:24,921 [INFO] IRMotorController started (target_color=0)
2026-02-25 00:38:24,993 [INFO] IRMotorController finished safely.
2026-02-25 00:38:24,994 [INFO] Starting servo for cycle 3
2026-02-25 00:38:28,505 [INFO] Servo finished for cycle 3
2026-02-25 00:38:31,505 [INFO] Starting cycle 4 / 12
2026-02-25 00:38:31,516 [INFO] IRMotorController started (target_color=1)
2026-02-25 00:38:31,720 [INFO] IRMotorController finished safely.
2026-02-25 00:38:31,722 [INFO] Starting servo for cycle 4
2026-02-25 00:38:35,229 [INFO] Servo finished for cycle 4
2026-02-25 00:38:38,230 [INFO] Starting cycle 5 / 12
2026-02-25 00:38:38,234 [INFO] IRMotorController started (target_color=0)
2026-02-25 00:38:57,092 [INFO] IRMotorController finished safely.
2026-02-25 00:38:57,093 [INFO] Starting servo for cycle 5
2026-02-25 00:39:00,603 [INFO] Servo finished for cycle 5
2026-02-25 00:39:03,603 [INFO] Starting cycle 6 / 12
2026-02-25 00:39:03,608 [INFO] IRMotorController started (target_color=1)
2026-02-25 00:39:03,800 [INFO] IRMotorController finished safely.
2026-02-25 00:39:03,800 [INFO] Starting servo for cycle 6
2026-02-25 00:39:07,315 [INFO] Servo finished for cycle 6
2026-02-25 00:39:10,316 [INFO] Starting cycle 7 / 12
2026-02-25 00:39:10,328 [INFO] IRMotorController started (target_color=0)
2026-02-25 00:39:19,586 [INFO] IRMotorController finished safely.
2026-02-25 00:39:19,587 [INFO] Starting servo for cycle 7
2026-02-25 00:39:23,100 [INFO] Servo finished for cycle 7
2026-02-25 00:39:23,431 [WARNING] START button pressed but system already running (ignored).
2026-02-25 00:39:23,632 [WARNING] FORCE STOP button pressed!
2026-02-25 00:39:23,783 [WARNING] FORCE STOP button pressed!
2026-02-25 00:39:23,934 [WARNING] FORCE STOP button pressed!
2026-02-25 00:39:24,086 [WARNING] FORCE STOP button pressed!
2026-02-25 00:39:24,187 [WARNING] FORCE STOP button pressed!
2026-02-25 00:39:24,338 [WARNING] FORCE STOP button pressed!
2026-02-25 00:39:24,540 [WARNING] FORCE STOP button pressed!
2026-02-25 00:39:24,792 [WARNING] FORCE STOP button pressed!
2026-02-25 00:39:24,994 [WARNING] FORCE STOP button pressed!
2026-02-25 00:39:25,095 [WARNING] FORCE STOP button pressed!
2026-02-25 00:39:25,246 [WARNING] FORCE STOP button pressed!
2026-02-25 00:39:25,398 [WARNING] FORCE STOP button pressed!
2026-02-25 00:39:25,549 [WARNING] FORCE STOP button pressed!
2026-02-25 00:39:25,701 [WARNING] FORCE STOP button pressed!
2026-02-25 00:39:25,852 [WARNING] FORCE STOP button pressed!
2026-02-25 00:39:26,003 [WARNING] FORCE STOP button pressed!
2026-02-25 00:39:26,102 [INFO] Starting cycle 8 / 12
2026-02-25 00:39:26,104 [WARNING] FORCE STOP button pressed!
2026-02-25 00:39:26,106 [WARNING] Force stop detected. Exiting run loop.
2026-02-25 00:39:26,255 [WARNING] FORCE STOP button pressed!
2026-02-25 00:39:26,406 [WARNING] FORCE STOP button pressed!
2026-02-25 00:39:26,606 [INFO] Run completed safely.
2026-02-25 00:39:26,606 [INFO] System state: IDLE
2026-02-25 00:39:26,607 [INFO] Button states reset.
2026-02-25 00:39:26,607 [INFO] System reset. Waiting for next START.
2026-02-25 00:39:27,107 [INFO] Waiting for START button...
2026-02-25 00:39:27,108 [INFO] Waiting for START button...
2026-02-25 00:40:12,636 [WARNING] STOP button pressed but no script is running.
2026-02-25 00:40:12,887 [WARNING] STOP button pressed but no script is running.
2026-02-25 00:40:13,037 [WARNING] STOP button pressed but no script is running.
2026-02-25 00:40:13,188 [WARNING] STOP button pressed but no script is running.
2026-02-25 02:29:52,922 [INFO] Loading YOLO model from /home/raspberrypi/cocoon_system/cocoon/models/cocoon_model_v2.pt...
2026-02-25 02:29:53,343 [INFO] YOLO Model loaded successfully.
2026-02-25 02:29:53,345 [INFO] MotorSystem initialized (2 drivers, 4 motors).
2026-02-25 02:29:53,374 [INFO] Buttons initialized using polling (no edge detection).
2026-02-25 02:29:53,375 [INFO] System booting...
2026-02-25 02:29:53,376 [INFO] Waiting for START button...
2026-02-25 02:29:53,376 [INFO] Waiting for START button...
2026-02-25 02:30:14,317 [INFO] START button pressed.
2026-02-25 02:30:14,318 [INFO] Start signal received.
2026-02-25 02:30:14,318 [INFO] System state: RUNNING
2026-02-25 02:30:14,318 [INFO] START pressed. Running main loop.
2026-02-25 02:30:14,319 [INFO] All systems operational.
2026-02-25 02:30:14,335 [INFO] Opening camera interface...
2026-02-25 02:30:14,423 [ERROR] Could not access the camera. Check ribbon cable or USB connection.
2026-02-25 02:30:14,463 [INFO] Inference completed.
2026-02-25 02:30:14,464 [INFO] Starting cycle 1 / 12
2026-02-25 02:30:14,481 [INFO] IRMotorController started (target_color=0)
2026-02-25 02:30:26,099 [WARNING] START button pressed but system already running (ignored).
2026-02-25 02:30:35,675 [INFO] IRMotorController finished safely.
2026-02-25 02:30:35,676 [INFO] Starting servo for cycle 1
2026-02-25 02:30:39,198 [INFO] Servo finished for cycle 1
2026-02-25 02:30:42,199 [INFO] Starting cycle 2 / 12
2026-02-25 02:30:42,208 [INFO] IRMotorController started (target_color=1)
2026-02-25 02:30:46,942 [WARNING] FORCE STOP button pressed!
2026-02-25 02:30:47,194 [WARNING] FORCE STOP button pressed!
2026-02-25 02:30:48,448 [WARNING] FORCE STOP button pressed!
2026-02-25 02:30:50,704 [WARNING] FORCE STOP button pressed!
2026-02-25 02:30:56,418 [WARNING] START button pressed but system already running (ignored).
2026-02-25 02:30:57,771 [WARNING] FORCE STOP button pressed!
2026-02-25 02:30:58,674 [WARNING] FORCE STOP button pressed!
2026-02-25 02:31:00,378 [WARNING] FORCE STOP button pressed!
2026-02-25 02:31:01,381 [WARNING] FORCE STOP button pressed!
2026-02-25 02:31:01,632 [WARNING] FORCE STOP button pressed!
2026-02-25 02:31:01,983 [WARNING] FORCE STOP button pressed!
2026-02-25 02:31:02,384 [WARNING] FORCE STOP button pressed!
2026-02-25 02:31:02,636 [WARNING] FORCE STOP button pressed!
2026-02-25 02:31:02,787 [WARNING] FORCE STOP button pressed!
2026-02-25 02:31:02,939 [WARNING] FORCE STOP button pressed!
2026-02-25 02:31:03,089 [WARNING] FORCE STOP button pressed!
2026-02-25 02:31:03,241 [WARNING] FORCE STOP button pressed!
2026-02-25 02:31:03,392 [WARNING] FORCE STOP button pressed!
2026-02-25 02:31:03,544 [WARNING] FORCE STOP button pressed!
2026-02-25 02:31:03,645 [WARNING] FORCE STOP button pressed!
2026-02-25 02:31:03,846 [WARNING] FORCE STOP button pressed!
2026-02-25 02:31:03,997 [WARNING] FORCE STOP button pressed!
2026-02-25 02:31:04,148 [WARNING] FORCE STOP button pressed!
2026-02-25 02:31:04,299 [WARNING] FORCE STOP button pressed!
2026-02-25 02:31:04,450 [WARNING] FORCE STOP button pressed!
2026-02-25 02:31:04,651 [WARNING] FORCE STOP button pressed!
2026-02-25 02:31:04,802 [WARNING] FORCE STOP button pressed!
2026-02-25 02:31:04,953 [WARNING] FORCE STOP button pressed!
2026-02-25 02:31:05,104 [WARNING] FORCE STOP button pressed!
2026-02-25 02:31:05,255 [WARNING] FORCE STOP button pressed!
2026-02-25 02:31:05,456 [WARNING] FORCE STOP button pressed!
2026-02-25 02:31:05,608 [WARNING] FORCE STOP button pressed!
2026-02-25 02:31:05,809 [WARNING] FORCE STOP button pressed!
2026-02-25 02:31:05,960 [WARNING] FORCE STOP button pressed!
2026-02-25 02:31:06,111 [WARNING] FORCE STOP button pressed!
2026-02-25 02:31:06,262 [WARNING] FORCE STOP button pressed!
2026-02-25 02:31:12,268 [INFO] System state: IDLE
2026-02-25 02:31:12,270 [INFO] Button states reset.
2026-02-25 02:31:12,271 [INFO] System reset. Waiting for next START.
2026-02-25 02:31:12,272 [WARNING] Program terminated by user.
2026-02-25 02:31:12,273 [INFO] Button GPIO cleaned up.
2026-02-25 02:31:12,274 [INFO] GPIO cleaned up. Program exited safely.
2026-02-25 02:32:34,907 [INFO] Loading YOLO model from /home/raspberrypi/cocoon_system/cocoon/models/cocoon_model_v2.pt...
2026-02-25 02:32:35,111 [INFO] YOLO Model loaded successfully.
2026-02-25 02:32:35,113 [INFO] MotorSystem initialized (2 drivers, 4 motors).
2026-02-25 02:32:35,133 [INFO] Buttons initialized using polling (no edge detection).
2026-02-25 02:32:35,134 [INFO] System booting...
2026-02-25 02:32:35,135 [INFO] Waiting for START button...
2026-02-25 02:32:35,135 [INFO] Waiting for START button...
2026-02-25 02:33:21,881 [INFO] START button pressed.
2026-02-25 02:33:21,882 [INFO] Start signal received.
2026-02-25 02:33:21,883 [INFO] System state: RUNNING
2026-02-25 02:33:21,883 [INFO] START pressed. Running main loop.
2026-02-25 02:33:21,884 [INFO] All systems operational.
2026-02-25 02:33:21,905 [INFO] Opening camera interface...
2026-02-25 02:33:25,556 [INFO] Image captured successfully.
2026-02-25 02:33:25,702 [INFO] Captured frame saved: /home/raspberrypi/cocoon_system/cocoon/../output/frame_20260225_023325.jpg
2026-02-25 02:33:25,703 [INFO] Running YOLO Inference on captured frame...
2026-02-25 02:33:29,398 [INFO] Inferred frame saved: /home/raspberrypi/cocoon_system/cocoon/../output/frame_inferred_20260225_023325.jpg
2026-02-25 02:33:29,398 [INFO] Grid mapping and classification complete.
2026-02-25 02:33:29,433 [INFO] Inference completed.
2026-02-25 02:33:29,434 [INFO] Starting cycle 1 / 12
2026-02-25 02:33:29,452 [INFO] IRMotorController started (target_color=0)
2026-02-25 02:34:15,430 [INFO] IRMotorController finished safely.
2026-02-25 02:34:15,432 [INFO] Starting servo for cycle 1
2026-02-25 02:34:18,938 [INFO] Servo finished for cycle 1
2026-02-25 02:34:21,939 [INFO] Starting cycle 2 / 12
2026-02-25 02:34:21,960 [INFO] IRMotorController started (target_color=1)
2026-02-25 02:34:24,357 [WARNING] FORCE STOP button pressed!
2026-02-25 02:34:24,659 [WARNING] FORCE STOP button pressed!
2026-02-25 02:34:24,910 [WARNING] FORCE STOP button pressed!
2026-02-25 02:34:25,212 [WARNING] FORCE STOP button pressed!
2026-02-25 02:34:25,513 [WARNING] FORCE STOP button pressed!
2026-02-25 02:34:25,817 [WARNING] FORCE STOP button pressed!
2026-02-25 02:34:29,584 [WARNING] FORCE STOP button pressed!
2026-02-25 02:34:30,086 [WARNING] FORCE STOP button pressed!
2026-02-25 02:34:30,538 [WARNING] FORCE STOP button pressed!
2026-02-25 02:34:31,141 [WARNING] FORCE STOP button pressed!
2026-02-25 02:34:31,944 [WARNING] FORCE STOP button pressed!
2026-02-25 02:34:32,195 [WARNING] FORCE STOP button pressed!
2026-02-25 02:34:32,446 [WARNING] FORCE STOP button pressed!
2026-02-25 02:34:32,648 [WARNING] FORCE STOP button pressed!
2026-02-25 02:34:33,000 [WARNING] FORCE STOP button pressed!
2026-02-25 02:34:33,352 [WARNING] FORCE STOP button pressed!
2026-02-25 02:34:33,703 [WARNING] FORCE STOP button pressed!
2026-02-25 02:34:34,105 [WARNING] FORCE STOP button pressed!
2026-02-25 02:34:34,506 [WARNING] FORCE STOP button pressed!
2026-02-25 02:34:35,208 [WARNING] FORCE STOP button pressed!
2026-02-25 02:34:35,509 [WARNING] FORCE STOP button pressed!
2026-02-25 02:34:35,910 [WARNING] FORCE STOP button pressed!
2026-02-25 02:34:36,262 [WARNING] FORCE STOP button pressed!
2026-02-25 02:34:59,757 [INFO] IRMotorController finished safely.
2026-02-25 02:34:59,758 [INFO] Starting servo for cycle 2
2026-02-25 02:35:03,277 [INFO] Servo finished for cycle 2
2026-02-25 02:35:06,277 [INFO] Starting cycle 3 / 12
2026-02-25 02:35:06,287 [WARNING] Force stop detected. Exiting run loop.
2026-02-25 02:35:06,788 [INFO] Run completed safely.
2026-02-25 02:35:06,789 [INFO] System state: IDLE
2026-02-25 02:35:06,789 [INFO] Button states reset.
2026-02-25 02:35:06,790 [INFO] System reset. Waiting for next START.
2026-02-25 02:35:07,290 [INFO] Waiting for START button...
2026-02-25 02:35:07,291 [INFO] Waiting for START button...
2026-02-25 02:35:33,186 [WARNING] STOP button pressed but no script is running.
2026-02-25 02:35:35,847 [WARNING] STOP button pressed but no script is running.
2026-02-25 02:35:43,917 [INFO] START button pressed.
2026-02-25 02:35:43,918 [INFO] Start signal received.
2026-02-25 02:35:43,919 [INFO] System state: RUNNING
2026-02-25 02:35:43,919 [INFO] START pressed. Running main loop.
2026-02-25 02:35:43,920 [INFO] All systems operational.
2026-02-25 02:35:43,937 [INFO] Opening camera interface...
2026-02-25 02:35:47,340 [INFO] Image captured successfully.
2026-02-25 02:35:47,428 [INFO] Captured frame saved: /home/raspberrypi/cocoon_system/cocoon/../output/frame_20260225_023547.jpg
2026-02-25 02:35:47,429 [INFO] Running YOLO Inference on captured frame...
2026-02-25 02:35:49,339 [WARNING] FORCE STOP button pressed!
2026-02-25 02:35:50,100 [INFO] Inferred frame saved: /home/raspberrypi/cocoon_system/cocoon/../output/frame_inferred_20260225_023547.jpg
2026-02-25 02:35:50,101 [INFO] Grid mapping and classification complete.
2026-02-25 02:35:50,136 [INFO] Inference completed.
2026-02-25 02:35:50,136 [INFO] Starting cycle 1 / 12
2026-02-25 02:35:50,153 [WARNING] Force stop detected. Exiting run loop.
2026-02-25 02:35:50,654 [INFO] Run completed safely.
2026-02-25 02:35:50,659 [INFO] System state: IDLE
2026-02-25 02:35:50,659 [INFO] Button states reset.
2026-02-25 02:35:50,660 [INFO] System reset. Waiting for next START.
2026-02-25 02:35:51,161 [INFO] Waiting for START button...
2026-02-25 02:35:51,161 [INFO] Waiting for START button...
2026-02-25 02:36:00,561 [WARNING] Program terminated by user.
2026-02-25 02:36:00,562 [INFO] Button GPIO cleaned up.
2026-02-25 02:36:00,563 [INFO] GPIO cleaned up. Program exited safely.
2026-02-25 02:38:34,566 [INFO] Loading YOLO model from /home/raspberrypi/cocoon_system/cocoon/models/cocoon_model_v2.pt...
2026-02-25 02:38:34,896 [INFO] YOLO Model loaded successfully.
2026-02-25 02:38:34,898 [INFO] MotorSystem initialized (2 drivers, 4 motors).
2026-02-25 02:38:34,918 [INFO] Buttons initialized using polling (no edge detection).
2026-02-25 02:38:34,919 [INFO] System booting...
2026-02-25 02:38:34,920 [INFO] Waiting for START button...
2026-02-25 02:38:34,920 [INFO] Waiting for START button...
2026-02-25 02:38:37,174 [INFO] START button pressed.
2026-02-25 02:38:37,175 [INFO] Start signal received.
2026-02-25 02:38:37,176 [INFO] System state: RUNNING
2026-02-25 02:38:37,176 [INFO] START pressed. Running main loop.
2026-02-25 02:38:37,177 [INFO] All systems operational.
2026-02-25 02:38:37,198 [INFO] Opening camera interface...
2026-02-25 02:38:40,400 [INFO] Image captured successfully.
2026-02-25 02:38:40,491 [INFO] Captured frame saved: /home/raspberrypi/cocoon_system/cocoon/../output/frame_20260225_023840.jpg
2026-02-25 02:38:40,492 [INFO] Running YOLO Inference on captured frame...
2026-02-25 02:38:43,749 [INFO] Inferred frame saved: /home/raspberrypi/cocoon_system/cocoon/../output/frame_inferred_20260225_023840.jpg
2026-02-25 02:38:43,750 [INFO] Grid mapping and classification complete.
2026-02-25 02:38:43,784 [INFO] Inference completed.
2026-02-25 02:38:43,785 [INFO] Starting cycle 1 / 12
2026-02-25 02:38:43,802 [INFO] IRMotorController started (target_color=0)
2026-02-25 02:38:52,140 [INFO] IRMotorController finished safely.
2026-02-25 02:38:52,141 [INFO] Starting servo for cycle 1
2026-02-25 02:38:55,664 [INFO] Servo finished for cycle 1
2026-02-25 02:38:58,665 [INFO] Starting cycle 2 / 12
2026-02-25 02:38:58,683 [INFO] IRMotorController started (target_color=1)
2026-02-25 02:39:02,057 [INFO] IRMotorController finished safely.
2026-02-25 02:39:02,059 [INFO] Starting servo for cycle 2
2026-02-25 02:39:05,569 [INFO] Servo finished for cycle 2
2026-02-25 02:39:08,570 [INFO] Starting cycle 3 / 12
2026-02-25 02:39:08,592 [INFO] IRMotorController started (target_color=0)
2026-02-25 02:39:10,624 [INFO] IRMotorController finished safely.
2026-02-25 02:39:10,625 [INFO] Starting servo for cycle 3
2026-02-25 02:39:14,142 [INFO] Servo finished for cycle 3
2026-02-25 02:39:17,142 [INFO] Starting cycle 4 / 12
2026-02-25 02:39:17,161 [INFO] IRMotorController started (target_color=1)
2026-02-25 02:39:18,717 [INFO] IRMotorController finished safely.
2026-02-25 02:39:18,719 [INFO] Starting servo for cycle 4
2026-02-25 02:39:22,231 [INFO] Servo finished for cycle 4
2026-02-25 02:39:25,232 [INFO] Starting cycle 5 / 12
2026-02-25 02:39:25,247 [INFO] IRMotorController started (target_color=0)
2026-02-25 02:39:27,135 [INFO] IRMotorController finished safely.
2026-02-25 02:39:27,136 [INFO] Starting servo for cycle 5
2026-02-25 02:39:30,645 [INFO] Servo finished for cycle 5
2026-02-25 02:39:33,645 [INFO] Starting cycle 6 / 12
2026-02-25 02:39:33,660 [INFO] IRMotorController started (target_color=1)
2026-02-25 02:39:35,920 [INFO] IRMotorController finished safely.
2026-02-25 02:39:35,921 [INFO] Starting servo for cycle 6
2026-02-25 02:39:39,434 [INFO] Servo finished for cycle 6
2026-02-25 02:39:42,435 [INFO] Starting cycle 7 / 12
2026-02-25 02:39:42,452 [INFO] IRMotorController started (target_color=0)
2026-02-25 02:39:46,784 [INFO] IRMotorController finished safely.
2026-02-25 02:39:46,785 [INFO] Starting servo for cycle 7
2026-02-25 02:39:50,301 [INFO] Servo finished for cycle 7
2026-02-25 02:39:53,303 [INFO] Starting cycle 8 / 12
2026-02-25 02:39:53,319 [INFO] IRMotorController started (target_color=1)
2026-02-25 02:39:55,259 [INFO] IRMotorController finished safely.
2026-02-25 02:39:55,260 [INFO] Starting servo for cycle 8
2026-02-25 02:39:58,770 [INFO] Servo finished for cycle 8
2026-02-25 02:40:01,771 [INFO] Starting cycle 9 / 12
2026-02-25 02:40:01,789 [INFO] IRMotorController started (target_color=0)
2026-02-25 02:40:13,640 [INFO] IRMotorController finished safely.
2026-02-25 02:40:13,641 [INFO] Starting servo for cycle 9
2026-02-25 02:40:17,153 [INFO] Servo finished for cycle 9
2026-02-25 02:40:20,154 [INFO] Starting cycle 10 / 12
2026-02-25 02:40:20,171 [INFO] IRMotorController started (target_color=1)
2026-02-25 02:40:23,090 [INFO] IRMotorController finished safely.
2026-02-25 02:40:23,091 [INFO] Starting servo for cycle 10
2026-02-25 02:40:26,600 [INFO] Servo finished for cycle 10
2026-02-25 02:40:29,600 [INFO] Starting cycle 11 / 12
2026-02-25 02:40:29,615 [INFO] IRMotorController started (target_color=0)
2026-02-25 02:40:34,976 [INFO] IRMotorController finished safely.
2026-02-25 02:40:34,976 [INFO] Starting servo for cycle 11
2026-02-25 02:40:38,489 [INFO] Servo finished for cycle 11
2026-02-25 02:40:41,491 [INFO] Starting cycle 12 / 12
2026-02-25 02:40:41,505 [INFO] IRMotorController started (target_color=1)
2026-02-25 02:40:42,523 [INFO] IRMotorController finished safely.
2026-02-25 02:40:42,524 [INFO] Starting servo for cycle 12
2026-02-25 02:40:46,032 [INFO] Servo finished for cycle 12
2026-02-25 02:40:49,534 [INFO] Run completed safely.
2026-02-25 02:40:49,534 [INFO] System state: IDLE
2026-02-25 02:40:49,535 [INFO] Button states reset.
2026-02-25 02:40:49,535 [INFO] System reset. Waiting for next START.
2026-02-25 02:40:50,036 [INFO] Waiting for START button...
2026-02-25 02:40:50,036 [INFO] Waiting for START button...
2026-02-25 02:40:55,465 [WARNING] STOP button pressed but no script is running.
2026-02-25 02:42:53,399 [INFO] START button pressed.
2026-02-25 02:42:53,399 [INFO] Start signal received.
2026-02-25 02:42:53,400 [INFO] System state: RUNNING
2026-02-25 02:42:53,400 [INFO] START pressed. Running main loop.
2026-02-25 02:42:53,401 [INFO] All systems operational.
2026-02-25 02:42:53,417 [INFO] Opening camera interface...
2026-02-25 02:42:56,882 [INFO] Image captured successfully.
2026-02-25 02:42:56,972 [INFO] Captured frame saved: /home/raspberrypi/cocoon_system/cocoon/../output/frame_20260225_024256.jpg
2026-02-25 02:42:56,973 [INFO] Running YOLO Inference on captured frame...
2026-02-25 02:42:59,497 [INFO] Inferred frame saved: /home/raspberrypi/cocoon_system/cocoon/../output/frame_inferred_20260225_024256.jpg
2026-02-25 02:42:59,497 [INFO] Grid mapping and classification complete.
2026-02-25 02:42:59,533 [INFO] Inference completed.
2026-02-25 02:42:59,534 [INFO] Starting cycle 1 / 12
2026-02-25 02:42:59,552 [INFO] IRMotorController started (target_color=0)
2026-02-25 02:58:09,404 [WARNING] FORCE STOP button pressed!
2026-02-25 02:58:11,575 [INFO] System state: IDLE
2026-02-25 02:58:11,576 [INFO] Button states reset.
2026-02-25 02:58:11,577 [INFO] System reset. Waiting for next START.
2026-02-25 02:58:11,578 [WARNING] Program terminated by user.
2026-02-25 02:58:11,578 [INFO] Button GPIO cleaned up.
2026-02-25 02:58:11,579 [INFO] GPIO cleaned up. Program exited safely.
2026-02-25 03:02:07,085 [INFO] Loading YOLO model from /home/raspberrypi/cocoon_system/cocoon/models/cocoon_model_v2.pt...
2026-02-25 03:02:07,219 [INFO] YOLO Model loaded successfully.
2026-02-25 03:02:07,220 [INFO] MotorSystem initialized (2 drivers, 4 motors).
2026-02-25 03:02:07,233 [INFO] Buttons initialized using polling (no edge detection).
2026-02-25 03:02:07,233 [INFO] System booting...
2026-02-25 03:02:07,233 [INFO] Waiting for START button...
2026-02-25 03:02:07,234 [INFO] Waiting for START button...
2026-02-25 03:02:16,404 [INFO] START button pressed.
2026-02-25 03:02:16,405 [INFO] Start signal received.
2026-02-25 03:02:16,405 [INFO] System state: RUNNING
2026-02-25 03:02:16,406 [INFO] START pressed. Running main loop.
2026-02-25 03:02:16,406 [INFO] All systems operational.
2026-02-25 03:02:16,433 [INFO] Opening camera interface...
2026-02-25 03:02:19,771 [INFO] Image captured successfully.
2026-02-25 03:02:19,863 [INFO] Captured frame saved: /home/raspberrypi/cocoon_system/cocoon/../output/frame_20260225_030219.jpg
2026-02-25 03:02:19,864 [INFO] Running YOLO Inference on captured frame...
2026-02-25 03:02:22,364 [WARNING] YOLO detected 0 objects. Is the grid empty?
2026-02-25 03:02:22,402 [INFO] Inference completed.
2026-02-25 03:02:22,403 [INFO] Starting cycle 1 / 12
2026-02-25 03:02:22,421 [INFO] IRMotorController started (target_color=0)
2026-02-25 03:02:45,438 [WARNING] FORCE STOP button pressed!
2026-02-25 03:02:48,949 [WARNING] START button pressed but system already running (ignored).
2026-02-25 03:02:51,104 [WARNING] FORCE STOP button pressed!
2026-02-25 03:02:51,355 [WARNING] FORCE STOP button pressed!
2026-02-25 03:02:51,657 [WARNING] FORCE STOP button pressed!
2026-02-25 03:02:52,364 [WARNING] FORCE STOP button pressed!
2026-02-25 03:02:52,716 [WARNING] FORCE STOP button pressed!
2026-02-25 03:02:52,967 [WARNING] FORCE STOP button pressed!
2026-02-25 03:02:53,619 [WARNING] FORCE STOP button pressed!
2026-02-25 03:02:58,279 [WARNING] FORCE STOP button pressed!
2026-02-25 03:02:58,780 [WARNING] START button pressed but system already running (ignored).
2026-02-25 03:03:08,551 [INFO] IRMotorController finished safely.
2026-02-25 03:03:08,552 [INFO] Starting servo for cycle 1
2026-02-25 03:03:12,069 [INFO] Servo finished for cycle 1
2026-02-25 03:03:15,070 [INFO] Starting cycle 2 / 12
2026-02-25 03:03:15,084 [WARNING] Force stop detected. Exiting run loop.
2026-02-25 03:03:15,585 [INFO] Run completed safely.
2026-02-25 03:03:15,586 [INFO] System state: IDLE
2026-02-25 03:03:15,587 [INFO] Button states reset.
2026-02-25 03:03:15,587 [INFO] System reset. Waiting for next START.
2026-02-25 03:03:16,088 [INFO] Waiting for START button...
2026-02-25 03:03:16,088 [INFO] Waiting for START button...
2026-02-25 03:03:25,842 [WARNING] Program terminated by user.
2026-02-25 03:03:25,843 [INFO] Button GPIO cleaned up.
2026-02-25 03:03:25,844 [INFO] GPIO cleaned up. Program exited safely.
2026-02-25 03:10:15,354 [INFO] Loading YOLO model from /home/raspberrypi/cocoon_system/cocoon/models/cocoon_model_v2.pt...
2026-02-25 03:10:15,762 [INFO] YOLO Model loaded successfully.
2026-02-25 03:10:15,763 [INFO] MotorSystem initialized (2 drivers, 4 motors).
2026-02-25 03:10:15,777 [INFO] Buttons initialized using polling (no edge detection).
2026-02-25 03:10:15,777 [INFO] System booting...
2026-02-25 03:10:15,777 [INFO] Waiting for START button...
2026-02-25 03:10:15,778 [INFO] Waiting for START button...
2026-02-25 03:10:17,995 [WARNING] Program terminated by user.
2026-02-25 03:10:17,996 [INFO] Button GPIO cleaned up.
2026-02-25 03:10:17,997 [INFO] GPIO cleaned up. Program exited safely.
2026-02-25 03:10:42,473 [INFO] Loading YOLO model from /home/raspberrypi/cocoon_system/cocoon/models/cocoon_model_v2.pt...
2026-02-25 03:10:42,790 [INFO] YOLO Model loaded successfully.
2026-02-25 03:10:42,792 [INFO] MotorSystem initialized (2 drivers, 4 motors).
2026-02-25 03:10:42,812 [INFO] Buttons initialized using polling (no edge detection).
2026-02-25 03:10:42,812 [INFO] System booting...
2026-02-25 03:10:42,813 [INFO] Waiting for START button...
2026-02-25 03:10:42,814 [INFO] Waiting for START button...
2026-02-25 03:10:45,470 [INFO] START button pressed.
2026-02-25 03:10:45,471 [INFO] Start signal received.
2026-02-25 03:10:45,472 [INFO] System state: RUNNING
2026-02-25 03:10:45,472 [INFO] START pressed. Running main loop.
2026-02-25 03:10:45,473 [INFO] All systems operational.
2026-02-25 03:10:45,493 [INFO] Opening camera interface...
2026-02-25 03:10:48,696 [INFO] Image captured successfully.
2026-02-25 03:10:48,780 [INFO] Captured frame saved: /home/raspberrypi/cocoon_system/cocoon/../output/frame_20260225_031048.jpg
2026-02-25 03:10:48,781 [INFO] Running YOLO Inference on captured frame...
2026-02-25 03:10:51,430 [ERROR] Not enough detections to establish grid pattern (Found <12 items).
2026-02-25 03:10:51,466 [INFO] Inference completed.
2026-02-25 03:10:51,467 [INFO] Starting cycle 1 / 12
2026-02-25 03:10:51,485 [INFO] IRMotorController started (target_color=0)
2026-02-25 03:10:59,228 [INFO] IRMotorController finished safely.
2026-02-25 03:10:59,229 [INFO] Starting servo for cycle 1
2026-02-25 03:11:02,746 [INFO] Servo finished for cycle 1
2026-02-25 03:11:05,747 [INFO] Starting cycle 2 / 12
2026-02-25 03:11:05,767 [INFO] IRMotorController started (target_color=1)
2026-02-25 03:11:06,839 [WARNING] START button pressed but system already running (ignored).
2026-02-25 03:11:18,544 [INFO] IRMotorController finished safely.
2026-02-25 03:11:18,545 [INFO] Starting servo for cycle 2
2026-02-25 03:11:22,061 [INFO] Servo finished for cycle 2
2026-02-25 03:11:25,062 [INFO] Starting cycle 3 / 12
2026-02-25 03:11:25,084 [INFO] IRMotorController started (target_color=0)
2026-02-25 03:11:27,159 [INFO] System state: IDLE
2026-02-25 03:11:27,160 [INFO] Button states reset.
2026-02-25 03:11:27,161 [INFO] System reset. Waiting for next START.
2026-02-25 03:11:27,161 [WARNING] Program terminated by user.
2026-02-25 03:11:27,162 [INFO] Button GPIO cleaned up.
2026-02-25 03:11:27,163 [INFO] GPIO cleaned up. Program exited safely.
2026-02-25 03:11:54,649 [INFO] Loading YOLO model from /home/raspberrypi/cocoon_system/cocoon/models/cocoon_model_v2.pt...
2026-02-25 03:11:54,782 [INFO] YOLO Model loaded successfully.
2026-02-25 03:11:54,783 [INFO] MotorSystem initialized (2 drivers, 4 motors).
2026-02-25 03:11:54,796 [INFO] Buttons initialized using polling (no edge detection).
2026-02-25 03:11:54,796 [INFO] System booting...
2026-02-25 03:11:54,796 [INFO] Waiting for START button...
2026-02-25 03:11:54,796 [INFO] Waiting for START button...
2026-02-25 03:11:56,601 [INFO] START button pressed.
2026-02-25 03:11:56,602 [INFO] Start signal received.
2026-02-25 03:11:56,603 [INFO] System state: RUNNING
2026-02-25 03:11:56,604 [INFO] START pressed. Running main loop.
2026-02-25 03:11:56,605 [INFO] All systems operational.
2026-02-25 03:11:56,631 [INFO] Opening camera interface...
2026-02-25 03:12:00,034 [INFO] Image captured successfully.
2026-02-25 03:12:00,123 [INFO] Captured frame saved: /home/raspberrypi/cocoon_system/cocoon/../output/frame_20260225_031200.jpg
2026-02-25 03:12:00,124 [INFO] Running YOLO Inference on captured frame...
2026-02-25 03:12:03,381 [INFO] Inferred frame saved: /home/raspberrypi/cocoon_system/cocoon/../output/frame_inferred_20260225_031200.jpg
2026-02-25 03:12:03,382 [INFO] Grid mapping and classification complete.
2026-02-25 03:12:03,418 [INFO] Inference completed.
2026-02-25 03:12:03,419 [INFO] Starting cycle 1 / 12
2026-02-25 03:12:03,438 [INFO] IRMotorController started (target_color=0)
2026-02-25 03:12:19,039 [WARNING] FORCE STOP button pressed!
2026-02-25 03:12:19,190 [WARNING] FORCE STOP button pressed!
2026-02-25 03:12:19,502 [INFO] IRMotorController finished safely.
2026-02-25 03:12:19,503 [INFO] Starting servo for cycle 1
2026-02-25 03:12:19,641 [WARNING] FORCE STOP button pressed!
2026-02-25 03:12:19,793 [WARNING] FORCE STOP button pressed!
2026-02-25 03:12:20,195 [WARNING] FORCE STOP button pressed!
2026-02-25 03:12:21,198 [WARNING] FORCE STOP button pressed!
2026-02-25 03:12:21,550 [WARNING] FORCE STOP button pressed!
2026-02-25 03:12:21,852 [WARNING] FORCE STOP button pressed!
2026-02-25 03:12:23,019 [INFO] Servo finished for cycle 1
2026-02-25 03:12:24,359 [WARNING] FORCE STOP button pressed!
2026-02-25 03:12:24,510 [WARNING] FORCE STOP button pressed!
2026-02-25 03:12:24,812 [WARNING] FORCE STOP button pressed!
2026-02-25 03:12:25,364 [WARNING] FORCE STOP button pressed!
2026-02-25 03:12:26,021 [INFO] Starting cycle 2 / 12
2026-02-25 03:12:26,035 [WARNING] Force stop detected. Exiting run loop.
2026-02-25 03:12:26,066 [WARNING] FORCE STOP button pressed!
2026-02-25 03:12:26,536 [INFO] Run completed safely.
2026-02-25 03:12:26,537 [INFO] System state: IDLE
2026-02-25 03:12:26,537 [INFO] Button states reset.
2026-02-25 03:12:26,538 [INFO] System reset. Waiting for next START.
2026-02-25 03:12:27,038 [INFO] Waiting for START button...
2026-02-25 03:12:27,039 [INFO] Waiting for START button...
2026-02-25 03:16:18,135 [INFO] START button pressed.
2026-02-25 03:16:18,136 [INFO] Start signal received.
2026-02-25 03:16:18,136 [INFO] System state: RUNNING
2026-02-25 03:16:18,137 [INFO] START pressed. Running main loop.
2026-02-25 03:16:18,137 [INFO] All systems operational.
2026-02-25 03:16:18,154 [INFO] Opening camera interface...
2026-02-25 03:16:21,373 [INFO] Image captured successfully.
2026-02-25 03:16:21,465 [INFO] Captured frame saved: /home/raspberrypi/cocoon_system/cocoon/../output/frame_20260225_031621.jpg
2026-02-25 03:16:21,466 [INFO] Running YOLO Inference on captured frame...
2026-02-25 03:16:24,216 [INFO] Inferred frame saved: /home/raspberrypi/cocoon_system/cocoon/../output/frame_inferred_20260225_031621.jpg
2026-02-25 03:16:24,217 [INFO] Grid mapping and classification complete.
2026-02-25 03:16:24,254 [INFO] Inference completed.
2026-02-25 03:16:24,255 [INFO] Starting cycle 1 / 12
2026-02-25 03:16:24,275 [INFO] IRMotorController started (target_color=0)
2026-02-25 03:16:59,095 [WARNING] START button pressed but system already running (ignored).
2026-02-25 03:17:29,525 [INFO] System state: IDLE
2026-02-25 03:17:29,526 [INFO] Button states reset.
2026-02-25 03:17:29,526 [INFO] System reset. Waiting for next START.
2026-02-25 03:17:29,527 [WARNING] Program terminated by user.
2026-02-25 03:17:29,528 [INFO] Button GPIO cleaned up.
2026-02-25 03:17:29,528 [INFO] GPIO cleaned up. Program exited safely.
2026-02-25 03:18:01,563 [INFO] MotorSystem initialized (2 drivers, 4 motors).
2026-02-25 03:23:16,710 [INFO] Loading YOLO model from /home/raspberrypi/cocoon_system/cocoon/models/cocoon_model_v2.pt...
2026-02-25 03:23:17,040 [INFO] YOLO Model loaded successfully.
2026-02-25 03:23:17,042 [INFO] MotorSystem initialized (2 drivers, 4 motors).
2026-02-25 03:23:17,061 [INFO] Buttons initialized using polling (no edge detection).
2026-02-25 03:23:17,062 [INFO] System booting...
2026-02-25 03:23:17,063 [INFO] Waiting for START button...
2026-02-25 03:23:17,063 [INFO] Waiting for START button...
2026-02-25 03:23:20,269 [INFO] START button pressed.
2026-02-25 03:23:20,270 [INFO] Start signal received.
2026-02-25 03:23:20,271 [INFO] System state: RUNNING
2026-02-25 03:23:20,271 [INFO] START pressed. Running main loop.
2026-02-25 03:23:20,272 [INFO] All systems operational.
2026-02-25 03:23:20,292 [INFO] Opening camera interface...
2026-02-25 03:23:23,759 [INFO] Image captured successfully.
2026-02-25 03:23:23,849 [INFO] Captured frame saved: /home/raspberrypi/cocoon_system/cocoon/../output/frame_20260225_032323.jpg
2026-02-25 03:23:23,850 [INFO] Running YOLO Inference on captured frame...
2026-02-25 03:23:26,980 [INFO] Inferred frame saved: /home/raspberrypi/cocoon_system/cocoon/../output/frame_inferred_20260225_032323.jpg
2026-02-25 03:23:26,981 [INFO] Grid mapping and classification complete.
2026-02-25 03:23:27,015 [INFO] Inference completed.
2026-02-25 03:23:27,015 [INFO] Starting cycle 1 / 12
2026-02-25 03:23:27,032 [INFO] IRMotorController started (target_color=0)
2026-02-25 03:23:30,169 [INFO] IRMotorController finished safely.
2026-02-25 03:23:30,170 [INFO] Starting servo for cycle 1
2026-02-25 03:23:33,687 [INFO] Servo finished for cycle 1
2026-02-25 03:23:36,688 [INFO] Starting cycle 2 / 12
2026-02-25 03:23:36,703 [INFO] IRMotorController started (target_color=1)
2026-02-25 03:23:51,010 [INFO] IRMotorController finished safely.
2026-02-25 03:23:51,011 [INFO] Starting servo for cycle 2
2026-02-25 03:23:53,179 [INFO] System state: IDLE
2026-02-25 03:23:53,180 [INFO] Button states reset.
2026-02-25 03:23:53,181 [INFO] System reset. Waiting for next START.
2026-02-25 03:23:53,182 [WARNING] Program terminated by user.
2026-02-25 03:23:53,183 [INFO] Button GPIO cleaned up.
2026-02-25 03:23:53,184 [INFO] GPIO cleaned up. Program exited safely.
2026-02-25 03:24:33,049 [INFO] Loading YOLO model from /home/raspberrypi/cocoon_system/cocoon/models/cocoon_model_v2.pt...
2026-02-25 03:24:33,375 [INFO] YOLO Model loaded successfully.
2026-02-25 03:24:33,377 [INFO] MotorSystem initialized (2 drivers, 4 motors).
2026-02-25 03:24:33,397 [INFO] Buttons initialized using polling (no edge detection).
2026-02-25 03:24:33,397 [INFO] System booting...
2026-02-25 03:24:33,398 [INFO] Waiting for START button...
2026-02-25 03:24:33,398 [INFO] Waiting for START button...
2026-02-25 03:24:34,799 [INFO] START button pressed.
2026-02-25 03:24:34,800 [INFO] Start signal received.
2026-02-25 03:24:34,802 [INFO] System state: RUNNING
2026-02-25 03:24:34,802 [INFO] START pressed. Running main loop.
2026-02-25 03:24:34,803 [INFO] All systems operational.
2026-02-25 03:24:34,865 [INFO] Inference completed.
2026-02-25 03:24:34,866 [INFO] Starting cycle 1 / 12
2026-02-25 03:24:34,884 [INFO] IRMotorController started (target_color=0)
2026-02-25 03:24:35,239 [INFO] IRMotorController finished safely.
2026-02-25 03:24:35,240 [INFO] Starting servo for cycle 1
2026-02-25 03:24:38,754 [INFO] Servo finished for cycle 1
2026-02-25 03:24:41,755 [INFO] Starting cycle 2 / 12
2026-02-25 03:24:41,771 [INFO] IRMotorController started (target_color=1)
2026-02-25 03:24:42,286 [INFO] IRMotorController finished safely.
2026-02-25 03:24:42,287 [INFO] Starting servo for cycle 2
2026-02-25 03:24:45,797 [INFO] Servo finished for cycle 2
2026-02-25 03:24:48,798 [INFO] Starting cycle 3 / 12
2026-02-25 03:24:48,814 [INFO] IRMotorController started (target_color=0)
2026-02-25 03:24:49,069 [INFO] IRMotorController finished safely.
2026-02-25 03:24:49,069 [INFO] Starting servo for cycle 3
2026-02-25 03:24:52,589 [INFO] Servo finished for cycle 3
2026-02-25 03:24:55,590 [INFO] Starting cycle 4 / 12
2026-02-25 03:24:55,615 [INFO] IRMotorController started (target_color=1)
2026-02-25 03:24:56,011 [INFO] IRMotorController finished safely.
2026-02-25 03:24:56,012 [INFO] Starting servo for cycle 4
2026-02-25 03:24:59,516 [INFO] Servo finished for cycle 4
2026-02-25 03:25:02,516 [INFO] Starting cycle 5 / 12
2026-02-25 03:25:02,534 [INFO] IRMotorController started (target_color=0)
2026-02-25 03:25:08,223 [INFO] IRMotorController finished safely.
2026-02-25 03:25:08,223 [INFO] Starting servo for cycle 5
2026-02-25 03:25:11,733 [INFO] Servo finished for cycle 5
2026-02-25 03:25:14,734 [INFO] Starting cycle 6 / 12
2026-02-25 03:25:14,751 [INFO] IRMotorController started (target_color=1)
2026-02-25 03:25:23,652 [INFO] IRMotorController finished safely.
2026-02-25 03:25:23,653 [INFO] Starting servo for cycle 6
2026-02-25 03:25:24,431 [WARNING] FORCE STOP button pressed!
2026-02-25 03:25:24,582 [WARNING] FORCE STOP button pressed!
2026-02-25 03:25:24,783 [WARNING] FORCE STOP button pressed!
2026-02-25 03:25:24,934 [WARNING] FORCE STOP button pressed!
2026-02-25 03:25:25,135 [WARNING] FORCE STOP button pressed!
2026-02-25 03:25:25,287 [WARNING] FORCE STOP button pressed!
2026-02-25 03:25:25,488 [WARNING] FORCE STOP button pressed!
2026-02-25 03:25:25,639 [WARNING] FORCE STOP button pressed!
2026-02-25 03:25:26,242 [WARNING] FORCE STOP button pressed!
2026-02-25 03:25:26,493 [WARNING] FORCE STOP button pressed!
2026-02-25 03:25:26,644 [WARNING] FORCE STOP button pressed!
2026-02-25 03:25:26,796 [WARNING] FORCE STOP button pressed!
2026-02-25 03:25:26,997 [WARNING] FORCE STOP button pressed!
2026-02-25 03:25:27,168 [INFO] Servo finished for cycle 6
2026-02-25 03:25:27,299 [WARNING] FORCE STOP button pressed!
2026-02-25 03:25:28,001 [WARNING] FORCE STOP button pressed!
2026-02-25 03:25:30,169 [INFO] Starting cycle 7 / 12
2026-02-25 03:25:30,184 [WARNING] Force stop detected. Exiting run loop.
2026-02-25 03:25:30,685 [INFO] Run completed safely.
2026-02-25 03:25:30,686 [INFO] System state: IDLE
2026-02-25 03:25:30,687 [INFO] Button states reset.
2026-02-25 03:25:30,687 [INFO] System reset. Waiting for next START.
2026-02-25 03:25:31,188 [INFO] Waiting for START button...
2026-02-25 03:25:31,189 [INFO] Waiting for START button...
2026-02-25 03:27:09,932 [INFO] START button pressed.
2026-02-25 03:27:09,932 [INFO] Start signal received.
2026-02-25 03:27:09,933 [INFO] System state: RUNNING
2026-02-25 03:27:09,933 [INFO] START pressed. Running main loop.
2026-02-25 03:27:09,934 [INFO] All systems operational.
2026-02-25 03:27:09,986 [INFO] Inference completed.
2026-02-25 03:27:09,987 [INFO] Starting cycle 1 / 12
2026-02-25 03:27:10,003 [INFO] IRMotorController started (target_color=0)
2026-02-25 03:27:20,205 [WARNING] FORCE STOP button pressed!
2026-02-25 03:27:20,456 [WARNING] FORCE STOP button pressed!
2026-02-25 03:27:20,600 [INFO] IRMotorController finished safely.
2026-02-25 03:27:20,601 [INFO] Starting servo for cycle 1
2026-02-25 03:27:20,808 [WARNING] FORCE STOP button pressed!
2026-02-25 03:27:20,959 [WARNING] FORCE STOP button pressed!
2026-02-25 03:27:21,161 [WARNING] FORCE STOP button pressed!
2026-02-25 03:27:21,412 [WARNING] FORCE STOP button pressed!
2026-02-25 03:27:21,664 [WARNING] FORCE STOP button pressed!
2026-02-25 03:27:21,915 [WARNING] FORCE STOP button pressed!
2026-02-25 03:27:22,117 [WARNING] FORCE STOP button pressed!
2026-02-25 03:27:22,418 [WARNING] FORCE STOP button pressed!
2026-02-25 03:27:22,620 [WARNING] FORCE STOP button pressed!
2026-02-25 03:27:22,771 [WARNING] FORCE STOP button pressed!
2026-02-25 03:27:22,922 [WARNING] FORCE STOP button pressed!
2026-02-25 03:27:23,073 [WARNING] FORCE STOP button pressed!
2026-02-25 03:27:23,224 [WARNING] FORCE STOP button pressed!
2026-02-25 03:27:23,426 [WARNING] FORCE STOP button pressed!
2026-02-25 03:27:23,627 [WARNING] FORCE STOP button pressed!
2026-02-25 03:27:23,829 [WARNING] FORCE STOP button pressed!
2026-02-25 03:27:24,030 [WARNING] FORCE STOP button pressed!
2026-02-25 03:27:24,109 [INFO] Servo finished for cycle 1
2026-02-25 03:27:24,231 [WARNING] FORCE STOP button pressed!
2026-02-25 03:27:24,382 [WARNING] FORCE STOP button pressed!
2026-02-25 03:27:24,583 [WARNING] FORCE STOP button pressed!
2026-02-25 03:27:24,885 [WARNING] FORCE STOP button pressed!
2026-02-25 03:27:25,337 [WARNING] FORCE STOP button pressed!
2026-02-25 03:27:25,538 [WARNING] FORCE STOP button pressed!
2026-02-25 03:27:25,689 [WARNING] FORCE STOP button pressed!
2026-02-25 03:27:25,891 [WARNING] FORCE STOP button pressed!
2026-02-25 03:27:26,042 [WARNING] FORCE STOP button pressed!
2026-02-25 03:27:26,395 [WARNING] FORCE STOP button pressed!
2026-02-25 03:27:26,646 [WARNING] FORCE STOP button pressed!
2026-02-25 03:27:26,948 [WARNING] FORCE STOP button pressed!
2026-02-25 03:27:27,110 [INFO] Starting cycle 2 / 12
2026-02-25 03:27:27,125 [WARNING] Force stop detected. Exiting run loop.
2026-02-25 03:27:27,299 [WARNING] FORCE STOP button pressed!
2026-02-25 03:27:27,501 [WARNING] FORCE STOP button pressed!
2026-02-25 03:27:27,626 [INFO] Run completed safely.
2026-02-25 03:27:27,627 [INFO] System state: IDLE
2026-02-25 03:27:27,628 [INFO] Button states reset.
2026-02-25 03:27:27,628 [INFO] System reset. Waiting for next START.
2026-02-25 03:27:27,652 [WARNING] STOP button pressed but no script is running.
2026-02-25 03:27:28,128 [INFO] Waiting for START button...
2026-02-25 03:27:28,129 [INFO] Waiting for START button...
2026-02-25 03:28:20,515 [INFO] START button pressed.
2026-02-25 03:28:20,515 [INFO] Start signal received.
2026-02-25 03:28:20,516 [INFO] System state: RUNNING
2026-02-25 03:28:20,517 [INFO] START pressed. Running main loop.
2026-02-25 03:28:20,517 [INFO] All systems operational.
2026-02-25 03:28:20,565 [INFO] Inference completed.
2026-02-25 03:28:20,565 [INFO] Starting cycle 1 / 12
2026-02-25 03:28:20,581 [INFO] IRMotorController started (target_color=0)
2026-02-25 03:28:30,984 [WARNING] FORCE STOP button pressed!
2026-02-25 03:28:31,536 [WARNING] FORCE STOP button pressed!
2026-02-25 03:28:31,937 [WARNING] FORCE STOP button pressed!
2026-02-25 03:28:32,390 [WARNING] FORCE STOP button pressed!
2026-02-25 03:28:34,743 [INFO] IRMotorController finished safely.
2026-02-25 03:28:34,745 [INFO] Starting servo for cycle 1
2026-02-25 03:28:35,046 [WARNING] FORCE STOP button pressed!
2026-02-25 03:28:35,548 [WARNING] FORCE STOP button pressed!
2026-02-25 03:28:36,401 [WARNING] FORCE STOP button pressed!
2026-02-25 03:28:36,853 [WARNING] FORCE STOP button pressed!
2026-02-25 03:28:38,058 [WARNING] FORCE STOP button pressed!
2026-02-25 03:28:38,256 [INFO] Servo finished for cycle 1
2026-02-25 03:28:38,460 [WARNING] FORCE STOP button pressed!
2026-02-25 03:28:38,862 [WARNING] FORCE STOP button pressed!
2026-02-25 03:28:40,067 [WARNING] FORCE STOP button pressed!
2026-02-25 03:28:40,468 [WARNING] FORCE STOP button pressed!
2026-02-25 03:28:40,870 [WARNING] FORCE STOP button pressed!
2026-02-25 03:28:41,257 [INFO] Starting cycle 2 / 12
2026-02-25 03:28:41,275 [WARNING] Force stop detected. Exiting run loop.
2026-02-25 03:28:41,374 [WARNING] FORCE STOP button pressed!
2026-02-25 03:28:41,525 [WARNING] FORCE STOP button pressed!
2026-02-25 03:28:41,677 [WARNING] FORCE STOP button pressed!
2026-02-25 03:28:41,777 [INFO] Run completed safely.
2026-02-25 03:28:41,778 [INFO] System state: IDLE
2026-02-25 03:28:41,778 [INFO] Button states reset.
2026-02-25 03:28:41,779 [INFO] System reset. Waiting for next START.
2026-02-25 03:28:42,280 [INFO] Waiting for START button...
2026-02-25 03:28:42,281 [INFO] Waiting for START button...
2026-02-25 03:28:45,990 [INFO] START button pressed.
2026-02-25 03:28:45,990 [INFO] Start signal received.
2026-02-25 03:28:45,991 [INFO] System state: RUNNING
2026-02-25 03:28:45,992 [INFO] START pressed. Running main loop.
2026-02-25 03:28:45,993 [INFO] All systems operational.
2026-02-25 03:28:46,040 [INFO] Inference completed.
2026-02-25 03:28:46,041 [INFO] Starting cycle 1 / 12
2026-02-25 03:28:46,056 [INFO] IRMotorController started (target_color=0)
2026-02-25 03:29:00,119 [WARNING] FORCE STOP button pressed!
2026-02-25 03:29:00,293 [INFO] IRMotorController finished safely.
2026-02-25 03:29:00,294 [INFO] Starting servo for cycle 1
2026-02-25 03:29:03,801 [INFO] Servo finished for cycle 1
2026-02-25 03:29:03,879 [WARNING] FORCE STOP button pressed!
2026-02-25 03:29:04,231 [WARNING] FORCE STOP button pressed!
2026-02-25 03:29:05,234 [WARNING] FORCE STOP button pressed!
2026-02-25 03:29:05,436 [WARNING] FORCE STOP button pressed!
2026-02-25 03:29:05,687 [WARNING] FORCE STOP button pressed!
2026-02-25 03:29:06,290 [WARNING] FORCE STOP button pressed!
2026-02-25 03:29:06,441 [WARNING] FORCE STOP button pressed!
2026-02-25 03:29:06,642 [WARNING] FORCE STOP button pressed!
2026-02-25 03:29:06,802 [INFO] Starting cycle 2 / 12
2026-02-25 03:29:06,816 [WARNING] Force stop detected. Exiting run loop.
2026-02-25 03:29:06,843 [WARNING] FORCE STOP button pressed!
2026-02-25 03:29:06,994 [WARNING] FORCE STOP button pressed!
2026-02-25 03:29:07,145 [WARNING] FORCE STOP button pressed!
2026-02-25 03:29:07,296 [WARNING] FORCE STOP button pressed!
2026-02-25 03:29:07,316 [INFO] Run completed safely.
2026-02-25 03:29:07,317 [INFO] System state: IDLE
2026-02-25 03:29:07,317 [INFO] Button states reset.
2026-02-25 03:29:07,318 [INFO] System reset. Waiting for next START.
2026-02-25 03:29:07,447 [WARNING] STOP button pressed but no script is running.
2026-02-25 03:29:07,818 [INFO] Waiting for START button...
2026-02-25 03:29:07,819 [INFO] Waiting for START button...
2026-02-25 03:29:15,328 [WARNING] Program terminated by user.
2026-02-25 03:29:15,329 [INFO] Button GPIO cleaned up.
2026-02-25 03:29:15,330 [INFO] GPIO cleaned up. Program exited safely.
2026-02-25 03:29:41,856 [INFO] Loading YOLO model from /home/raspberrypi/cocoon_system/cocoon/models/cocoon_model_v2.pt...
2026-02-25 03:29:42,184 [INFO] YOLO Model loaded successfully.
2026-02-25 03:29:42,186 [INFO] MotorSystem initialized (2 drivers, 4 motors).
2026-02-25 03:29:42,205 [INFO] Buttons initialized using polling (no edge detection).
2026-02-25 03:29:42,206 [INFO] System booting...
2026-02-25 03:29:42,207 [INFO] Waiting for START button...
2026-02-25 03:29:42,207 [INFO] Waiting for START button...
2026-02-25 03:29:48,073 [INFO] START button pressed.
2026-02-25 03:29:48,073 [INFO] Start signal received.
2026-02-25 03:29:48,074 [INFO] System state: RUNNING
2026-02-25 03:29:48,075 [INFO] START pressed. Running main loop.
2026-02-25 03:29:48,075 [INFO] All systems operational.
2026-02-25 03:29:48,131 [INFO] Inference completed.
2026-02-25 03:29:48,131 [INFO] Starting cycle 1 / 12
2026-02-25 03:29:48,150 [INFO] IRMotorController started (target_color=0)
2026-02-25 03:29:49,067 [INFO] IRMotorController finished safely.
2026-02-25 03:29:49,067 [INFO] Starting servo for cycle 1
2026-02-25 03:29:52,585 [INFO] Servo finished for cycle 1
2026-02-25 03:29:55,586 [INFO] Starting cycle 2 / 12
2026-02-25 03:29:55,605 [INFO] IRMotorController started (target_color=1)
2026-02-25 03:29:56,092 [INFO] IRMotorController finished safely.
2026-02-25 03:29:56,093 [INFO] Starting servo for cycle 2
2026-02-25 03:29:59,601 [INFO] Servo finished for cycle 2
2026-02-25 03:30:02,602 [INFO] Starting cycle 3 / 12
2026-02-25 03:30:02,618 [INFO] IRMotorController started (target_color=0)
2026-02-25 03:30:13,282 [INFO] IRMotorController finished safely.
2026-02-25 03:30:13,283 [INFO] Starting servo for cycle 3
2026-02-25 03:30:16,801 [INFO] Servo finished for cycle 3
2026-02-25 03:30:19,802 [INFO] Starting cycle 4 / 12
2026-02-25 03:30:19,813 [INFO] IRMotorController started (target_color=1)
2026-02-25 03:30:24,081 [INFO] IRMotorController finished safely.
2026-02-25 03:30:24,082 [INFO] Starting servo for cycle 4
2026-02-25 03:30:24,568 [WARNING] FORCE STOP button pressed!
2026-02-25 03:30:27,601 [INFO] Servo finished for cycle 4
2026-02-25 03:30:30,602 [INFO] Starting cycle 5 / 12
2026-02-25 03:30:30,619 [WARNING] Force stop detected. Exiting run loop.
2026-02-25 03:30:31,120 [INFO] Run completed safely.
2026-02-25 03:30:31,121 [INFO] System state: IDLE
2026-02-25 03:30:31,122 [INFO] Button states reset.
2026-02-25 03:30:31,122 [INFO] System reset. Waiting for next START.
2026-02-25 03:30:31,623 [INFO] Waiting for START button...
2026-02-25 03:30:31,623 [INFO] Waiting for START button...
2026-02-25 03:31:23,051 [INFO] START button pressed.
2026-02-25 03:31:23,051 [INFO] Start signal received.
2026-02-25 03:31:23,052 [INFO] System state: RUNNING
2026-02-25 03:31:23,053 [INFO] START pressed. Running main loop.
2026-02-25 03:31:23,053 [INFO] All systems operational.
2026-02-25 03:31:23,099 [INFO] Inference completed.
2026-02-25 03:31:23,100 [INFO] Starting cycle 1 / 12
2026-02-25 03:31:23,117 [INFO] IRMotorController started (target_color=0)
2026-02-25 03:31:33,065 [INFO] IRMotorController finished safely.
2026-02-25 03:31:33,066 [INFO] Starting servo for cycle 1
2026-02-25 03:31:36,580 [INFO] Servo finished for cycle 1
2026-02-25 03:31:39,581 [INFO] Starting cycle 2 / 12
2026-02-25 03:31:39,589 [INFO] IRMotorController started (target_color=1)
2026-02-25 03:31:41,518 [INFO] IRMotorController finished safely.
2026-02-25 03:31:41,519 [INFO] Starting servo for cycle 2
2026-02-25 03:31:45,029 [INFO] Servo finished for cycle 2
2026-02-25 03:31:48,030 [INFO] Starting cycle 3 / 12
2026-02-25 03:31:48,047 [INFO] IRMotorController started (target_color=0)
2026-02-25 03:31:50,615 [INFO] IRMotorController finished safely.
2026-02-25 03:31:50,617 [INFO] Starting servo for cycle 3
2026-02-25 03:31:54,133 [INFO] Servo finished for cycle 3
2026-02-25 03:31:57,134 [INFO] Starting cycle 4 / 12
2026-02-25 03:31:57,151 [INFO] IRMotorController started (target_color=1)
2026-02-25 03:31:58,555 [INFO] IRMotorController finished safely.
2026-02-25 03:31:58,556 [INFO] Starting servo for cycle 4
2026-02-25 03:31:59,632 [WARNING] FORCE STOP button pressed!
2026-02-25 03:31:59,783 [WARNING] FORCE STOP button pressed!
2026-02-25 03:32:00,034 [WARNING] FORCE STOP button pressed!
2026-02-25 03:32:00,586 [WARNING] FORCE STOP button pressed!
2026-02-25 03:32:00,738 [WARNING] FORCE STOP button pressed!
2026-02-25 03:32:00,940 [WARNING] FORCE STOP button pressed!
2026-02-25 03:32:01,141 [WARNING] FORCE STOP button pressed!
2026-02-25 03:32:01,343 [WARNING] FORCE STOP button pressed!
2026-02-25 03:32:01,494 [WARNING] FORCE STOP button pressed!
2026-02-25 03:32:01,845 [WARNING] FORCE STOP button pressed!
2026-02-25 03:32:02,071 [INFO] Servo finished for cycle 4
2026-02-25 03:32:02,146 [WARNING] FORCE STOP button pressed!
2026-02-25 03:32:02,348 [WARNING] FORCE STOP button pressed!
2026-02-25 03:32:02,549 [WARNING] FORCE STOP button pressed!
2026-02-25 03:32:02,750 [WARNING] FORCE STOP button pressed!
2026-02-25 03:32:03,102 [WARNING] FORCE STOP button pressed!
2026-02-25 03:32:03,304 [WARNING] FORCE STOP button pressed!
2026-02-25 03:32:03,505 [WARNING] FORCE STOP button pressed!
2026-02-25 03:32:04,107 [WARNING] FORCE STOP button pressed!
2026-02-25 03:32:04,559 [WARNING] START button pressed but system already running (ignored).
2026-02-25 03:32:04,810 [WARNING] FORCE STOP button pressed!
2026-02-25 03:32:05,011 [WARNING] FORCE STOP button pressed!
2026-02-25 03:32:05,072 [INFO] Starting cycle 5 / 12
2026-02-25 03:32:05,088 [WARNING] Force stop detected. Exiting run loop.
2026-02-25 03:32:05,162 [WARNING] FORCE STOP button pressed!
2026-02-25 03:32:05,263 [WARNING] FORCE STOP button pressed!
2026-02-25 03:32:05,464 [WARNING] FORCE STOP button pressed!
2026-02-25 03:32:05,589 [INFO] Run completed safely.
2026-02-25 03:32:05,589 [INFO] System state: IDLE
2026-02-25 03:32:05,590 [INFO] Button states reset.
2026-02-25 03:32:05,590 [INFO] System reset. Waiting for next START.
2026-02-25 03:32:05,665 [WARNING] STOP button pressed but no script is running.
2026-02-25 03:32:06,091 [INFO] Waiting for START button...
2026-02-25 03:32:06,092 [INFO] Waiting for START button...
2026-02-25 03:36:56,574 [WARNING] Program terminated by user.
2026-02-25 03:36:56,576 [INFO] Button GPIO cleaned up.
2026-02-25 03:36:56,577 [INFO] GPIO cleaned up. Program exited safely.
